filename,class,path
BPI_4_1343_LM1.JPG,Neotragini raw,Neotragini raw/images/Extant/Neotragini/Pelea/LM1/BPI_4_1343_LM1.JPG
BPI_4_1343_LM2.JPG,Neotragini raw,Neotragini raw/images/Extant/Neotragini/Pelea/capreolus/LM2/BPI_4_1343_LM2.JPG
BPI_4_1343_LM3.JPG,Neotragini raw,Neotragini raw/images/Extant/Neotragini/Pelea/LM3/BPI_4_1343_LM3.JPG
BPI_4_1343_UM1.JPG,Neotragini raw,Neotragini raw/images/Extant/Neotragini/Pelea/UM1/BPI_4_1343_UM1.JPG
BPI_4_1343_UM2.JPG,Neotragini raw,Neotragini raw/images/Extant/Neotragini/Pelea/UM2/BPI_4_1343_UM2.JPG
BPI_4_1343_UM3.JPG,Neotragini raw,Neotragini raw/images/Extant/Neotragini/Pelea/UM3/BPI_4_1343_UM3.JPG
BPI_C_72_LM1.JPG,Neotragini raw,Neotragini raw/images/Extant/Neotragini/Pelea/capreolus/LM1/BPI_C_72_LM1.JPG
BPI_C_72_LM2.JPG,Neotragini raw,Neotragini raw/images/Extant/Neotragini/Pelea/capreolus/LM2/BPI_C_72_LM2.JPG
BPI_C_72_LM3.JPG,Neotragini raw,Neotragini raw/images/Extant/Neotragini/Pelea/capreolus/LM3/BPI_C_72_LM3.JPG
BPI_C_72_UM1.JPG,Neotragini raw,Neotragini raw/images/Extant/Neotragini/Pelea/capreolus/UM1/BPI_C_72_UM1.JPG
BPI_C_72_UM2.JPG,Neotragini raw,Neotragini raw/images/Extant/Neotragini/Pelea/capreolus/UM2/BPI_C_72_UM2.JPG
BPI_C_72_UM3.JPG,Neotragini raw,Neotragini raw/images/Extant/Neotragini/Pelea/capreolus/UM3/BPI_C_72_UM3.JPG
BP_4_896_LM1.JPG,Neotragini raw,Neotragini raw/images/Extant/Neotragini/Pelea/capreolus/LM1/BP_4_896_LM1.JPG
BP_4_896_LM2.JPG,Neotragini raw,Neotragini raw/images/Extant/Neotragini/Pelea/capreolus/LM2/BP_4_896_LM2.JPG
BP_4_896_RM3.JPG,Neotragini raw,Neotragini raw/images/Extant/Neotragini/Pelea/capreolus/LM3/BP_4_896_RM3.JPG
BP_4_896_UM1.JPG,Neotragini raw,Neotragini raw/images/Extant/Neotragini/Pelea/capreolus/UM1/BP_4_896_UM1.JPG
BP_4_896_UM2.JPG,Neotragini raw,Neotragini raw/images/Extant/Neotragini/Pelea/capreolus/UM2/BP_4_896_UM2.JPG
BP_4_896_UM3.JPG,Neotragini raw,Neotragini raw/images/Extant/Neotragini/Pelea/capreolus/UM3/BP_4_896_UM3.JPG
DSCN2518.JPG,Alcelaphini raw,Alcelaphini raw/images/Extant/Alcelaphini/Connochaetes/gnou/UM3/DSCN2518.JPG
DSCN2519.JPG,Alcelaphini raw,Alcelaphini raw/images/Extant/Alcelaphini/Connochaetes/gnou/UM2/DSCN2519.JPG
DSCN2520.JPG,Alcelaphini raw,Alcelaphini raw/images/Extant/Alcelaphini/Connochaetes/gnou/UM1/DSCN2520.JPG
DSCN2526.JPG,Alcelaphini raw,Alcelaphini raw/images/Extant/Alcelaphini/Connochaetes/gnou/UM3/DSCN2526.JPG
DSCN2528.JPG,Alcelaphini raw,Alcelaphini raw/images/Extant/Alcelaphini/Connochaetes/gnou/UM2/DSCN2528.JPG
DSCN2529.JPG,Alcelaphini raw,Alcelaphini raw/images/Extant/Alcelaphini/Connochaetes/gnou/UM1/DSCN2529.JPG
DSCN2533.JPG,Alcelaphini raw,Alcelaphini raw/images/Extant/Alcelaphini/Connochaetes/gnou/UM3/DSCN2533.JPG
DSCN2534.JPG,Alcelaphini raw,Alcelaphini raw/images/Extant/Alcelaphini/Connochaetes/gnou/UM2/DSCN2534.JPG
DSCN2538.JPG,Alcelaphini raw,Alcelaphini raw/images/Extant/Alcelaphini/Damaliscus/gnou/UM1/DSCN2538.JPG
DSCN2540.JPG,Alcelaphini raw,Alcelaphini raw/images/Extant/Alcelaphini/Connochaetes/gnou/UM3/DSCN2540.JPG
DSCN2541.JPG,Alcelaphini raw,Alcelaphini raw/images/Extant/Alcelaphini/Connochaetes/gnou/UM2/DSCN2541.JPG
DSCN2542.JPG,Alcelaphini raw,Alcelaphini raw/images/Extant/Alcelaphini/Connochaetes/gnou/UM1/DSCN2542.JPG
DSCN2547.JPG,Alcelaphini raw,Alcelaphini raw/images/Extant/Alcelaphini/Connochaetes/gnou/UM3/DSCN2547.JPG
DSCN2548.JPG,Alcelaphini raw,Alcelaphini raw/images/Extant/Alcelaphini/Connochaetes/gnou/UM2/DSCN2548.JPG
DSCN2549.JPG,Alcelaphini raw,Alcelaphini raw/images/Extant/Alcelaphini/Connochaetes/gnou/UM1/DSCN2549.JPG
DSCN2551.JPG,Alcelaphini raw,Alcelaphini raw/images/Extant/Alcelaphini/Connochaetes/gnou/UM3/DSCN2551.JPG
DSCN2552.JPG,Alcelaphini raw,Alcelaphini raw/images/Extant/Alcelaphini/Connochaetes/gnou/UM2/DSCN2552.JPG
DSCN2553.JPG,Alcelaphini raw,Alcelaphini raw/images/Extant/Alcelaphini/Connochaetes/gnou/UM1/DSCN2553.JPG
DSCN2559.JPG,Alcelaphini raw,Alcelaphini raw/images/Extant/Alcelaphini/Connochaetes/gnou/UM3/DSCN2559.JPG
DSCN2560.JPG,Alcelaphini raw,Alcelaphini raw/images/Extant/Alcelaphini/Connochaetes/gnou/UM2/DSCN2560.JPG
DSCN2561.JPG,Alcelaphini raw,Alcelaphini raw/images/Extant/Alcelaphini/Connochaetes/gnou/UM1/DSCN2561.JPG
DSCN2562.JPG,Alcelaphini raw,Alcelaphini raw/images/Extant/Alcelaphini/Connochaetes/gnou/UM3/DSCN2562.JPG
DSCN2563.JPG,Alcelaphini raw,Alcelaphini raw/images/Extant/Alcelaphini/Connochaetes/gnou/UM2/DSCN2563.JPG
DSCN2564.JPG,Alcelaphini raw,Alcelaphini raw/images/Extant/Alcelaphini/Connochaetes/gnou/UM1/DSCN2564.JPG
DSCN2567.JPG,Alcelaphini raw,Alcelaphini raw/images/Extant/Alcelaphini/Connochaetes/gnou/UM3/DSCN2567.JPG
DSCN2568.JPG,Alcelaphini raw,Alcelaphini raw/images/Extant/Alcelaphini/Connochaetes/gnou/UM2/DSCN2568.JPG
DSCN2569.JPG,Alcelaphini raw,Alcelaphini raw/images/Extant/Alcelaphini/Connochaetes/gnou/UM1/DSCN2569.JPG
DSCN2572.JPG,Alcelaphini raw,Alcelaphini raw/images/Extant/Alcelaphini/Connochaetes/gnou/UM3/DSCN2572.JPG
DSCN2573.JPG,Alcelaphini raw,Alcelaphini raw/images/Extant/Alcelaphini/Connochaetes/gnou/UM2/DSCN2573.JPG
DSCN2574.JPG,Alcelaphini raw,Alcelaphini raw/images/Extant/Alcelaphini/Connochaetes/gnou/UM1/DSCN2574.JPG
DSCN2576.JPG,Alcelaphini raw,Alcelaphini raw/images/Extant/Alcelaphini/Connochaetes/gnou/UM3/DSCN2576.JPG
DSCN2577.JPG,Alcelaphini raw,Alcelaphini raw/images/Extant/Alcelaphini/Connochaetes/gnou/UM2/DSCN2577.JPG
DSCN2578.JPG,Alcelaphini raw,Alcelaphini raw/images/Extant/Alcelaphini/Connochaetes/gnou/UM1/DSCN2578.JPG
DSCN2581.JPG,Alcelaphini raw,Alcelaphini raw/images/Extant/Alcelaphini/Connochaetes/gnou/UM3/DSCN2581.JPG
DSCN2582.JPG,Alcelaphini raw,Alcelaphini raw/images/Extant/Alcelaphini/Connochaetes/gnou/UM2/DSCN2582.JPG
DSCN2583.JPG,Alcelaphini raw,Alcelaphini raw/images/Extant/Alcelaphini/Connochaetes/gnou/UM1/DSCN2583.JPG
DSCN2585.JPG,Alcelaphini raw,Alcelaphini raw/images/Extant/Alcelaphini/Connochaetes/gnou/UM3/DSCN2585.JPG
DSCN2586.JPG,Alcelaphini raw,Alcelaphini raw/images/Extant/Alcelaphini/Connochaetes/gnou/UM2/DSCN2586.JPG
DSCN2587.JPG,Alcelaphini raw,Alcelaphini raw/images/Extant/Alcelaphini/Connochaetes/gnou/UM1/DSCN2587.JPG
DSCN2590.JPG,Alcelaphini raw,Alcelaphini raw/images/Extant/Alcelaphini/Connochaetes/gnou/UM3/DSCN2590.JPG
DSCN2591.JPG,Alcelaphini raw,Alcelaphini raw/images/Extant/Alcelaphini/Connochaetes/gnou/UM2/DSCN2591.JPG
DSCN2592.JPG,Alcelaphini raw,Alcelaphini raw/images/Extant/Alcelaphini/Connochaetes/gnou/UM1/DSCN2592.JPG
DSCN2597.JPG,Alcelaphini raw,Alcelaphini raw/images/Extant/Alcelaphini/Connochaetes/gnou/UM3/DSCN2597.JPG
DSCN2598.JPG,Alcelaphini raw,Alcelaphini raw/images/Extant/Alcelaphini/Connochaetes/gnou/UM2/DSCN2598.JPG
DSCN2599.JPG,Alcelaphini raw,Alcelaphini raw/images/Extant/Alcelaphini/Connochaetes/gnou/UM1/DSCN2599.JPG
DSCN2601.JPG,Alcelaphini raw,Alcelaphini raw/images/Extant/Alcelaphini/Connochaetes/gnou/UM3/DSCN2601.JPG
DSCN2602.JPG,Alcelaphini raw,Alcelaphini raw/images/Extant/Alcelaphini/Connochaetes/gnou/UM2/DSCN2602.JPG
DSCN2603.JPG,Alcelaphini raw,Alcelaphini raw/images/Extant/Alcelaphini/Connochaetes/gnou/UM1/DSCN2603.JPG
DSCN2606.JPG,Alcelaphini raw,Alcelaphini raw/images/Extant/Alcelaphini/Connochaetes/gnou/UM3/DSCN2606.JPG
DSCN2607.JPG,Alcelaphini raw,Alcelaphini raw/images/Extant/Alcelaphini/Connochaetes/gnou/UM2/DSCN2607.JPG
DSCN2608.JPG,Alcelaphini raw,Alcelaphini raw/images/Extant/Alcelaphini/Connochaetes/gnou/UM1/DSCN2608.JPG
DSCN2610.JPG,Alcelaphini raw,Alcelaphini raw/images/Extant/Alcelaphini/Connochaetes/gnou/LM3/DSCN2610.JPG
DSCN2611.JPG,Alcelaphini raw,Alcelaphini raw/images/Extant/Alcelaphini/Connochaetes/gnou/LM2/DSCN2611.JPG
DSCN2612.JPG,Alcelaphini raw,Alcelaphini raw/images/Extant/Alcelaphini/Connochaetes/gnou/LM1/DSCN2612.JPG
DSCN2614.JPG,Alcelaphini raw,Alcelaphini raw/images/Extant/Alcelaphini/Connochaetes/gnou/LM3/DSCN2614.JPG
DSCN2615.JPG,Alcelaphini raw,Alcelaphini raw/images/Extant/Alcelaphini/Connochaetes/gnou/LM2/DSCN2615.JPG
DSCN2616.JPG,Alcelaphini raw,Alcelaphini raw/images/Extant/Alcelaphini/Connochaetes/gnou/LM1/DSCN2616.JPG
DSCN2618.JPG,Alcelaphini raw,Alcelaphini raw/images/Extant/Alcelaphini/Connochaetes/gnou/LM3/DSCN2618.JPG
DSCN2619.JPG,Alcelaphini raw,Alcelaphini raw/images/Extant/Alcelaphini/Connochaetes/gnou/LM2/DSCN2619.JPG
DSCN2620.JPG,Alcelaphini raw,Alcelaphini raw/images/Extant/Alcelaphini/Connochaetes/gnou/LM1/DSCN2620.JPG
DSCN2622.JPG,Alcelaphini raw,Alcelaphini raw/images/Extant/Alcelaphini/Connochaetes/gnou/LM3/DSCN2622.JPG
DSCN2623.JPG,Alcelaphini raw,Alcelaphini raw/images/Extant/Alcelaphini/Connochaetes/gnou/LM2/DSCN2623.JPG
DSCN2624.JPG,Alcelaphini raw,Alcelaphini raw/images/Extant/Alcelaphini/Connochaetes/gnou/LM1/DSCN2624.JPG
DSCN2626.JPG,Alcelaphini raw,Alcelaphini raw/images/Extant/Alcelaphini/Connochaetes/gnou/LM3/DSCN2626.JPG
DSCN2627.JPG,Alcelaphini raw,Alcelaphini raw/images/Extant/Alcelaphini/Connochaetes/gnou/LM2/DSCN2627.JPG
DSCN2628.JPG,Alcelaphini raw,Alcelaphini raw/images/Extant/Alcelaphini/Connochaetes/gnou/LM1/DSCN2628.JPG
DSCN2630.JPG,Alcelaphini raw,Alcelaphini raw/images/Extant/Alcelaphini/Connochaetes/gnou/LM3/DSCN2630.JPG
DSCN2631.JPG,Alcelaphini raw,Alcelaphini raw/images/Extant/Alcelaphini/Connochaetes/gnou/LM2/DSCN2631.JPG
DSCN2632.JPG,Alcelaphini raw,Alcelaphini raw/images/Extant/Alcelaphini/Connochaetes/gnou/LM1/DSCN2632.JPG
DSCN2634.JPG,Alcelaphini raw,Alcelaphini raw/images/Extant/Alcelaphini/Connochaetes/gnou/LM3/DSCN2634.JPG
DSCN2635.JPG,Alcelaphini raw,Alcelaphini raw/images/Extant/Alcelaphini/Connochaetes/gnou/LM2/DSCN2635.JPG
DSCN2636.JPG,Alcelaphini raw,Alcelaphini raw/images/Extant/Alcelaphini/Connochaetes/gnou/LM1/DSCN2636.JPG
DSCN2638.JPG,Alcelaphini raw,Alcelaphini raw/images/Extant/Alcelaphini/Connochaetes/gnou/LM3/DSCN2638.JPG
DSCN2639.JPG,Alcelaphini raw,Alcelaphini raw/images/Extant/Alcelaphini/Connochaetes/gnou/LM2/DSCN2639.JPG
DSCN2640.JPG,Alcelaphini raw,Alcelaphini raw/images/Extant/Alcelaphini/Connochaetes/gnou/LM1/DSCN2640.JPG
DSCN2642.JPG,Alcelaphini raw,Alcelaphini raw/images/Extant/Alcelaphini/Connochaetes/gnou/LM3/DSCN2642.JPG
DSCN2643.JPG,Alcelaphini raw,Alcelaphini raw/images/Extant/Alcelaphini/Connochaetes/gnou/LM2/DSCN2643.JPG
DSCN2644.JPG,Alcelaphini raw,Alcelaphini raw/images/Extant/Alcelaphini/Connochaetes/gnou/LM1/DSCN2644.JPG
DSCN2646.JPG,Alcelaphini raw,Alcelaphini raw/images/Extant/Alcelaphini/Connochaetes/gnou/LM3/DSCN2646.JPG
DSCN2647.JPG,Alcelaphini raw,Alcelaphini raw/images/Extant/Alcelaphini/Connochaetes/gnou/LM2/DSCN2647.JPG
DSCN2648.JPG,Alcelaphini raw,Alcelaphini raw/images/Extant/Alcelaphini/Connochaetes/gnou/LM1/DSCN2648.JPG
DSCN2649.JPG,Alcelaphini raw,Alcelaphini raw/images/Extant/Alcelaphini/Connochaetes/gnou/LM3/DSCN2649.JPG
DSCN2650.JPG,Alcelaphini raw,Alcelaphini raw/images/Extant/Alcelaphini/Connochaetes/gnou/LM2/DSCN2650.JPG
DSCN2651.JPG,Alcelaphini raw,Alcelaphini raw/images/Extant/Alcelaphini/Connochaetes/gnou/LM1/DSCN2651.JPG
DSCN2652.JPG,Alcelaphini raw,Alcelaphini raw/images/Extant/Alcelaphini/Connochaetes/gnou/LM3/DSCN2652.JPG
DSCN2653.JPG,Alcelaphini raw,Alcelaphini raw/images/Extant/Alcelaphini/Connochaetes/gnou/LM2/DSCN2653.JPG
DSCN2654.JPG,Alcelaphini raw,Alcelaphini raw/images/Extant/Alcelaphini/Connochaetes/gnou/LM1/DSCN2654.JPG
DSCN2656.JPG,Alcelaphini raw,Alcelaphini raw/images/Extant/Alcelaphini/Connochaetes/gnou/LM3/DSCN2656.JPG
DSCN2657.JPG,Alcelaphini raw,Alcelaphini raw/images/Extant/Alcelaphini/Connochaetes/gnou/LM2/DSCN2657.JPG
DSCN2658.JPG,Alcelaphini raw,Alcelaphini raw/images/Extant/Alcelaphini/Connochaetes/gnou/LM1/DSCN2658.JPG
DSCN2660.JPG,Alcelaphini raw,Alcelaphini raw/images/Extant/Alcelaphini/Connochaetes/gnou/LM3/DSCN2660.JPG
DSCN2661.JPG,Alcelaphini raw,Alcelaphini raw/images/Extant/Alcelaphini/Connochaetes/gnou/LM2/DSCN2661.JPG
DSCN2662.JPG,Alcelaphini raw,Alcelaphini raw/images/Extant/Alcelaphini/Connochaetes/gnou/LM1/DSCN2662.JPG
DSCN2664.JPG,Alcelaphini raw,Alcelaphini raw/images/Extant/Alcelaphini/Connochaetes/gnou/LM3/DSCN2664.JPG
DSCN2665.JPG,Alcelaphini raw,Alcelaphini raw/images/Extant/Alcelaphini/Connochaetes/gnou/LM2/DSCN2665.JPG
DSCN2666.JPG,Alcelaphini raw,Alcelaphini raw/images/Extant/Alcelaphini/Connochaetes/gnou/LM1/DSCN2666.JPG
DSCN2668.JPG,Alcelaphini raw,Alcelaphini raw/images/Extant/Alcelaphini/Connochaetes/gnou/LM3/DSCN2668.JPG
DSCN2669.JPG,Alcelaphini raw,Alcelaphini raw/images/Extant/Alcelaphini/Connochaetes/gnou/LM2/DSCN2669.JPG
DSCN2670.JPG,Alcelaphini raw,Alcelaphini raw/images/Extant/Alcelaphini/Connochaetes/gnou/LM1/DSCN2670.JPG
DSCN2671.JPG,Alcelaphini raw,Alcelaphini raw/images/Extant/Alcelaphini/Connochaetes/gnou/LM3/DSCN2671.JPG
DSCN2672.JPG,Alcelaphini raw,Alcelaphini raw/images/Extant/Alcelaphini/Connochaetes/gnou/LM2/DSCN2672.JPG
DSCN2673.JPG,Alcelaphini raw,Alcelaphini raw/images/Extant/Alcelaphini/Connochaetes/gnou/LM1/DSCN2673.JPG
DSCN2674.JPG,Alcelaphini raw,Alcelaphini raw/images/Extant/Alcelaphini/Connochaetes/gnou/LM3/DSCN2674.JPG
DSCN2675.JPG,Alcelaphini raw,Alcelaphini raw/images/Extant/Alcelaphini/Connochaetes/gnou/LM2/DSCN2675.JPG
DSCN2676.JPG,Alcelaphini raw,Alcelaphini raw/images/Extant/Alcelaphini/Connochaetes/gnou/LM1/DSCN2676.JPG
DSCN2677.JPG,Alcelaphini raw,Alcelaphini raw/images/Extant/Alcelaphini/Connochaetes/gnou/LM3/DSCN2677.JPG
DSCN2678.JPG,Alcelaphini raw,Alcelaphini raw/images/Extant/Alcelaphini/Connochaetes/gnou/LM2/DSCN2678.JPG
DSCN2679.JPG,Alcelaphini raw,Alcelaphini raw/images/Extant/Alcelaphini/Connochaetes/gnou/LM1/DSCN2679.JPG
DSCN2680.JPG,Alcelaphini raw,Alcelaphini raw/images/Extant/Alcelaphini/Connochaetes/gnou/LM3/DSCN2680.JPG
DSCN2681.JPG,Alcelaphini raw,Alcelaphini raw/images/Extant/Alcelaphini/Connochaetes/gnou/LM2/DSCN2681.JPG
DSCN2682.JPG,Alcelaphini raw,Alcelaphini raw/images/Extant/Alcelaphini/Connochaetes/gnou/LM1/DSCN2682.JPG
DSCN2684.JPG,Alcelaphini raw,Alcelaphini raw/images/Extant/Alcelaphini/Connochaetes/gnou/LM3/DSCN2684.JPG
DSCN2685.JPG,Alcelaphini raw,Alcelaphini raw/images/Extant/Alcelaphini/Connochaetes/gnou/LM2/DSCN2685.JPG
DSCN2686.JPG,Alcelaphini raw,Alcelaphini raw/images/Extant/Alcelaphini/Connochaetes/gnou/LM1/DSCN2686.JPG
DSCN2688.JPG,Alcelaphini raw,Alcelaphini raw/images/Extant/Alcelaphini/Connochaetes/gnou/LM3/DSCN2688.JPG
DSCN2689.JPG,Alcelaphini raw,Alcelaphini raw/images/Extant/Alcelaphini/Connochaetes/gnou/LM2/DSCN2689.JPG
DSCN2690.JPG,Alcelaphini raw,Alcelaphini raw/images/Extant/Alcelaphini/Connochaetes/gnou/LM1/DSCN2690.JPG
DSCN2692.JPG,Alcelaphini raw,Alcelaphini raw/images/Extant/Alcelaphini/Connochaetes/gnou/LM3/DSCN2692.JPG
DSCN2693.JPG,Alcelaphini raw,Alcelaphini raw/images/Extant/Alcelaphini/Connochaetes/gnou/LM2/DSCN2693.JPG
DSCN2696.JPG,Alcelaphini raw,Alcelaphini raw/images/Extant/Alcelaphini/Connochaetes/gnou/LM3/DSCN2696.JPG
DSCN2697.JPG,Alcelaphini raw,Alcelaphini raw/images/Extant/Alcelaphini/Connochaetes/gnou/LM2/DSCN2697.JPG
DSCN2698.JPG,Alcelaphini raw,Alcelaphini raw/images/Extant/Alcelaphini/Connochaetes/gnou/LM1/DSCN2698.JPG
DSCN2700.JPG,Alcelaphini raw,Alcelaphini raw/images/Extant/Alcelaphini/Connochaetes/gnou/UM3/DSCN2700.JPG
DSCN2701.JPG,Alcelaphini raw,Alcelaphini raw/images/Extant/Alcelaphini/Connochaetes/gnou/UM2/DSCN2701.JPG
DSCN2702.JPG,Alcelaphini raw,Alcelaphini raw/images/Extant/Alcelaphini/Connochaetes/gnou/UM1/DSCN2702.JPG
DSCN2704.JPG,Alcelaphini raw,Alcelaphini raw/images/Extant/Alcelaphini/Connochaetes/taurinus/UM3/DSCN2704.JPG
DSCN2705.JPG,Alcelaphini raw,Alcelaphini raw/images/Extant/Alcelaphini/Connochaetes/taurinus/UM2/DSCN2705.JPG
DSCN2706.JPG,Alcelaphini raw,Alcelaphini raw/images/Extant/Alcelaphini/Connochaetes/taurinus/UM1/DSCN2706.JPG
DSCN2708.JPG,Alcelaphini raw,Alcelaphini raw/images/Extant/Alcelaphini/Connochaetes/taurinus/UM3/DSCN2708.JPG
DSCN2709.JPG,Alcelaphini raw,Alcelaphini raw/images/Extant/Alcelaphini/Connochaetes/taurinus/UM2/DSCN2709.JPG
DSCN2710.JPG,Alcelaphini raw,Alcelaphini raw/images/Extant/Alcelaphini/Connochaetes/taurinus/UM1/DSCN2710.JPG
DSCN2712.JPG,Alcelaphini raw,Alcelaphini raw/images/Extant/Alcelaphini/Connochaetes/taurinus/UM3/DSCN2712.JPG
DSCN2713.JPG,Alcelaphini raw,Alcelaphini raw/images/Extant/Alcelaphini/Connochaetes/taurinus/UM2/DSCN2713.JPG
DSCN2714.JPG,Alcelaphini raw,Alcelaphini raw/images/Extant/Alcelaphini/Connochaetes/taurinus/UM1/DSCN2714.JPG
DSCN2717.JPG,Alcelaphini raw,Alcelaphini raw/images/Extant/Alcelaphini/Connochaetes/taurinus/UM3/DSCN2717.JPG
DSCN2718.JPG,Alcelaphini raw,Alcelaphini raw/images/Extant/Alcelaphini/Connochaetes/taurinus/UM2/DSCN2718.JPG
DSCN2719.JPG,Alcelaphini raw,Alcelaphini raw/images/Extant/Alcelaphini/Connochaetes/taurinus/UM1/DSCN2719.JPG
DSCN2721.JPG,Alcelaphini raw,Alcelaphini raw/images/Extant/Alcelaphini/Connochaetes/taurinus/UM3/DSCN2721.JPG
DSCN2722.JPG,Alcelaphini raw,Alcelaphini raw/images/Extant/Alcelaphini/Connochaetes/taurinus/UM2/DSCN2722.JPG
DSCN2723.JPG,Alcelaphini raw,Alcelaphini raw/images/Extant/Alcelaphini/Connochaetes/taurinus/UM1/DSCN2723.JPG
DSCN2725.JPG,Alcelaphini raw,Alcelaphini raw/images/Extant/Alcelaphini/Connochaetes/taurinus/UM3/DSCN2725.JPG
DSCN2726.JPG,Alcelaphini raw,Alcelaphini raw/images/Extant/Alcelaphini/Connochaetes/taurinus/UM2/DSCN2726.JPG
DSCN2727.JPG,Alcelaphini raw,Alcelaphini raw/images/Extant/Alcelaphini/Connochaetes/taurinus/UM1/DSCN2727.JPG
DSCN2729.JPG,Alcelaphini raw,Alcelaphini raw/images/Extant/Alcelaphini/Connochaetes/taurinus/UM3/DSCN2729.JPG
DSCN2730.JPG,Alcelaphini raw,Alcelaphini raw/images/Extant/Alcelaphini/Connochaetes/taurinus/UM2/DSCN2730.JPG
DSCN2731.JPG,Alcelaphini raw,Alcelaphini raw/images/Extant/Alcelaphini/Connochaetes/taurinus/UM1/DSCN2731.JPG
DSCN2733.JPG,Alcelaphini raw,Alcelaphini raw/images/Extant/Alcelaphini/Connochaetes/taurinus/UM3/DSCN2733.JPG
DSCN2734.JPG,Alcelaphini raw,Alcelaphini raw/images/Extant/Alcelaphini/Connochaetes/taurinus/UM2/DSCN2734.JPG
DSCN2735.JPG,Alcelaphini raw,Alcelaphini raw/images/Extant/Alcelaphini/Connochaetes/taurinus/UM1/DSCN2735.JPG
DSCN2736.JPG,Alcelaphini raw,Alcelaphini raw/images/Extant/Alcelaphini/Connochaetes/taurinus/UM3/DSCN2736.JPG
DSCN2737.JPG,Alcelaphini raw,Alcelaphini raw/images/Extant/Alcelaphini/Connochaetes/taurinus/UM2/DSCN2737.JPG
DSCN2738.JPG,Alcelaphini raw,Alcelaphini raw/images/Extant/Alcelaphini/Connochaetes/taurinus/UM1/DSCN2738.JPG
DSCN2739.JPG,Alcelaphini raw,Alcelaphini raw/images/Extant/Alcelaphini/Connochaetes/gnou/UM3/DSCN2739.JPG
DSCN2740.JPG,Alcelaphini raw,Alcelaphini raw/images/Extant/Alcelaphini/Connochaetes/gnou/UM2/DSCN2740.JPG
DSCN2741.JPG,Alcelaphini raw,Alcelaphini raw/images/Extant/Alcelaphini/Connochaetes/gnou/UM1/DSCN2741.JPG
DSCN2743.JPG,Alcelaphini raw,Alcelaphini raw/images/Extant/Alcelaphini/Connochaetes/gnou/LM3/DSCN2743.JPG
DSCN2744.JPG,Alcelaphini raw,Alcelaphini raw/images/Extant/Alcelaphini/Connochaetes/gnou/LM2/DSCN2744.JPG
DSCN2745.JPG,Alcelaphini raw,Alcelaphini raw/images/Extant/Alcelaphini/Connochaetes/gnou/LM1/DSCN2745.JPG
DSCN2747.JPG,Alcelaphini raw,Alcelaphini raw/images/Extant/Alcelaphini/Connochaetes/taurinus/UM3/DSCN2747.JPG
DSCN2748.JPG,Alcelaphini raw,Alcelaphini raw/images/Extant/Alcelaphini/Connochaetes/taurinus/UM2/DSCN2748.JPG
DSCN2749.JPG,Alcelaphini raw,Alcelaphini raw/images/Extant/Alcelaphini/Connochaetes/taurinus/UM1/DSCN2749.JPG
DSCN2751.JPG,Alcelaphini raw,Alcelaphini raw/images/Extant/Alcelaphini/Connochaetes/taurinus/UM3/DSCN2751.JPG
DSCN2752.JPG,Alcelaphini raw,Alcelaphini raw/images/Extant/Alcelaphini/Connochaetes/taurinus/UM2/DSCN2752.JPG
DSCN2753.JPG,Alcelaphini raw,Alcelaphini raw/images/Extant/Alcelaphini/Connochaetes/taurinus/UM1/DSCN2753.JPG
DSCN2755.JPG,Alcelaphini raw,Alcelaphini raw/images/Extant/Alcelaphini/Connochaetes/taurinus/UM3/DSCN2755.JPG
DSCN2756.JPG,Alcelaphini raw,Alcelaphini raw/images/Extant/Alcelaphini/Connochaetes/taurinus/UM2/DSCN2756.JPG
DSCN2757.JPG,Alcelaphini raw,Alcelaphini raw/images/Extant/Alcelaphini/Connochaetes/taurinus/UM1/DSCN2757.JPG
DSCN2759.JPG,Alcelaphini raw,Alcelaphini raw/images/Extant/Alcelaphini/Connochaetes/taurinus/UM3/DSCN2759.JPG
DSCN2760.JPG,Alcelaphini raw,Alcelaphini raw/images/Extant/Alcelaphini/Connochaetes/taurinus/UM2/DSCN2760.JPG
DSCN2761.JPG,Alcelaphini raw,Alcelaphini raw/images/Extant/Alcelaphini/Connochaetes/taurinus/UM1/DSCN2761.JPG
DSCN2762.JPG,Alcelaphini raw,Alcelaphini raw/images/Extant/Alcelaphini/Connochaetes/taurinus/LM3/DSCN2762.JPG
DSCN2763.JPG,Alcelaphini raw,Alcelaphini raw/images/Extant/Alcelaphini/Connochaetes/taurinus/LM2/DSCN2763.JPG
DSCN2764.JPG,Alcelaphini raw,Alcelaphini raw/images/Extant/Alcelaphini/Connochaetes/taurinus/LM1/DSCN2764.JPG
DSCN2766.JPG,Alcelaphini raw,Alcelaphini raw/images/Extant/Alcelaphini/Connochaetes/taurinus/LM3/DSCN2766.JPG
DSCN2767.JPG,Alcelaphini raw,Alcelaphini raw/images/Extant/Alcelaphini/Connochaetes/taurinus/LM2/DSCN2767.JPG
DSCN2768.JPG,Alcelaphini raw,Alcelaphini raw/images/Extant/Alcelaphini/Connochaetes/taurinus/LM1/DSCN2768.JPG
DSCN2770.JPG,Alcelaphini raw,Alcelaphini raw/images/Extant/Alcelaphini/Connochaetes/taurinus/LM3/DSCN2770.JPG
DSCN2771.JPG,Alcelaphini raw,Alcelaphini raw/images/Extant/Alcelaphini/Connochaetes/taurinus/LM2/DSCN2771.JPG
DSCN2772.JPG,Alcelaphini raw,Alcelaphini raw/images/Extant/Alcelaphini/Connochaetes/taurinus/LM1/DSCN2772.JPG
DSCN2774.JPG,Alcelaphini raw,Alcelaphini raw/images/Extant/Alcelaphini/Connochaetes/taurinus/LM3/DSCN2774.JPG
DSCN2775.JPG,Alcelaphini raw,Alcelaphini raw/images/Extant/Alcelaphini/Connochaetes/taurinus/LM2/DSCN2775.JPG
DSCN2776.JPG,Alcelaphini raw,Alcelaphini raw/images/Extant/Alcelaphini/Connochaetes/taurinus/LM1/DSCN2776.JPG
DSCN2778.JPG,Alcelaphini raw,Alcelaphini raw/images/Extant/Alcelaphini/Connochaetes/taurinus/LM3/DSCN2778.JPG
DSCN2780.JPG,Alcelaphini raw,Alcelaphini raw/images/Extant/Alcelaphini/Connochaetes/taurinus/LM2/DSCN2780.JPG
DSCN2781.JPG,Alcelaphini raw,Alcelaphini raw/images/Extant/Alcelaphini/Connochaetes/taurinus/LM1/DSCN2781.JPG
DSCN2783.JPG,Alcelaphini raw,Alcelaphini raw/images/Extant/Alcelaphini/Connochaetes/taurinus/LM3/DSCN2783.JPG
DSCN2784.JPG,Alcelaphini raw,Alcelaphini raw/images/Extant/Alcelaphini/Connochaetes/taurinus/LM2/DSCN2784.JPG
DSCN2785.JPG,Alcelaphini raw,Alcelaphini raw/images/Extant/Alcelaphini/Connochaetes/taurinus/LM1/DSCN2785.JPG
DSCN2787.JPG,Alcelaphini raw,Alcelaphini raw/images/Extant/Alcelaphini/Connochaetes/taurinus/LM3/DSCN2787.JPG
DSCN2788.JPG,Alcelaphini raw,Alcelaphini raw/images/Extant/Alcelaphini/Connochaetes/taurinus/LM2/DSCN2788.JPG
DSCN2789.JPG,Alcelaphini raw,Alcelaphini raw/images/Extant/Alcelaphini/Connochaetes/taurinus/LM1/DSCN2789.JPG
DSCN2791.JPG,Alcelaphini raw,Alcelaphini raw/images/Extant/Alcelaphini/Connochaetes/taurinus/LM3/DSCN2791.JPG
DSCN2792.JPG,Alcelaphini raw,Alcelaphini raw/images/Extant/Alcelaphini/Connochaetes/taurinus/LM2/DSCN2792.JPG
DSCN2793.JPG,Alcelaphini raw,Alcelaphini raw/images/Extant/Alcelaphini/Connochaetes/taurinus/LM1/DSCN2793.JPG
DSCN2795.JPG,Alcelaphini raw,Alcelaphini raw/images/Extant/Alcelaphini/Connochaetes/taurinus/LM3/DSCN2795.JPG
DSCN2796.JPG,Alcelaphini raw,Alcelaphini raw/images/Extant/Alcelaphini/Connochaetes/taurinus/LM2/DSCN2796.JPG
DSCN2797.JPG,Alcelaphini raw,Alcelaphini raw/images/Extant/Alcelaphini/Connochaetes/taurinus/LM1/DSCN2797.JPG
DSCN2799.JPG,Alcelaphini raw,Alcelaphini raw/images/Extant/Alcelaphini/Connochaetes/taurinus/LM3/DSCN2799.JPG
DSCN2800.JPG,Alcelaphini raw,Alcelaphini raw/images/Extant/Alcelaphini/Connochaetes/taurinus/LM2/DSCN2800.JPG
DSCN2801.JPG,Alcelaphini raw,Alcelaphini raw/images/Extant/Alcelaphini/Connochaetes/taurinus/LM1/DSCN2801.JPG
DSCN2803.JPG,Alcelaphini raw,Alcelaphini raw/images/Extant/Alcelaphini/Connochaetes/taurinus/LM3/DSCN2803.JPG
DSCN2804.JPG,Alcelaphini raw,Alcelaphini raw/images/Extant/Alcelaphini/Connochaetes/taurinus/LM2/DSCN2804.JPG
DSCN2805.JPG,Alcelaphini raw,Alcelaphini raw/images/Extant/Alcelaphini/Connochaetes/taurinus/LM1/DSCN2805.JPG
DSCN2807.JPG,Alcelaphini raw,Alcelaphini raw/images/Extant/Alcelaphini/Connochaetes/taurinus/LM3/DSCN2807.JPG
DSCN2808.JPG,Alcelaphini raw,Alcelaphini raw/images/Extant/Alcelaphini/Connochaetes/taurinus/LM2/DSCN2808.JPG
DSCN2809.JPG,Alcelaphini raw,Alcelaphini raw/images/Extant/Alcelaphini/Connochaetes/taurinus/LM1/DSCN2809.JPG
DSCN2810.JPG,Alcelaphini raw,Alcelaphini raw/images/Extant/Alcelaphini/Alcelaphus/buselaphus/UM3/DSCN2810.JPG
DSCN2811.JPG,Alcelaphini raw,Alcelaphini raw/images/Extant/Alcelaphini/Alcelaphus/buselaphus/UM2/DSCN2811.JPG
DSCN2812.JPG,Alcelaphini raw,Alcelaphini raw/images/Extant/Alcelaphini/Alcelaphus/buselaphus/UM1/DSCN2812.JPG
DSCN2814.JPG,Alcelaphini raw,Alcelaphini raw/images/Extant/Alcelaphini/Alcelaphus/buselaphus/UM3/DSCN2814.JPG
DSCN2815.JPG,Alcelaphini raw,Alcelaphini raw/images/Extant/Alcelaphini/Alcelaphus/buselaphus/UM2/DSCN2815.JPG
DSCN2816.JPG,Alcelaphini raw,Alcelaphini raw/images/Extant/Alcelaphini/Alcelaphus/buselaphus/UM1/DSCN2816.JPG
DSCN2818.JPG,Alcelaphini raw,Alcelaphini raw/images/Extant/Alcelaphini/Alcelaphus/buselaphus/UM3/DSCN2818.JPG
DSCN2819.JPG,Alcelaphini raw,Alcelaphini raw/images/Extant/Alcelaphini/Alcelaphus/buselaphus/UM2/DSCN2819.JPG
DSCN2820.JPG,Alcelaphini raw,Alcelaphini raw/images/Extant/Alcelaphini/Alcelaphus/buselaphus/UM1/DSCN2820.JPG
DSCN2822.JPG,Alcelaphini raw,Alcelaphini raw/images/Extant/Alcelaphini/Alcelaphus/buselaphus/UM3/DSCN2822.JPG
DSCN2823.JPG,Alcelaphini raw,Alcelaphini raw/images/Extant/Alcelaphini/Alcelaphus/buselaphus/UM2/DSCN2823.JPG
DSCN2824.JPG,Alcelaphini raw,Alcelaphini raw/images/Extant/Alcelaphini/Alcelaphus/buselaphus/UM1/DSCN2824.JPG
DSCN2826.JPG,Alcelaphini raw,Alcelaphini raw/images/Extant/Alcelaphini/Alcelaphus/buselaphus/UM3/DSCN2826.JPG
DSCN2827.JPG,Alcelaphini raw,Alcelaphini raw/images/Extant/Alcelaphini/Alcelaphus/buselaphus/UM2/DSCN2827.JPG
DSCN2828.JPG,Alcelaphini raw,Alcelaphini raw/images/Extant/Alcelaphini/Alcelaphus/buselaphus/UM1/DSCN2828.JPG
DSCN2830.JPG,Alcelaphini raw,Alcelaphini raw/images/Extant/Alcelaphini/Alcelaphus/buselaphus/UM3/DSCN2830.JPG
DSCN2831.JPG,Alcelaphini raw,Alcelaphini raw/images/Extant/Alcelaphini/Alcelaphus/buselaphus/UM2/DSCN2831.JPG
DSCN2832.JPG,Alcelaphini raw,Alcelaphini raw/images/Extant/Alcelaphini/Alcelaphus/buselaphus/UM1/DSCN2832.JPG
DSCN2834.JPG,Alcelaphini raw,Alcelaphini raw/images/Extant/Alcelaphini/Alcelaphus/buselaphus/UM3/DSCN2834.JPG
DSCN2835.JPG,Alcelaphini raw,Alcelaphini raw/images/Extant/Alcelaphini/Alcelaphus/buselaphus/UM2/DSCN2835.JPG
DSCN2836.JPG,Alcelaphini raw,Alcelaphini raw/images/Extant/Alcelaphini/Alcelaphus/buselaphus/UM1/DSCN2836.JPG
DSCN2838.JPG,Alcelaphini raw,Alcelaphini raw/images/Extant/Alcelaphini/Alcelaphus/buselaphus/UM3/DSCN2838.JPG
DSCN2839.JPG,Alcelaphini raw,Alcelaphini raw/images/Extant/Alcelaphini/Alcelaphus/buselaphus/UM2/DSCN2839.JPG
DSCN2842.JPG,Alcelaphini raw,Alcelaphini raw/images/Extant/Alcelaphini/Alcelaphus/buselaphus/UM3/DSCN2842.JPG
DSCN2843.JPG,Alcelaphini raw,Alcelaphini raw/images/Extant/Alcelaphini/Alcelaphus/buselaphus/UM2/DSCN2843.JPG
DSCN2846.JPG,Alcelaphini raw,Alcelaphini raw/images/Extant/Alcelaphini/Alcelaphus/buselaphus/UM3/DSCN2846.JPG
DSCN2847.JPG,Alcelaphini raw,Alcelaphini raw/images/Extant/Alcelaphini/Alcelaphus/buselaphus/UM2/DSCN2847.JPG
DSCN2848.JPG,Alcelaphini raw,Alcelaphini raw/images/Extant/Alcelaphini/Alcelaphus/buselaphus/UM1/DSCN2848.JPG
DSCN2850.JPG,Alcelaphini raw,Alcelaphini raw/images/Extant/Alcelaphini/Alcelaphus/buselaphus/UM3/DSCN2850.JPG
DSCN2851.JPG,Alcelaphini raw,Alcelaphini raw/images/Extant/Alcelaphini/Alcelaphus/buselaphus/UM2/DSCN2851.JPG
DSCN2852.JPG,Alcelaphini raw,Alcelaphini raw/images/Extant/Alcelaphini/Alcelaphus/buselaphus/UM1/DSCN2852.JPG
DSCN2854.JPG,Alcelaphini raw,Alcelaphini raw/images/Extant/Alcelaphini/Alcelaphus/buselaphus/UM3/DSCN2854.JPG
DSCN2855.JPG,Alcelaphini raw,Alcelaphini raw/images/Extant/Alcelaphini/Alcelaphus/buselaphus/UM2/DSCN2855.JPG
DSCN2858.JPG,Alcelaphini raw,Alcelaphini raw/images/Extant/Alcelaphini/Alcelaphus/buselaphus/UM3/DSCN2858.JPG
DSCN2859.JPG,Alcelaphini raw,Alcelaphini raw/images/Extant/Alcelaphini/Alcelaphus/buselaphus/UM2/DSCN2859.JPG
DSCN2860.JPG,Alcelaphini raw,Alcelaphini raw/images/Extant/Alcelaphini/Alcelaphus/buselaphus/UM1/DSCN2860.JPG
DSCN2862.JPG,Alcelaphini raw,Alcelaphini raw/images/Extant/Alcelaphini/Alcelaphus/buselaphus/UM3/DSCN2862.JPG
DSCN2863.JPG,Alcelaphini raw,Alcelaphini raw/images/Extant/Alcelaphini/Alcelaphus/buselaphus/UM2/DSCN2863.JPG
DSCN2864.JPG,Alcelaphini raw,Alcelaphini raw/images/Extant/Alcelaphini/Alcelaphus/buselaphus/UM1/DSCN2864.JPG
DSCN2866.JPG,Alcelaphini raw,Alcelaphini raw/images/Extant/Alcelaphini/Alcelaphus/buselaphus/UM3/DSCN2866.JPG
DSCN2867.JPG,Alcelaphini raw,Alcelaphini raw/images/Extant/Alcelaphini/Alcelaphus/buselaphus/UM2/DSCN2867.JPG
DSCN2868.JPG,Alcelaphini raw,Alcelaphini raw/images/Extant/Alcelaphini/Alcelaphus/buselaphus/UM1/DSCN2868.JPG
DSCN2869.JPG,Alcelaphini raw,Alcelaphini raw/images/Extant/Alcelaphini/Alcelaphus/buselaphus/LM3/DSCN2869.JPG
DSCN2870.JPG,Alcelaphini raw,Alcelaphini raw/images/Extant/Alcelaphini/Alcelaphus/buselaphus/LM2/DSCN2870.JPG
DSCN2871.JPG,Alcelaphini raw,Alcelaphini raw/images/Extant/Alcelaphini/Alcelaphus/buselaphus/LM1/DSCN2871.JPG
DSCN2873.JPG,Alcelaphini raw,Alcelaphini raw/images/Extant/Alcelaphini/Alcelaphus/buselaphus/LM3/DSCN2873.JPG
DSCN2874.JPG,Alcelaphini raw,Alcelaphini raw/images/Extant/Alcelaphini/Alcelaphus/buselaphus/LM2/DSCN2874.JPG
DSCN2875.JPG,Alcelaphini raw,Alcelaphini raw/images/Extant/Alcelaphini/Alcelaphus/buselaphus/LM1/DSCN2875.JPG
DSCN2877.JPG,Alcelaphini raw,Alcelaphini raw/images/Extant/Alcelaphini/Alcelaphus/buselaphus/LM3/DSCN2877.JPG
DSCN2878.JPG,Alcelaphini raw,Alcelaphini raw/images/Extant/Alcelaphini/Alcelaphus/buselaphus/LM2/DSCN2878.JPG
DSCN2879.JPG,Alcelaphini raw,Alcelaphini raw/images/Extant/Alcelaphini/Alcelaphus/buselaphus/LM1/DSCN2879.JPG
DSCN2883.JPG,Alcelaphini raw,Alcelaphini raw/images/Extant/Alcelaphini/Alcelaphus/buselaphus/LM3/DSCN2883.JPG
DSCN2884.JPG,Alcelaphini raw,Alcelaphini raw/images/Extant/Alcelaphini/Alcelaphus/buselaphus/LM2/DSCN2884.JPG
DSCN2885.JPG,Alcelaphini raw,Alcelaphini raw/images/Extant/Alcelaphini/Alcelaphus/buselaphus/LM1/DSCN2885.JPG
DSCN2887.JPG,Alcelaphini raw,Alcelaphini raw/images/Extant/Alcelaphini/Alcelaphus/buselaphus/LM3/DSCN2887.JPG
DSCN2888.JPG,Alcelaphini raw,Alcelaphini raw/images/Extant/Alcelaphini/Alcelaphus/buselaphus/LM2/DSCN2888.JPG
DSCN2889.JPG,Alcelaphini raw,Alcelaphini raw/images/Extant/Alcelaphini/Alcelaphus/buselaphus/LM1/DSCN2889.JPG
DSCN2890.JPG,Alcelaphini raw,Alcelaphini raw/images/Extant/Alcelaphini/Alcelaphus/buselaphus/LM3/DSCN2890.JPG
DSCN2891.JPG,Alcelaphini raw,Alcelaphini raw/images/Extant/Alcelaphini/Alcelaphus/buselaphus/LM2/DSCN2891.JPG
DSCN2892.JPG,Alcelaphini raw,Alcelaphini raw/images/Extant/Alcelaphini/Alcelaphus/buselaphus/LM1/DSCN2892.JPG
DSCN2894.JPG,Alcelaphini raw,Alcelaphini raw/images/Extant/Alcelaphini/Alcelaphus/buselaphus/LM3/DSCN2894.JPG
DSCN2895.JPG,Alcelaphini raw,Alcelaphini raw/images/Extant/Alcelaphini/Alcelaphus/buselaphus/LM2/DSCN2895.JPG
DSCN2896.JPG,Alcelaphini raw,Alcelaphini raw/images/Extant/Alcelaphini/Alcelaphus/buselaphus/LM1/DSCN2896.JPG
DSCN2897.JPG,Alcelaphini raw,Alcelaphini raw/images/Extant/Alcelaphini/Alcelaphus/buselaphus/LM3/DSCN2897.JPG
DSCN2898.JPG,Alcelaphini raw,Alcelaphini raw/images/Extant/Alcelaphini/Alcelaphus/buselaphus/LM2/DSCN2898.JPG
DSCN2899.JPG,Alcelaphini raw,Alcelaphini raw/images/Extant/Alcelaphini/Alcelaphus/buselaphus/LM1/DSCN2899.JPG
DSCN2902.JPG,Alcelaphini raw,Alcelaphini raw/images/Extant/Alcelaphini/Alcelaphus/buselaphus/LM3/DSCN2902.JPG
DSCN2903.JPG,Alcelaphini raw,Alcelaphini raw/images/Extant/Alcelaphini/Alcelaphus/buselaphus/LM2/DSCN2903.JPG
DSCN2904.JPG,Alcelaphini raw,Alcelaphini raw/images/Extant/Alcelaphini/Alcelaphus/buselaphus/LM1/DSCN2904.JPG
DSCN2906.JPG,Alcelaphini raw,Alcelaphini raw/images/Extant/Alcelaphini/Alcelaphus/buselaphus/LM3/DSCN2906.JPG
DSCN2907.JPG,Alcelaphini raw,Alcelaphini raw/images/Extant/Alcelaphini/Alcelaphus/buselaphus/LM2/DSCN2907.JPG
DSCN2908.JPG,Alcelaphini raw,Alcelaphini raw/images/Extant/Alcelaphini/Alcelaphus/buselaphus/LM1/DSCN2908.JPG
DSCN2910.JPG,Alcelaphini raw,Alcelaphini raw/images/Extant/Alcelaphini/Alcelaphus/buselaphus/LM3/DSCN2910.JPG
DSCN2912.JPG,Alcelaphini raw,Alcelaphini raw/images/Extant/Alcelaphini/Alcelaphus/buselaphus/LM2/DSCN2912.JPG
DSCN2913.JPG,Alcelaphini raw,Alcelaphini raw/images/Extant/Alcelaphini/Alcelaphus/buselaphus/LM1/DSCN2913.JPG
DSCN2921.JPG,Alcelaphini raw,Alcelaphini raw/images/Extant/Alcelaphini/Alcelaphus/buselaphus/LM3/DSCN2921.JPG
DSCN2922.JPG,Alcelaphini raw,Alcelaphini raw/images/Extant/Alcelaphini/Alcelaphus/buselaphus/LM2/DSCN2922.JPG
DSCN2923.JPG,Alcelaphini raw,Alcelaphini raw/images/Extant/Alcelaphini/Alcelaphus/buselaphus/LM1/DSCN2923.JPG
DSCN2925.JPG,Alcelaphini raw,Alcelaphini raw/images/Extant/Alcelaphini/Alcelaphus/buselaphus/LM3/DSCN2925.JPG
DSCN2926.JPG,Alcelaphini raw,Alcelaphini raw/images/Extant/Alcelaphini/Alcelaphus/buselaphus/LM2/DSCN2926.JPG
DSCN2927.JPG,Alcelaphini raw,Alcelaphini raw/images/Extant/Alcelaphini/Alcelaphus/buselaphus/LM1/DSCN2927.JPG
DSCN2929.JPG,Alcelaphini raw,Alcelaphini raw/images/Extant/Alcelaphini/Alcelaphus/buselaphus/LM3/DSCN2929.JPG
DSCN2930.JPG,Alcelaphini raw,Alcelaphini raw/images/Extant/Alcelaphini/Alcelaphus/buselaphus/LM2/DSCN2930.JPG
DSCN2931.JPG,Alcelaphini raw,Alcelaphini raw/images/Extant/Alcelaphini/Alcelaphus/buselaphus/LM1/DSCN2931.JPG
DSCN2933.JPG,Alcelaphini raw,Alcelaphini raw/images/Extant/Alcelaphini/Alcelaphus/buselaphus/UM3/DSCN2933.JPG
DSCN2934.JPG,Alcelaphini raw,Alcelaphini raw/images/Extant/Alcelaphini/Alcelaphus/buselaphus/UM2/DSCN2934.JPG
DSCN2935.JPG,Alcelaphini raw,Alcelaphini raw/images/Extant/Alcelaphini/Alcelaphus/buselaphus/UM1/DSCN2935.JPG
DSCN2937.JPG,Alcelaphini raw,Alcelaphini raw/images/Extant/Alcelaphini/Damaliscus/dorcas/UM3/DSCN2937.JPG
DSCN2938.JPG,Alcelaphini raw,Alcelaphini raw/images/Extant/Alcelaphini/Damaliscus/dorcas/UM2/DSCN2938.JPG
DSCN2939.JPG,Alcelaphini raw,Alcelaphini raw/images/Extant/Alcelaphini/Damaliscus/dorcas/UM1/DSCN2939.JPG
DSCN2941.JPG,Alcelaphini raw,Alcelaphini raw/images/Extant/Alcelaphini/Damaliscus/dorcas/UM3/DSCN2941.JPG
DSCN2942.JPG,Alcelaphini raw,Alcelaphini raw/images/Extant/Alcelaphini/Damaliscus/dorcas/UM2/DSCN2942.JPG
DSCN2943.JPG,Alcelaphini raw,Alcelaphini raw/images/Extant/Alcelaphini/Damaliscus/dorcas/UM1/DSCN2943.JPG
DSCN2945.JPG,Alcelaphini raw,Alcelaphini raw/images/Extant/Alcelaphini/Damaliscus/dorcas/UM3/DSCN2945.JPG
DSCN2946.JPG,Alcelaphini raw,Alcelaphini raw/images/Extant/Alcelaphini/Damaliscus/dorcas/UM2/DSCN2946.JPG
DSCN2947.JPG,Alcelaphini raw,Alcelaphini raw/images/Extant/Alcelaphini/Damaliscus/dorcas/UM1/DSCN2947.JPG
DSCN2949.JPG,Alcelaphini raw,Alcelaphini raw/images/Extant/Alcelaphini/Damaliscus/dorcas/UM3/DSCN2949.JPG
DSCN2950.JPG,Alcelaphini raw,Alcelaphini raw/images/Extant/Alcelaphini/Damaliscus/dorcas/UM2/DSCN2950.JPG
DSCN2951.JPG,Alcelaphini raw,Alcelaphini raw/images/Extant/Alcelaphini/Damaliscus/dorcas/UM1/DSCN2951.JPG
DSCN2953.JPG,Alcelaphini raw,Alcelaphini raw/images/Extant/Alcelaphini/Damaliscus/dorcas/UM3/DSCN2953.JPG
DSCN2954.JPG,Alcelaphini raw,Alcelaphini raw/images/Extant/Alcelaphini/Damaliscus/dorcas/UM2/DSCN2954.JPG
DSCN2955.JPG,Alcelaphini raw,Alcelaphini raw/images/Extant/Alcelaphini/Damaliscus/dorcas/UM1/DSCN2955.JPG
DSCN2957.JPG,Alcelaphini raw,Alcelaphini raw/images/Extant/Alcelaphini/Damaliscus/dorcas/UM3/DSCN2957.JPG
DSCN2959.JPG,Alcelaphini raw,Alcelaphini raw/images/Extant/Alcelaphini/Damaliscus/dorcas/UM2/DSCN2959.JPG
DSCN2960.JPG,Alcelaphini raw,Alcelaphini raw/images/Extant/Alcelaphini/Damaliscus/dorcas/UM1/DSCN2960.JPG
DSCN2962.JPG,Alcelaphini raw,Alcelaphini raw/images/Extant/Alcelaphini/Damaliscus/dorcas/UM3/DSCN2962.JPG
DSCN2963.JPG,Alcelaphini raw,Alcelaphini raw/images/Extant/Alcelaphini/Damaliscus/dorcas/UM2/DSCN2963.JPG
DSCN2964.JPG,Alcelaphini raw,Alcelaphini raw/images/Extant/Alcelaphini/Damaliscus/dorcas/UM1/DSCN2964.JPG
DSCN2966.JPG,Alcelaphini raw,Alcelaphini raw/images/Extant/Alcelaphini/Damaliscus/dorcas/UM3/DSCN2966.JPG
DSCN2967.JPG,Alcelaphini raw,Alcelaphini raw/images/Extant/Alcelaphini/Damaliscus/dorcas/UM2/DSCN2967.JPG
DSCN2968.JPG,Alcelaphini raw,Alcelaphini raw/images/Extant/Alcelaphini/Damaliscus/dorcas/UM1/DSCN2968.JPG
DSCN2970.JPG,Alcelaphini raw,Alcelaphini raw/images/Extant/Alcelaphini/Damaliscus/dorcas/UM3/DSCN2970.JPG
DSCN2971.JPG,Alcelaphini raw,Alcelaphini raw/images/Extant/Alcelaphini/Damaliscus/dorcas/UM2/DSCN2971.JPG
DSCN2972.JPG,Alcelaphini raw,Alcelaphini raw/images/Extant/Alcelaphini/Damaliscus/dorcas/UM1/DSCN2972.JPG
DSCN2974.JPG,Alcelaphini raw,Alcelaphini raw/images/Extant/Alcelaphini/Damaliscus/dorcas/UM3/DSCN2974.JPG
DSCN2975.JPG,Alcelaphini raw,Alcelaphini raw/images/Extant/Alcelaphini/Damaliscus/dorcas/UM2/DSCN2975.JPG
DSCN2976.JPG,Alcelaphini raw,Alcelaphini raw/images/Extant/Alcelaphini/Damaliscus/dorcas/UM1/DSCN2976.JPG
DSCN2977.JPG,Alcelaphini raw,Alcelaphini raw/images/Extant/Alcelaphini/Damaliscus/dorcas/UM3/DSCN2977.JPG
DSCN2978.JPG,Alcelaphini raw,Alcelaphini raw/images/Extant/Alcelaphini/Damaliscus/dorcas/UM2/DSCN2978.JPG
DSCN2979.JPG,Alcelaphini raw,Alcelaphini raw/images/Extant/Alcelaphini/Damaliscus/dorcas/UM1/DSCN2979.JPG
DSCN2981.JPG,Alcelaphini raw,Alcelaphini raw/images/Extant/Alcelaphini/Damaliscus/dorcas/UM3/DSCN2981.JPG
DSCN2982.JPG,Alcelaphini raw,Alcelaphini raw/images/Extant/Alcelaphini/Damaliscus/dorcas/UM2/DSCN2982.JPG
DSCN2983.JPG,Alcelaphini raw,Alcelaphini raw/images/Extant/Alcelaphini/Damaliscus/dorcas/UM1/DSCN2983.JPG
DSCN2985.JPG,Alcelaphini raw,Alcelaphini raw/images/Extant/Alcelaphini/Damaliscus/dorcas/UM3/DSCN2985.JPG
DSCN2986.JPG,Alcelaphini raw,Alcelaphini raw/images/Extant/Alcelaphini/Damaliscus/dorcas/UM2/DSCN2986.JPG
DSCN2987.JPG,Alcelaphini raw,Alcelaphini raw/images/Extant/Alcelaphini/Damaliscus/dorcas/UM1/DSCN2987.JPG
DSCN2989.JPG,Alcelaphini raw,Alcelaphini raw/images/Extant/Alcelaphini/Damaliscus/dorcas/UM3/DSCN2989.JPG
DSCN2990.JPG,Alcelaphini raw,Alcelaphini raw/images/Extant/Alcelaphini/Damaliscus/dorcas/UM2/DSCN2990.JPG
DSCN2991.JPG,Alcelaphini raw,Alcelaphini raw/images/Extant/Alcelaphini/Damaliscus/dorcas/UM1/DSCN2991.JPG
DSCN2995.JPG,Alcelaphini raw,Alcelaphini raw/images/Extant/Alcelaphini/Damaliscus/dorcas/UM3/DSCN2995.JPG
DSCN2996.JPG,Alcelaphini raw,Alcelaphini raw/images/Extant/Alcelaphini/Damaliscus/dorcas/UM2/DSCN2996.JPG
DSCN2997.JPG,Alcelaphini raw,Alcelaphini raw/images/Extant/Alcelaphini/Damaliscus/dorcas/UM1/DSCN2997.JPG
DSCN2999.JPG,Alcelaphini raw,Alcelaphini raw/images/Extant/Alcelaphini/Damaliscus/dorcas/UM3/DSCN2999.JPG
DSCN3000.JPG,Alcelaphini raw,Alcelaphini raw/images/Extant/Alcelaphini/Damaliscus/dorcas/UM2/DSCN3000.JPG
DSCN3001.JPG,Alcelaphini raw,Alcelaphini raw/images/Extant/Alcelaphini/Damaliscus/dorcas/UM1/DSCN3001.JPG
DSCN3003.JPG,Alcelaphini raw,Alcelaphini raw/images/Extant/Alcelaphini/Damaliscus/dorcas/UM3/DSCN3003.JPG
DSCN3004.JPG,Alcelaphini raw,Alcelaphini raw/images/Extant/Alcelaphini/Damaliscus/dorcas/UM2/DSCN3004.JPG
DSCN3005.JPG,Alcelaphini raw,Alcelaphini raw/images/Extant/Alcelaphini/Damaliscus/dorcas/UM1/DSCN3005.JPG
DSCN3007.JPG,Alcelaphini raw,Alcelaphini raw/images/Extant/Alcelaphini/Damaliscus/dorcas/UM3/DSCN3007.JPG
DSCN3008.JPG,Alcelaphini raw,Alcelaphini raw/images/Extant/Alcelaphini/Damaliscus/dorcas/UM2/DSCN3008.JPG
DSCN3009.JPG,Alcelaphini raw,Alcelaphini raw/images/Extant/Alcelaphini/Damaliscus/dorcas/UM1/DSCN3009.JPG
DSCN3011.JPG,Alcelaphini raw,Alcelaphini raw/images/Extant/Alcelaphini/Damaliscus/dorcas/UM3/DSCN3011.JPG
DSCN3012.JPG,Alcelaphini raw,Alcelaphini raw/images/Extant/Alcelaphini/Damaliscus/dorcas/UM2/DSCN3012.JPG
DSCN3013.JPG,Alcelaphini raw,Alcelaphini raw/images/Extant/Alcelaphini/Damaliscus/dorcas/UM3/DSCN3013.JPG
DSCN3014.JPG,Alcelaphini raw,Alcelaphini raw/images/Extant/Alcelaphini/Damaliscus/dorcas/UM2/DSCN3014.JPG
DSCN3015.JPG,Alcelaphini raw,Alcelaphini raw/images/Extant/Alcelaphini/Damaliscus/dorcas/UM1/DSCN3015.JPG
DSCN3017.JPG,Alcelaphini raw,Alcelaphini raw/images/Extant/Alcelaphini/Damaliscus/dorcas/LM3/DSCN3017.JPG
DSCN3018.JPG,Alcelaphini raw,Alcelaphini raw/images/Extant/Alcelaphini/Damaliscus/dorcas/LM2/DSCN3018.JPG
DSCN3019.JPG,Alcelaphini raw,Alcelaphini raw/images/Extant/Alcelaphini/Damaliscus/dorcas/LM1/DSCN3019.JPG
DSCN3021.JPG,Alcelaphini raw,Alcelaphini raw/images/Extant/Alcelaphini/Damaliscus/dorcas/LM3/DSCN3021.JPG
DSCN3022.JPG,Alcelaphini raw,Alcelaphini raw/images/Extant/Alcelaphini/Damaliscus/dorcas/LM2/DSCN3022.JPG
DSCN3023.JPG,Alcelaphini raw,Alcelaphini raw/images/Extant/Alcelaphini/Damaliscus/dorcas/LM1/DSCN3023.JPG
DSCN3025.JPG,Alcelaphini raw,Alcelaphini raw/images/Extant/Alcelaphini/Damaliscus/dorcas/LM3/DSCN3025.JPG
DSCN3026.JPG,Alcelaphini raw,Alcelaphini raw/images/Extant/Alcelaphini/Damaliscus/dorcas/LM2/DSCN3026.JPG
DSCN3027.JPG,Alcelaphini raw,Alcelaphini raw/images/Extant/Alcelaphini/Damaliscus/dorcas/LM1/DSCN3027.JPG
DSCN3029.JPG,Alcelaphini raw,Alcelaphini raw/images/Extant/Alcelaphini/Damaliscus/dorcas/LM3/DSCN3029.JPG
DSCN3030.JPG,Alcelaphini raw,Alcelaphini raw/images/Extant/Alcelaphini/Damaliscus/dorcas/LM2/DSCN3030.JPG
DSCN3031.JPG,Alcelaphini raw,Alcelaphini raw/images/Extant/Alcelaphini/Damaliscus/dorcas/LM1/DSCN3031.JPG
DSCN3033.JPG,Alcelaphini raw,Alcelaphini raw/images/Extant/Alcelaphini/Damaliscus/dorcas/LM3/DSCN3033.JPG
DSCN3034.JPG,Alcelaphini raw,Alcelaphini raw/images/Extant/Alcelaphini/Damaliscus/dorcas/LM2/DSCN3034.JPG
DSCN3035.JPG,Alcelaphini raw,Alcelaphini raw/images/Extant/Alcelaphini/Damaliscus/dorcas/LM1/DSCN3035.JPG
DSCN3037.JPG,Alcelaphini raw,Alcelaphini raw/images/Extant/Alcelaphini/Damaliscus/dorcas/LM3/DSCN3037.JPG
DSCN3038.JPG,Alcelaphini raw,Alcelaphini raw/images/Extant/Alcelaphini/Damaliscus/dorcas/LM2/DSCN3038.JPG
DSCN3039.JPG,Alcelaphini raw,Alcelaphini raw/images/Extant/Alcelaphini/Damaliscus/dorcas/LM1/DSCN3039.JPG
DSCN3041.JPG,Alcelaphini raw,Alcelaphini raw/images/Extant/Alcelaphini/Damaliscus/dorcas/LM3/DSCN3041.JPG
DSCN3042.JPG,Alcelaphini raw,Alcelaphini raw/images/Extant/Alcelaphini/Damaliscus/dorcas/LM2/DSCN3042.JPG
DSCN3043.JPG,Alcelaphini raw,Alcelaphini raw/images/Extant/Alcelaphini/Damaliscus/dorcas/LM1/DSCN3043.JPG
DSCN3045.JPG,Alcelaphini raw,Alcelaphini raw/images/Extant/Alcelaphini/Damaliscus/dorcas/LM3/DSCN3045.JPG
DSCN3046.JPG,Alcelaphini raw,Alcelaphini raw/images/Extant/Alcelaphini/Damaliscus/dorcas/LM2/DSCN3046.JPG
DSCN3047.JPG,Alcelaphini raw,Alcelaphini raw/images/Extant/Alcelaphini/Damaliscus/dorcas/LM1/DSCN3047.JPG
DSCN3049.JPG,Alcelaphini raw,Alcelaphini raw/images/Extant/Alcelaphini/Damaliscus/dorcas/LM3/DSCN3049.JPG
DSCN3050.JPG,Alcelaphini raw,Alcelaphini raw/images/Extant/Alcelaphini/Damaliscus/dorcas/LM2/DSCN3050.JPG
DSCN3051.JPG,Alcelaphini raw,Alcelaphini raw/images/Extant/Alcelaphini/Damaliscus/dorcas/LM1/DSCN3051.JPG
DSCN3053.JPG,Alcelaphini raw,Alcelaphini raw/images/Extant/Alcelaphini/Damaliscus/dorcas/LM3/DSCN3053.JPG
DSCN3054.JPG,Alcelaphini raw,Alcelaphini raw/images/Extant/Alcelaphini/Damaliscus/dorcas/LM2/DSCN3054.JPG
DSCN3055.JPG,Alcelaphini raw,Alcelaphini raw/images/Extant/Alcelaphini/Damaliscus/dorcas/LM1/DSCN3055.JPG
DSCN3057.JPG,Alcelaphini raw,Alcelaphini raw/images/Extant/Alcelaphini/Damaliscus/dorcas/LM3/DSCN3057.JPG
DSCN3059.JPG,Alcelaphini raw,Alcelaphini raw/images/Extant/Alcelaphini/Damaliscus/dorcas/LM2/DSCN3059.JPG
DSCN3060.JPG,Alcelaphini raw,Alcelaphini raw/images/Extant/Alcelaphini/Damaliscus/dorcas/LM1/DSCN3060.JPG
DSCN3062.JPG,Alcelaphini raw,Alcelaphini raw/images/Extant/Alcelaphini/Damaliscus/dorcas/LM3/DSCN3062.JPG
DSCN3063.JPG,Alcelaphini raw,Alcelaphini raw/images/Extant/Alcelaphini/Damaliscus/dorcas/LM2/DSCN3063.JPG
DSCN3064.JPG,Alcelaphini raw,Alcelaphini raw/images/Extant/Alcelaphini/Damaliscus/dorcas/LM1/DSCN3064.JPG
DSCN3075.JPG,Alcelaphini raw,Alcelaphini raw/images/Extant/Alcelaphini/Damaliscus/dorcas/LM3/DSCN3075.JPG
DSCN3076.JPG,Alcelaphini raw,Alcelaphini raw/images/Extant/Alcelaphini/Damaliscus/dorcas/LM2/DSCN3076.JPG
DSCN3077.JPG,Alcelaphini raw,Alcelaphini raw/images/Extant/Alcelaphini/Damaliscus/dorcas/LM1/DSCN3077.JPG
DSCN3078.JPG,Alcelaphini raw,Alcelaphini raw/images/Extant/Alcelaphini/Damaliscus/dorcas/LM3/DSCN3078.JPG
DSCN3079.JPG,Alcelaphini raw,Alcelaphini raw/images/Extant/Alcelaphini/Damaliscus/dorcas/LM2/DSCN3079.JPG
DSCN3080.JPG,Alcelaphini raw,Alcelaphini raw/images/Extant/Alcelaphini/Damaliscus/dorcas/LM1/DSCN3080.JPG
DSCN3081.JPG,Alcelaphini raw,Alcelaphini raw/images/Extant/Alcelaphini/Damaliscus/dorcas/LM3/DSCN3081.JPG
DSCN3082.JPG,Alcelaphini raw,Alcelaphini raw/images/Extant/Alcelaphini/Damaliscus/dorcas/LM2/DSCN3082.JPG
DSCN3083.JPG,Alcelaphini raw,Alcelaphini raw/images/Extant/Alcelaphini/Damaliscus/dorcas/LM1/DSCN3083.JPG
DSCN3084.JPG,Alcelaphini raw,Alcelaphini raw/images/Extant/Alcelaphini/Damaliscus/dorcas/LM3/DSCN3084.JPG
DSCN3086.JPG,Alcelaphini raw,Alcelaphini raw/images/Extant/Alcelaphini/Damaliscus/dorcas/LM2/DSCN3086.JPG
DSCN3087.JPG,Alcelaphini raw,Alcelaphini raw/images/Extant/Alcelaphini/Damaliscus/dorcas/LM1/DSCN3087.JPG
DSCN3097.JPG,Alcelaphini raw,Alcelaphini raw/images/Extant/Alcelaphini/Damaliscus/dorcas/LM3/DSCN3097.JPG
DSCN3098.JPG,Alcelaphini raw,Alcelaphini raw/images/Extant/Alcelaphini/Damaliscus/dorcas/LM2/DSCN3098.JPG
DSCN3099.JPG,Alcelaphini raw,Alcelaphini raw/images/Extant/Alcelaphini/Damaliscus/dorcas/LM1/DSCN3099.JPG
DSCN3102.JPG,Alcelaphini raw,Alcelaphini raw/images/Extant/Alcelaphini/Damaliscus/dorcas/LM3/DSCN3102.JPG
DSCN3103.JPG,Alcelaphini raw,Alcelaphini raw/images/Extant/Alcelaphini/Damaliscus/dorcas/LM2/DSCN3103.JPG
DSCN3104.JPG,Alcelaphini raw,Alcelaphini raw/images/Extant/Alcelaphini/Damaliscus/dorcas/LM1/DSCN3104.JPG
DSCN3106.JPG,Alcelaphini raw,Alcelaphini raw/images/Extant/Alcelaphini/Damaliscus/dorcas/LM3/DSCN3106.JPG
DSCN3107.JPG,Alcelaphini raw,Alcelaphini raw/images/Extant/Alcelaphini/Damaliscus/dorcas/LM2/DSCN3107.JPG
DSCN3108.JPG,Alcelaphini raw,Alcelaphini raw/images/Extant/Alcelaphini/Damaliscus/dorcas/LM1/DSCN3108.JPG
DSCN3110.JPG,Alcelaphini raw,Alcelaphini raw/images/Extant/Alcelaphini/Damaliscus/dorcas/LM3/DSCN3110.JPG
DSCN3111.JPG,Alcelaphini raw,Alcelaphini raw/images/Extant/Alcelaphini/Damaliscus/dorcas/LM2/DSCN3111.JPG
DSCN3112.JPG,Alcelaphini raw,Alcelaphini raw/images/Extant/Alcelaphini/Damaliscus/dorcas/LM1/DSCN3112.JPG
DSCN3114.JPG,Alcelaphini raw,Alcelaphini raw/images/Extant/Alcelaphini/Connochaetes/gnou/UM3/DSCN3114.JPG
DSCN3115.JPG,Alcelaphini raw,Alcelaphini raw/images/Extant/Alcelaphini/Connochaetes/gnou/UM2/DSCN3115.JPG
DSCN3116.JPG,Alcelaphini raw,Alcelaphini raw/images/Extant/Alcelaphini/Connochaetes/gnou/UM1/DSCN3116.JPG
DSCN3117.JPG,Alcelaphini raw,Alcelaphini raw/images/Extant/Alcelaphini/Connochaetes/gnou/UM3/DSCN3117.JPG
DSCN3118.JPG,Alcelaphini raw,Alcelaphini raw/images/Extant/Alcelaphini/Connochaetes/gnou/UM2/DSCN3118.JPG
DSCN3120.JPG,Alcelaphini raw,Alcelaphini raw/images/Extant/Alcelaphini/Connochaetes/gnou/UM3/DSCN3120.JPG
DSCN3122.JPG,Alcelaphini raw,Alcelaphini raw/images/Extant/Alcelaphini/Connochaetes/gnou/UM2/DSCN3122.JPG
DSCN3123.JPG,Alcelaphini raw,Alcelaphini raw/images/Extant/Alcelaphini/Connochaetes/gnou/UM1/DSCN3123.JPG
DSCN3124.JPG,Alcelaphini raw,Alcelaphini raw/images/Extant/Alcelaphini/Connochaetes/gnou/UM3/DSCN3124.JPG
DSCN3126.JPG,Alcelaphini raw,Alcelaphini raw/images/Extant/Alcelaphini/Connochaetes/gnou/LM3/DSCN3126.JPG
DSCN3127.JPG,Alcelaphini raw,Alcelaphini raw/images/Extant/Alcelaphini/Connochaetes/gnou/LM2/DSCN3127.JPG
DSCN3128.JPG,Alcelaphini raw,Alcelaphini raw/images/Extant/Alcelaphini/Connochaetes/gnou/LM1/DSCN3128.JPG
DSCN3130.JPG,Antilopini raw,Antilopini raw/images/Extant/Antilopini/Antidorcas/marsupialis/UM3/DSCN3130.JPG
DSCN3131.JPG,Antilopini raw,Antilopini raw/images/Extant/Antilopini/Antidorcas/marsupialis/UM2/DSCN3131.JPG
DSCN3132.JPG,Antilopini raw,Antilopini raw/images/Extant/Antilopini/Antidorcas/marsupialis/UM1/DSCN3132.JPG
DSCN3134.JPG,Antilopini raw,Antilopini raw/images/Extant/Antilopini/Antidorcas/marsupialis/UM3/DSCN3134.JPG
DSCN3135.JPG,Antilopini raw,Antilopini raw/images/Extant/Antilopini/Antidorcas/marsupialis/UM2/DSCN3135.JPG
DSCN3136.JPG,Antilopini raw,Antilopini raw/images/Extant/Antilopini/Antidorcas/marsupialis/UM1/DSCN3136.JPG
DSCN3138.JPG,Antilopini raw,Antilopini raw/images/Extant/Antilopini/Antidorcas/marsupialis/UM3/DSCN3138.JPG
DSCN3139.JPG,Antilopini raw,Antilopini raw/images/Extant/Antilopini/Antidorcas/marsupialis/UM2/DSCN3139.JPG
DSCN3140.JPG,Antilopini raw,Antilopini raw/images/Extant/Antilopini/Antidorcas/marsupialis/UM1/DSCN3140.JPG
DSCN3142.JPG,Antilopini raw,Antilopini raw/images/Extant/Antilopini/Antidorcas/marsupialis/UM3/DSCN3142.JPG
DSCN3143.JPG,Antilopini raw,Antilopini raw/images/Extant/Antilopini/Antidorcas/marsupialis/UM2/DSCN3143.JPG
DSCN3144.JPG,Antilopini raw,Antilopini raw/images/Extant/Antilopini/Antidorcas/marsupialis/UM1/DSCN3144.JPG
DSCN3146.JPG,Antilopini raw,Antilopini raw/images/Extant/Antilopini/Antidorcas/marsupialis/UM3/DSCN3146.JPG
DSCN3147.JPG,Antilopini raw,Antilopini raw/images/Extant/Antilopini/Antidorcas/marsupialis/UM2/DSCN3147.JPG
DSCN3148.JPG,Antilopini raw,Antilopini raw/images/Extant/Antilopini/Antidorcas/marsupialis/UM1/DSCN3148.JPG
DSCN3150.JPG,Antilopini raw,Antilopini raw/images/Extant/Antilopini/Antidorcas/marsupialis/UM3/DSCN3150.JPG
DSCN3151.JPG,Antilopini raw,Antilopini raw/images/Extant/Antilopini/Antidorcas/marsupialis/UM2/DSCN3151.JPG
DSCN3152.JPG,Antilopini raw,Antilopini raw/images/Extant/Antilopini/Antidorcas/marsupialis/UM1/DSCN3152.JPG
DSCN3154.JPG,Antilopini raw,Antilopini raw/images/Extant/Antilopini/Antidorcas/marsupialis/UM3/DSCN3154.JPG
DSCN3155.JPG,Antilopini raw,Antilopini raw/images/Extant/Antilopini/Antidorcas/marsupialis/UM2/DSCN3155.JPG
DSCN3156.JPG,Antilopini raw,Antilopini raw/images/Extant/Antilopini/Antidorcas/marsupialis/UM1/DSCN3156.JPG
DSCN3159.JPG,Antilopini raw,Antilopini raw/images/Extant/Antilopini/Antidorcas/marsupialis/UM3/DSCN3159.JPG
DSCN3160.JPG,Antilopini raw,Antilopini raw/images/Extant/Antilopini/Antidorcas/marsupialis/UM2/DSCN3160.JPG
DSCN3164.JPG,Antilopini raw,Antilopini raw/images/Extant/Antilopini/Antidorcas/marsupialis/UM3/DSCN3164.JPG
DSCN3165.JPG,Antilopini raw,Antilopini raw/images/Extant/Antilopini/Antidorcas/marsupialis/UM2/DSCN3165.JPG
DSCN3166.JPG,Antilopini raw,Antilopini raw/images/Extant/Antilopini/Antidorcas/marsupialis/UM1/DSCN3166.JPG
DSCN3168.JPG,Antilopini raw,Antilopini raw/images/Extant/Antilopini/Antidorcas/marsupialis/UM3/DSCN3168.JPG
DSCN3169.JPG,Antilopini raw,Antilopini raw/images/Extant/Antilopini/Antidorcas/marsupialis/UM2/DSCN3169.JPG
DSCN3170.JPG,Antilopini raw,Antilopini raw/images/Extant/Antilopini/Antidorcas/marsupialis/UM1/DSCN3170.JPG
DSCN3172.JPG,Antilopini raw,Antilopini raw/images/Extant/Antilopini/Antidorcas/marsupialis/UM3/DSCN3172.JPG
DSCN3173.JPG,Antilopini raw,Antilopini raw/images/Extant/Antilopini/Antidorcas/marsupialis/UM2/DSCN3173.JPG
DSCN3174.JPG,Antilopini raw,Antilopini raw/images/Extant/Antilopini/Antidorcas/marsupialis/UM1/DSCN3174.JPG
DSCN3176.JPG,Antilopini raw,Antilopini raw/images/Extant/Antilopini/Antidorcas/marsupialis/UM3/DSCN3176.JPG
DSCN3177.JPG,Antilopini raw,Antilopini raw/images/Extant/Antilopini/Antidorcas/marsupialis/UM2/DSCN3177.JPG
DSCN3178.JPG,Antilopini raw,Antilopini raw/images/Extant/Antilopini/Antidorcas/marsupialis/UM1/DSCN3178.JPG
DSCN3180.JPG,Antilopini raw,Antilopini raw/images/Extant/Antilopini/Antidorcas/marsupialis/UM3/DSCN3180.JPG
DSCN3181.JPG,Antilopini raw,Antilopini raw/images/Extant/Antilopini/Antidorcas/marsupialis/UM2/DSCN3181.JPG
DSCN3182.JPG,Antilopini raw,Antilopini raw/images/Extant/Antilopini/Antidorcas/marsupialis/UM1/DSCN3182.JPG
DSCN3184.JPG,Antilopini raw,Antilopini raw/images/Extant/Antilopini/Antidorcas/marsupialis/UM3/DSCN3184.JPG
DSCN3185.JPG,Antilopini raw,Antilopini raw/images/Extant/Antilopini/Antidorcas/marsupialis/UM2/DSCN3185.JPG
DSCN3186.JPG,Antilopini raw,Antilopini raw/images/Extant/Antilopini/Antidorcas/marsupialis/UM1/DSCN3186.JPG
DSCN3190.JPG,Antilopini raw,Antilopini raw/images/Extant/Antilopini/Antidorcas/marsupialis/LM2/DSCN3190.JPG
DSCN3191.JPG,Antilopini raw,Antilopini raw/images/Extant/Antilopini/Antidorcas/marsupialis/LM1/DSCN3191.JPG
DSCN3193.JPG,Antilopini raw,Antilopini raw/images/Extant/Antilopini/Antidorcas/marsupialis/LM3/DSCN3193.JPG
DSCN3194.JPG,Antilopini raw,Antilopini raw/images/Extant/Antilopini/Antidorcas/marsupialis/LM3/DSCN3194.JPG
DSCN3195.JPG,Antilopini raw,Antilopini raw/images/Extant/Antilopini/Antidorcas/marsupialis/LM2/DSCN3195.JPG
DSCN3197.JPG,Antilopini raw,Antilopini raw/images/Extant/Antilopini/Antidorcas/marsupialis/LM1/DSCN3197.JPG
DSCN3198.JPG,Antilopini raw,Antilopini raw/images/Extant/Antilopini/Antidorcas/marsupialis/LM3/DSCN3198.JPG
DSCN3199.JPG,Antilopini raw,Antilopini raw/images/Extant/Antilopini/Antidorcas/marsupialis/LM2/DSCN3199.JPG
DSCN3200.JPG,Antilopini raw,Antilopini raw/images/Extant/Antilopini/Antidorcas/marsupialis/LM1/DSCN3200.JPG
DSCN3202.JPG,Antilopini raw,Antilopini raw/images/Extant/Antilopini/Antidorcas/marsupialis/LM3/DSCN3202.JPG
DSCN3203.JPG,Antilopini raw,Antilopini raw/images/Extant/Antilopini/Antidorcas/marsupialis/LM2/DSCN3203.JPG
DSCN3204.JPG,Antilopini raw,Antilopini raw/images/Extant/Antilopini/Antidorcas/marsupialis/LM1/DSCN3204.JPG
DSCN3206.JPG,Antilopini raw,Antilopini raw/images/Extant/Antilopini/Antidorcas/marsupialis/LM3/DSCN3206.JPG
DSCN3207.JPG,Antilopini raw,Antilopini raw/images/Extant/Antilopini/Antidorcas/marsupialis/LM2/DSCN3207.JPG
DSCN3208.JPG,Antilopini raw,Antilopini raw/images/Extant/Antilopini/Antidorcas/marsupialis/LM3/DSCN3208.JPG
DSCN3209.JPG,Antilopini raw,Antilopini raw/images/Extant/Antilopini/Antidorcas/marsupialis/LM2/DSCN3209.JPG
DSCN3210.JPG,Antilopini raw,Antilopini raw/images/Extant/Antilopini/Antidorcas/marsupialis/LM1/DSCN3210.JPG
DSCN3212.JPG,Antilopini raw,Antilopini raw/images/Extant/Antilopini/Antidorcas/marsupialis/LM3/DSCN3212.JPG
DSCN3213.JPG,Antilopini raw,Antilopini raw/images/Extant/Antilopini/Antidorcas/marsupialis/LM2/DSCN3213.JPG
DSCN3214.JPG,Antilopini raw,Antilopini raw/images/Extant/Antilopini/Antidorcas/marsupialis/LM1/DSCN3214.JPG
DSCN3216.JPG,Antilopini raw,Antilopini raw/images/Extant/Antilopini/Antidorcas/marsupialis/LM3/DSCN3216.JPG
DSCN3217.JPG,Antilopini raw,Antilopini raw/images/Extant/Antilopini/Antidorcas/marsupialis/LM2/DSCN3217.JPG
DSCN3218.JPG,Antilopini raw,Antilopini raw/images/Extant/Antilopini/Antidorcas/marsupialis/LM1/DSCN3218.JPG
DSCN3220.JPG,Antilopini raw,Antilopini raw/images/Extant/Antilopini/Antidorcas/marsupialis/LM3/DSCN3220.JPG
DSCN3221.JPG,Antilopini raw,Antilopini raw/images/Extant/Antilopini/Antidorcas/marsupialis/LM2/DSCN3221.JPG
DSCN3222.JPG,Antilopini raw,Antilopini raw/images/Extant/Antilopini/Antidorcas/marsupialis/LM1/DSCN3222.JPG
DSCN3224.JPG,Antilopini raw,Antilopini raw/images/Extant/Antilopini/Antidorcas/marsupialis/LM3/DSCN3224.JPG
DSCN3226.JPG,Antilopini raw,Antilopini raw/images/Extant/Antilopini/Antidorcas/marsupialis/LM2/DSCN3226.JPG
DSCN3227.JPG,Antilopini raw,Antilopini raw/images/Extant/Antilopini/Antidorcas/marsupialis/LM1/DSCN3227.JPG
DSCN3229.JPG,Antilopini raw,Antilopini raw/images/Extant/Antilopini/Antidorcas/marsupialis/LM3/DSCN3229.JPG
DSCN3230.JPG,Antilopini raw,Antilopini raw/images/Extant/Antilopini/Antidorcas/marsupialis/LM2/DSCN3230.JPG
DSCN3231.JPG,Antilopini raw,Antilopini raw/images/Extant/Antilopini/Antidorcas/marsupialis/LM1/DSCN3231.JPG
DSCN3233.JPG,Alcelaphini raw,Alcelaphini raw/images/Extant/Alcelaphini/Connochaetes/taurinus/UM3/DSCN3233.JPG
DSCN3234.JPG,Alcelaphini raw,Alcelaphini raw/images/Extant/Alcelaphini/Connochaetes/taurinus/UM2/DSCN3234.JPG
DSCN3235.JPG,Tragelaphini raw,Tragelaphini raw/images/Extant/Tragelaphini/Taurotragus/oryx/UM3/DSCN3235.JPG
DSCN3236.JPG,Tragelaphini raw,Tragelaphini raw/images/Extant/Tragelaphini/Taurotragus/oryx/UM2/DSCN3236.JPG
DSCN3237.JPG,Tragelaphini raw,Tragelaphini raw/images/Extant/Tragelaphini/Taurotragus/oryx/UM1/DSCN3237.JPG
DSCN3240.JPG,Tragelaphini raw,Tragelaphini raw/images/Extant/Tragelaphini/Taurotragus/oryx/UM2/DSCN3240.JPG
DSCN3241.JPG,Tragelaphini raw,Tragelaphini raw/images/Extant/Tragelaphini/Taurotragus/oryx/UM1/DSCN3241.JPG
DSCN3243.JPG,Tragelaphini raw,Tragelaphini raw/images/Extant/Tragelaphini/Taurotragus/oryx/UM3/DSCN3243.JPG
DSCN3244.JPG,Tragelaphini raw,Tragelaphini raw/images/Extant/Tragelaphini/Taurotragus/oryx/UM2/DSCN3244.JPG
DSCN3245.JPG,Tragelaphini raw,Tragelaphini raw/images/Extant/Tragelaphini/Taurotragus/oryx/UM1/DSCN3245.JPG
DSCN3247.JPG,Tragelaphini raw,Tragelaphini raw/images/Extant/Tragelaphini/Taurotragus/oryx/UM3/DSCN3247.JPG
DSCN3248.JPG,Tragelaphini raw,Tragelaphini raw/images/Extant/Tragelaphini/Taurotragus/oryx/UM2/DSCN3248.JPG
DSCN3249.JPG,Tragelaphini raw,Tragelaphini raw/images/Extant/Tragelaphini/Taurotragus/oryx/UM1/DSCN3249.JPG
DSCN3251.JPG,Tragelaphini raw,Tragelaphini raw/images/Extant/Tragelaphini/Taurotragus/oryx/UM3/DSCN3251.JPG
DSCN3252.JPG,Tragelaphini raw,Tragelaphini raw/images/Extant/Tragelaphini/Taurotragus/oryx/UM2/DSCN3252.JPG
DSCN3253.JPG,Tragelaphini raw,Tragelaphini raw/images/Extant/Tragelaphini/Taurotragus/oryx/UM1/DSCN3253.JPG
DSCN3255.JPG,Tragelaphini raw,Tragelaphini raw/images/Extant/Tragelaphini/Taurotragus/oryx/UM3/DSCN3255.JPG
DSCN3256.JPG,Tragelaphini raw,Tragelaphini raw/images/Extant/Tragelaphini/Taurotragus/oryx/UM2/DSCN3256.JPG
DSCN3257.JPG,Tragelaphini raw,Tragelaphini raw/images/Extant/Tragelaphini/Taurotragus/oryx/UM1/DSCN3257.JPG
DSCN3259.JPG,Tragelaphini raw,Tragelaphini raw/images/Extant/Tragelaphini/Taurotragus/oryx/UM3/DSCN3259.JPG
DSCN3260.JPG,Tragelaphini raw,Tragelaphini raw/images/Extant/Tragelaphini/Taurotragus/oryx/UM2/DSCN3260.JPG
DSCN3261.JPG,Tragelaphini raw,Tragelaphini raw/images/Extant/Tragelaphini/Taurotragus/oryx/UM1/DSCN3261.JPG
DSCN3263.JPG,Tragelaphini raw,Tragelaphini raw/images/Extant/Tragelaphini/Taurotragus/oryx/UM3/DSCN3263.JPG
DSCN3264.JPG,Tragelaphini raw,Tragelaphini raw/images/Extant/Tragelaphini/Taurotragus/oryx/UM2/DSCN3264.JPG
DSCN3265.JPG,Tragelaphini raw,Tragelaphini raw/images/Extant/Tragelaphini/Taurotragus/oryx/UM1/DSCN3265.JPG
DSCN3267.JPG,Tragelaphini raw,Tragelaphini raw/images/Extant/Tragelaphini/Taurotragus/oryx/UM3/DSCN3267.JPG
DSCN3268.JPG,Tragelaphini raw,Tragelaphini raw/images/Extant/Tragelaphini/Taurotragus/oryx/UM2/DSCN3268.JPG
DSCN3269.JPG,Tragelaphini raw,Tragelaphini raw/images/Extant/Tragelaphini/Taurotragus/oryx/UM1/DSCN3269.JPG
DSCN3271.JPG,Tragelaphini raw,Tragelaphini raw/images/Extant/Tragelaphini/Taurotragus/oryx/UM3/DSCN3271.JPG
DSCN3273.JPG,Tragelaphini raw,Tragelaphini raw/images/Extant/Tragelaphini/Taurotragus/oryx/UM2/DSCN3273.JPG
DSCN3275.JPG,Tragelaphini raw,Tragelaphini raw/images/Extant/Tragelaphini/Taurotragus/oryx/UM1/DSCN3275.JPG
DSCN3276.JPG,Tragelaphini raw,Tragelaphini raw/images/Extant/Tragelaphini/Taurotragus/oryx/UM3/DSCN3276.JPG
DSCN3277.JPG,Tragelaphini raw,Tragelaphini raw/images/Extant/Tragelaphini/Taurotragus/oryx/UM2/DSCN3277.JPG
DSCN3278.JPG,Tragelaphini raw,Tragelaphini raw/images/Extant/Tragelaphini/Taurotragus/oryx/UM1/DSCN3278.JPG
DSCN3280.JPG,Tragelaphini raw,Tragelaphini raw/images/Extant/Tragelaphini/Taurotragus/oryx/UM3/DSCN3280.JPG
DSCN3281.JPG,Tragelaphini raw,Tragelaphini raw/images/Extant/Tragelaphini/Taurotragus/oryx/UM2/DSCN3281.JPG
DSCN3282.JPG,Tragelaphini raw,Tragelaphini raw/images/Extant/Tragelaphini/Taurotragus/oryx/UM1/DSCN3282.JPG
DSCN3284.JPG,Tragelaphini raw,Tragelaphini raw/images/Extant/Tragelaphini/Taurotragus/oryx/UM2/DSCN3284.JPG
DSCN3285.JPG,Tragelaphini raw,Tragelaphini raw/images/Extant/Tragelaphini/Taurotragus/oryx/UM1/DSCN3285.JPG
DSCN3287.JPG,Tragelaphini raw,Tragelaphini raw/images/Extant/Tragelaphini/Taurotragus/oryx/LM3/DSCN3287.JPG
DSCN3288.JPG,Tragelaphini raw,Tragelaphini raw/images/Extant/Tragelaphini/Taurotragus/oryx/LM1/DSCN3288.JPG
DSCN3289.JPG,Tragelaphini raw,Tragelaphini raw/images/Extant/Tragelaphini/Taurotragus/oryx/LM1/DSCN3289.JPG
DSCN3292.JPG,Tragelaphini raw,Tragelaphini raw/images/Extant/Tragelaphini/Taurotragus/oryx/LM2/DSCN3292.JPG
DSCN3294.JPG,Tragelaphini raw,Tragelaphini raw/images/Extant/Tragelaphini/Taurotragus/oryx/LM1/DSCN3294.JPG
DSCN3295.JPG,Tragelaphini raw,Tragelaphini raw/images/Extant/Tragelaphini/Taurotragus/oryx/LM3/DSCN3295.JPG
DSCN3296.JPG,Tragelaphini raw,Tragelaphini raw/images/Extant/Tragelaphini/Taurotragus/oryx/LM1/DSCN3296.JPG
DSCN3299.JPG,Tragelaphini raw,Tragelaphini raw/images/Extant/Tragelaphini/Taurotragus/oryx/LM2/DSCN3299.JPG
DSCN3300.JPG,Tragelaphini raw,Tragelaphini raw/images/Extant/Tragelaphini/Taurotragus/oryx/LM1/DSCN3300.JPG
DSCN3304.JPG,Tragelaphini raw,Tragelaphini raw/images/Extant/Tragelaphini/Taurotragus/oryx/LM3/DSCN3304.JPG
DSCN3305.JPG,Tragelaphini raw,Tragelaphini raw/images/Extant/Tragelaphini/Taurotragus/oryx/LM3/DSCN3305.JPG
DSCN3306.JPG,Tragelaphini raw,Tragelaphini raw/images/Extant/Tragelaphini/Taurotragus/oryx/LM2/DSCN3306.JPG
DSCN3307.JPG,Tragelaphini raw,Tragelaphini raw/images/Extant/Tragelaphini/Taurotragus/oryx/LM1/DSCN3307.JPG
DSCN3310.JPG,Tragelaphini raw,Tragelaphini raw/images/Extant/Tragelaphini/Taurotragus/oryx/LM3/DSCN3310.JPG
DSCN3311.JPG,Tragelaphini raw,Tragelaphini raw/images/Extant/Tragelaphini/Taurotragus/oryx/LM2/DSCN3311.JPG
DSCN3312.JPG,Tragelaphini raw,Tragelaphini raw/images/Extant/Tragelaphini/Taurotragus/oryx/LM1/DSCN3312.JPG
DSCN3314.JPG,Tragelaphini raw,Tragelaphini raw/images/Extant/Tragelaphini/Taurotragus/oryx/LM3/DSCN3314.JPG
DSCN3315.JPG,Tragelaphini raw,Tragelaphini raw/images/Extant/Tragelaphini/Taurotragus/oryx/LM2/DSCN3315.JPG
DSCN3316.JPG,Tragelaphini raw,Tragelaphini raw/images/Extant/Tragelaphini/Taurotragus/oryx/LM1/DSCN3316.JPG
DSCN3318.JPG,Tragelaphini raw,Tragelaphini raw/images/Extant/Tragelaphini/Taurotragus/oryx/LM3/DSCN3318.JPG
DSCN3319.JPG,Tragelaphini raw,Tragelaphini raw/images/Extant/Tragelaphini/Taurotragus/oryx/LM2/DSCN3319.JPG
DSCN3320.JPG,Tragelaphini raw,Tragelaphini raw/images/Extant/Tragelaphini/Taurotragus/oryx/LM1/DSCN3320.JPG
DSCN3323.JPG,Tragelaphini raw,Tragelaphini raw/images/Extant/Tragelaphini/Tragelaphus/scriptus/UM2/DSCN3323.JPG
DSCN3324.JPG,Tragelaphini raw,Tragelaphini raw/images/Extant/Tragelaphini/Tragelaphus/scriptus/UM1/DSCN3324.JPG
DSCN3325.JPG,Tragelaphini raw,Tragelaphini raw/images/Extant/Tragelaphini/Tragelaphus/scriptus/UM2/DSCN3325.JPG
DSCN3326.JPG,Tragelaphini raw,Tragelaphini raw/images/Extant/Tragelaphini/Tragelaphus/scriptus/UM1/DSCN3326.JPG
DSCN3327.JPG,Tragelaphini raw,Tragelaphini raw/images/Extant/Tragelaphini/Tragelaphus/scriptus/UM3/DSCN3327.JPG
DSCN3328.JPG,Tragelaphini raw,Tragelaphini raw/images/Extant/Tragelaphini/Tragelaphus/scriptus/UM2/DSCN3328.JPG
DSCN3329.JPG,Tragelaphini raw,Tragelaphini raw/images/Extant/Tragelaphini/Tragelaphus/scriptus/UM1/DSCN3329.JPG
DSCN3331.JPG,Tragelaphini raw,Tragelaphini raw/images/Extant/Tragelaphini/Tragelaphus/scriptus/UM3/DSCN3331.JPG
DSCN3332.JPG,Tragelaphini raw,Tragelaphini raw/images/Extant/Tragelaphini/Tragelaphus/scriptus/LM3/DSCN3332.JPG
DSCN3333.JPG,Tragelaphini raw,Tragelaphini raw/images/Extant/Tragelaphini/Tragelaphus/scriptus/LM2/DSCN3333.JPG
DSCN3334.JPG,Tragelaphini raw,Tragelaphini raw/images/Extant/Tragelaphini/Tragelaphus/scriptus/LM1/DSCN3334.JPG
DSCN3337.JPG,Tragelaphini raw,Tragelaphini raw/images/Extant/Tragelaphini/Tragelaphus/scriptus/LM3/DSCN3337.JPG
DSCN3338.JPG,Tragelaphini raw,Tragelaphini raw/images/Extant/Tragelaphini/Tragelaphus/scriptus/LM2/DSCN3338.JPG
DSCN3339.JPG,Tragelaphini raw,Tragelaphini raw/images/Extant/Tragelaphini/Tragelaphus/scriptus/LM1/DSCN3339.JPG
DSCN3345.JPG,Tragelaphini raw,Tragelaphini raw/images/Extant/Tragelaphini/Tragelaphus/strepsiceros/UM3/DSCN3345.JPG
DSCN3346.JPG,Tragelaphini raw,Tragelaphini raw/images/Extant/Tragelaphini/Tragelaphus/strepsiceros/UM2/DSCN3346.JPG
DSCN3347.JPG,Tragelaphini raw,Tragelaphini raw/images/Extant/Tragelaphini/Tragelaphus/strepsiceros/UM1/DSCN3347.JPG
DSCN3349.JPG,Tragelaphini raw,Tragelaphini raw/images/Extant/Tragelaphini/Tragelaphus/strepsiceros/UM3/DSCN3349.JPG
DSCN3350.JPG,Tragelaphini raw,Tragelaphini raw/images/Extant/Tragelaphini/Tragelaphus/strepsiceros/UM2/DSCN3350.JPG
DSCN3351.JPG,Tragelaphini raw,Tragelaphini raw/images/Extant/Tragelaphini/Tragelaphus/strepsiceros/UM1/DSCN3351.JPG
DSCN3353.JPG,Tragelaphini raw,Tragelaphini raw/images/Extant/Tragelaphini/Tragelaphus/strepsiceros/UM2/DSCN3353.JPG
DSCN3354.JPG,Tragelaphini raw,Tragelaphini raw/images/Extant/Tragelaphini/Tragelaphus/strepsiceros/UM1/DSCN3354.JPG
DSCN3355.JPG,Tragelaphini raw,Tragelaphini raw/images/Extant/Tragelaphini/Tragelaphus/strepsiceros/UM3/DSCN3355.JPG
DSCN3356.JPG,Tragelaphini raw,Tragelaphini raw/images/Extant/Tragelaphini/Tragelaphus/strepsiceros/UM2/DSCN3356.JPG
DSCN3357.JPG,Tragelaphini raw,Tragelaphini raw/images/Extant/Tragelaphini/Tragelaphus/strepsiceros/UM1/DSCN3357.JPG
DSCN3359.JPG,Tragelaphini raw,Tragelaphini raw/images/Extant/Tragelaphini/Tragelaphus/strepsiceros/LM3/DSCN3359.JPG
DSCN3360.JPG,Tragelaphini raw,Tragelaphini raw/images/Extant/Tragelaphini/Tragelaphus/strepsiceros/LM2/DSCN3360.JPG
DSCN3361.JPG,Tragelaphini raw,Tragelaphini raw/images/Extant/Tragelaphini/Tragelaphus/strepsiceros/LM1/DSCN3361.JPG
DSCN3364.JPG,Tragelaphini raw,Tragelaphini raw/images/Extant/Tragelaphini/Tragelaphus/strepsiceros/LM3/DSCN3364.JPG
DSCN3365.JPG,Tragelaphini raw,Tragelaphini raw/images/Extant/Tragelaphini/Tragelaphus/strepsiceros/LM2/DSCN3365.JPG
DSCN3366.JPG,Tragelaphini raw,Tragelaphini raw/images/Extant/Tragelaphini/Tragelaphus/strepsiceros/LM1/DSCN3366.JPG
DSCN3368.JPG,Tragelaphini raw,Tragelaphini raw/images/Extant/Tragelaphini/Tragelaphus/strepsiceros/LM3/DSCN3368.JPG
DSCN3369.JPG,Tragelaphini raw,Tragelaphini raw/images/Extant/Tragelaphini/Tragelaphus/strepsiceros/LM2/DSCN3369.JPG
DSCN3370.JPG,Tragelaphini raw,Tragelaphini raw/images/Extant/Tragelaphini/Tragelaphus/strepsiceros/LM1/DSCN3370.JPG
DSCN3373.JPG,Reduncini raw,Reduncini raw/images/Extant/Reduncini/Redunca/fulvorufulva/UM3/DSCN3373.JPG
DSCN3374.JPG,Reduncini raw,Reduncini raw/images/Extant/Reduncini/Redunca/fulvorufulva/UM2/DSCN3374.JPG
DSCN3375.JPG,Reduncini raw,Reduncini raw/images/Extant/Reduncini/Redunca/fulvorufulva/UM1/DSCN3375.JPG
DSCN3376.JPG,Reduncini raw,Reduncini raw/images/Extant/Reduncini/Redunca/fulvorufulva/UM3/DSCN3376.JPG
DSCN3377.JPG,Reduncini raw,Reduncini raw/images/Extant/Reduncini/Redunca/fulvorufulva/UM2/DSCN3377.JPG
DSCN3378.JPG,Reduncini raw,Reduncini raw/images/Extant/Reduncini/Redunca/fulvorufulva/UM1/DSCN3378.JPG
DSCN3380.JPG,Reduncini raw,Reduncini raw/images/Extant/Reduncini/Redunca/fulvorufulva/UM2/DSCN3380.JPG
DSCN3381.JPG,Reduncini raw,Reduncini raw/images/Extant/Reduncini/Redunca/fulvorufulva/UM1/DSCN3381.JPG
DSCN3383.JPG,Reduncini raw,Reduncini raw/images/Extant/Reduncini/Redunca/fulvorufulva/UM3/DSCN3383.JPG
DSCN3384.JPG,Reduncini raw,Reduncini raw/images/Extant/Reduncini/Redunca/fulvorufulva/UM2/DSCN3384.JPG
DSCN3385.JPG,Reduncini raw,Reduncini raw/images/Extant/Reduncini/Redunca/fulvorufulva/UM1/DSCN3385.JPG
DSCN3389.JPG,Reduncini raw,Reduncini raw/images/Extant/Reduncini/Redunca/fulvorufulva/LM3/DSCN3389.JPG
DSCN3390.JPG,Reduncini raw,Reduncini raw/images/Extant/Reduncini/Redunca/fulvorufulva/LM2/DSCN3390.JPG
DSCN3391.JPG,Reduncini raw,Reduncini raw/images/Extant/Reduncini/Redunca/fulvorufulva/LM1/DSCN3391.JPG
DSCN3393.JPG,Reduncini raw,Reduncini raw/images/Extant/Reduncini/Redunca/fulvorufulva/LM3/DSCN3393.JPG
DSCN3394.JPG,Reduncini raw,Reduncini raw/images/Extant/Reduncini/Redunca/fulvorufulva/LM2/DSCN3394.JPG
DSCN3395.JPG,Reduncini raw,Reduncini raw/images/Extant/Reduncini/Redunca/fulvorufulva/LM1/DSCN3395.JPG
DSCN3398.JPG,Reduncini raw,Reduncini raw/images/Extant/Reduncini/Redunca/fulvorufulva/LM3/DSCN3398.JPG
DSCN3399.JPG,Reduncini raw,Reduncini raw/images/Extant/Reduncini/Redunca/fulvorufulva/LM2/DSCN3399.JPG
DSCN3400.JPG,Reduncini raw,Reduncini raw/images/Extant/Reduncini/Redunca/fulvorufulva/LM1/DSCN3400.JPG
DSCN3406.JPG,Reduncini raw,Reduncini raw/images/Extant/Reduncini/Redunca/arundinum/LM3/DSCN3406.JPG
DSCN3407.JPG,Reduncini raw,Reduncini raw/images/Extant/Reduncini/Redunca/arundinum/LM2/DSCN3407.JPG
DSCN3408.JPG,Reduncini raw,Reduncini raw/images/Extant/Reduncini/Redunca/arundinum/LM1/DSCN3408.JPG
DSCN3410.JPG,Reduncini raw,Reduncini raw/images/Extant/Reduncini/Redunca/arundinum/LM3/DSCN3410.JPG
DSCN3411.JPG,Reduncini raw,Reduncini raw/images/Extant/Reduncini/Redunca/arundinum/LM2/DSCN3411.JPG
DSCN3412.JPG,Reduncini raw,Reduncini raw/images/Extant/Reduncini/Redunca/arundinum/LM1/DSCN3412.JPG
DSCN3415.JPG,Reduncini raw,Reduncini raw/images/Extant/Reduncini/Redunca/arundinum/LM3/DSCN3415.JPG
DSCN3416.JPG,Reduncini raw,Reduncini raw/images/Extant/Reduncini/Redunca/arundinum/LM2/DSCN3416.JPG
DSCN3417.JPG,Reduncini raw,Reduncini raw/images/Extant/Reduncini/Redunca/arundinum/LM1/DSCN3417.JPG
DSCN3419.JPG,Reduncini raw,Reduncini raw/images/Extant/Reduncini/Redunca/arundinum/LM3/DSCN3419.JPG
DSCN3420.JPG,Reduncini raw,Reduncini raw/images/Extant/Reduncini/Redunca/arundinum/LM2/DSCN3420.JPG
DSCN3422.JPG,Reduncini raw,Reduncini raw/images/Extant/Reduncini/Redunca/arundinum/LM3/DSCN3422.JPG
DSCN3423.JPG,Reduncini raw,Reduncini raw/images/Extant/Reduncini/Redunca/arundinum/LM2/DSCN3423.JPG
DSCN3424.JPG,Reduncini raw,Reduncini raw/images/Extant/Reduncini/Redunca/arundinum/LM1/DSCN3424.JPG
DSCN3426.JPG,Reduncini raw,Reduncini raw/images/Extant/Reduncini/Redunca/arundinum/LM3/DSCN3426.JPG
DSCN3428L.JPG,Reduncini raw,Reduncini raw/images/Extant/Reduncini/Redunca/arundinum/LM1/DSCN3428L.JPG
DSCN3431.JPG,Reduncini raw,Reduncini raw/images/Extant/Reduncini/Redunca/arundinum/LM2/DSCN3431.JPG
DSCN3432.JPG,Reduncini raw,Reduncini raw/images/Extant/Reduncini/Redunca/arundinum/LM3/DSCN3432.JPG
DSCN3434.JPG,Reduncini raw,Reduncini raw/images/Extant/Reduncini/Redunca/arundinum/LM2/DSCN3434.JPG
DSCN3435.JPG,Reduncini raw,Reduncini raw/images/Extant/Reduncini/Redunca/arundinum/LM1/DSCN3435.JPG
DSCN3438L.JPG,Reduncini raw,Reduncini raw/images/Extant/Reduncini/Redunca/arundinum/LM3/DSCN3438L.JPG
DSCN3439.JPG,Reduncini raw,Reduncini raw/images/Extant/Reduncini/Redunca/arundinum/LM2/DSCN3439.JPG
DSCN3440.JPG,Reduncini raw,Reduncini raw/images/Extant/Reduncini/Redunca/arundinum/LM1/DSCN3440.JPG
DSCN3441.JPG,Reduncini raw,Reduncini raw/images/Extant/Reduncini/Redunca/arundinum/LM3/DSCN3441.JPG
DSCN3442.JPG,Reduncini raw,Reduncini raw/images/Extant/Reduncini/Redunca/arundinum/LM2/DSCN3442.JPG
DSCN3443.JPG,Reduncini raw,Reduncini raw/images/Extant/Reduncini/Redunca/arundinum/LM1/DSCN3443.JPG
DSCN3445.JPG,Reduncini raw,Reduncini raw/images/Extant/Reduncini/Redunca/arundinum/LM3/DSCN3445.JPG
DSCN3446.JPG,Reduncini raw,Reduncini raw/images/Extant/Reduncini/Redunca/arundinum/LM2/DSCN3446.JPG
DSCN3447.JPG,Reduncini raw,Reduncini raw/images/Extant/Reduncini/Redunca/arundinum/LM1/DSCN3447.JPG
DSCN3450.JPG,Reduncini raw,Reduncini raw/images/Extant/Reduncini/Redunca/arundinum/UM3/DSCN3450.JPG
DSCN3451.JPG,Reduncini raw,Reduncini raw/images/Extant/Reduncini/Redunca/arundinum/UM2/DSCN3451.JPG
DSCN3452.JPG,Reduncini raw,Reduncini raw/images/Extant/Reduncini/Redunca/arundinum/UM1/DSCN3452.JPG
DSCN3454.JPG,Reduncini raw,Reduncini raw/images/Extant/Reduncini/Redunca/arundinum/UM3/DSCN3454.JPG
DSCN3455.JPG,Reduncini raw,Reduncini raw/images/Extant/Reduncini/Redunca/arundinum/UM2/DSCN3455.JPG
DSCN3456.JPG,Reduncini raw,Reduncini raw/images/Extant/Reduncini/Redunca/arundinum/UM1/DSCN3456.JPG
DSCN3457.JPG,Reduncini raw,Reduncini raw/images/Extant/Reduncini/Redunca/arundinum/UM2/DSCN3457.JPG
DSCN3458.JPG,Reduncini raw,Reduncini raw/images/Extant/Reduncini/Redunca/arundinum/UM1/DSCN3458.JPG
DSCN3459.JPG,Reduncini raw,Reduncini raw/images/Extant/Reduncini/Redunca/arundinum/UM3/DSCN3459.JPG
DSCN3460.JPG,Reduncini raw,Reduncini raw/images/Extant/Reduncini/Redunca/arundinum/UM2/DSCN3460.JPG
DSCN3461.JPG,Reduncini raw,Reduncini raw/images/Extant/Reduncini/Redunca/arundinum/UM1/DSCN3461.JPG
DSCN3462.JPG,Reduncini raw,Reduncini raw/images/Extant/Reduncini/Redunca/arundinum/UM3/DSCN3462.JPG
DSCN3463.JPG,Reduncini raw,Reduncini raw/images/Extant/Reduncini/Redunca/arundinum/UM2/DSCN3463.JPG
DSCN3464.JPG,Reduncini raw,Reduncini raw/images/Extant/Reduncini/Redunca/arundinum/UM1/DSCN3464.JPG
DSCN3465.JPG,Reduncini raw,Reduncini raw/images/Extant/Reduncini/Redunca/arundinum/UM3/DSCN3465.JPG
DSCN3466.JPG,Reduncini raw,Reduncini raw/images/Extant/Reduncini/Redunca/arundinum/UM2/DSCN3466.JPG
DSCN3467.JPG,Reduncini raw,Reduncini raw/images/Extant/Reduncini/Redunca/arundinum/UM2/DSCN3467.JPG
DSCN3468.JPG,Reduncini raw,Reduncini raw/images/Extant/Reduncini/Redunca/arundinum/UM1/DSCN3468.JPG
DSCN3471.JPG,Reduncini raw,Reduncini raw/images/Extant/Reduncini/Redunca/arundinum/UM3/DSCN3471.JPG
DSCN3472.JPG,Reduncini raw,Reduncini raw/images/Extant/Reduncini/Redunca/arundinum/UM2/DSCN3472.JPG
DSCN3473.JPG,Reduncini raw,Reduncini raw/images/Extant/Reduncini/Redunca/arundinum/UM1/DSCN3473.JPG
DSCN3475.JPG,Reduncini raw,Reduncini raw/images/Extant/Reduncini/Redunca/arundinum/UM3/DSCN3475.JPG
DSCN3476.JPG,Reduncini raw,Reduncini raw/images/Extant/Reduncini/Redunca/arundinum/UM2/DSCN3476.JPG
DSCN3477.JPG,Reduncini raw,Reduncini raw/images/Extant/Reduncini/Redunca/arundinum/UM3/DSCN3477.JPG
DSCN3478.JPG,Reduncini raw,Reduncini raw/images/Extant/Reduncini/Redunca/arundinum/UM2/DSCN3478.JPG
DSCN3479.JPG,Reduncini raw,Reduncini raw/images/Extant/Reduncini/Redunca/arundinum/UM3/DSCN3479.JPG
DSCN3480.JPG,Reduncini raw,Reduncini raw/images/Extant/Reduncini/Redunca/arundinum/UM2/DSCN3480.JPG
DSCN3481.JPG,Reduncini raw,Reduncini raw/images/Extant/Reduncini/Redunca/arundinum/UM1/DSCN3481.JPG
DSCN3483.JPG,Reduncini raw,Reduncini raw/images/Extant/Reduncini/Redunca/arundinum/UM3/DSCN3483.JPG
DSCN3484.JPG,Reduncini raw,Reduncini raw/images/Extant/Reduncini/Redunca/arundinum/UM2/DSCN3484.JPG
DSCN3485.JPG,Reduncini raw,Reduncini raw/images/Extant/Reduncini/Redunca/arundinum/UM3/DSCN3485.JPG
DSCN3486.JPG,Reduncini raw,Reduncini raw/images/Extant/Reduncini/Redunca/arundinum/UM2/DSCN3486.JPG
DSCN3487.JPG,Reduncini raw,Reduncini raw/images/Extant/Reduncini/Redunca/arundinum/UM1/DSCN3487.JPG
DSCN3489.JPG,Reduncini raw,Reduncini raw/images/Extant/Reduncini/Redunca/arundinum/UM3/DSCN3489.JPG
DSCN3490.JPG,Reduncini raw,Reduncini raw/images/Extant/Reduncini/Redunca/arundinum/UM2/DSCN3490.JPG
DSCN3491.JPG,Reduncini raw,Reduncini raw/images/Extant/Reduncini/Redunca/arundinum/UM1/DSCN3491.JPG
DSCN3493.JPG,Reduncini raw,Reduncini raw/images/Extant/Reduncini/Redunca/arundinum/LM3/DSCN3493.JPG
DSCN3494.JPG,Reduncini raw,Reduncini raw/images/Extant/Reduncini/Redunca/arundinum/LM1/DSCN3494.JPG
DSCN3496.JPG,Reduncini raw,Reduncini raw/images/Extant/Reduncini/Redunca/arundinum/LM3/DSCN3496.JPG
DSCN3497.JPG,Reduncini raw,Reduncini raw/images/Extant/Reduncini/Redunca/arundinum/LM2/DSCN3497.JPG
DSCN3498.JPG,Reduncini raw,Reduncini raw/images/Extant/Reduncini/Redunca/arundinum/LM1/DSCN3498.JPG
DSCN3499.JPG,Reduncini raw,Reduncini raw/images/Extant/Reduncini/Redunca/arundinum/LM3/DSCN3499.JPG
DSCN3500.JPG,Reduncini raw,Reduncini raw/images/Extant/Reduncini/Redunca/arundinum/LM2/DSCN3500.JPG
DSCN3501.JPG,Reduncini raw,Reduncini raw/images/Extant/Reduncini/Redunca/arundinum/LM1/DSCN3501.JPG
DSCN3503L.JPG,Reduncini raw,Reduncini raw/images/Extant/Reduncini/Redunca/arundinum/LM3/DSCN3503L.JPG
DSCN3504.JPG,Reduncini raw,Reduncini raw/images/Extant/Reduncini/Redunca/arundinum/LM2/DSCN3504.JPG
DSCN3506.JPG,Reduncini raw,Reduncini raw/images/Extant/Reduncini/Redunca/arundinum/LM3/DSCN3506.JPG
DSCN3507.JPG,Reduncini raw,Reduncini raw/images/Extant/Reduncini/Redunca/arundinum/LM2/DSCN3507.JPG
DSCN3508.JPG,Reduncini raw,Reduncini raw/images/Extant/Reduncini/Redunca/arundinum/LM1/DSCN3508.JPG
DSCN3510.JPG,Reduncini raw,Reduncini raw/images/Extant/Reduncini/Redunca/fulvorufulva/UM3/DSCN3510.JPG
DSCN3511.JPG,Reduncini raw,Reduncini raw/images/Extant/Reduncini/Redunca/fulvorufulva/UM2/DSCN3511.JPG
DSCN3512.JPG,Reduncini raw,Reduncini raw/images/Extant/Reduncini/Redunca/fulvorufulva/UM1/DSCN3512.JPG
DSCN3513.JPG,Reduncini raw,Reduncini raw/images/Extant/Reduncini/Redunca/fulvorufulva/UM3/DSCN3513.JPG
DSCN3514.JPG,Reduncini raw,Reduncini raw/images/Extant/Reduncini/Redunca/fulvorufulva/UM2/DSCN3514.JPG
DSCN3515.JPG,Reduncini raw,Reduncini raw/images/Extant/Reduncini/Redunca/fulvorufulva/UM1/DSCN3515.JPG
DSCN3517.JPG,Reduncini raw,Reduncini raw/images/Extant/Reduncini/Redunca/fulvorufulva/LM3/DSCN3517.JPG
DSCN3518.JPG,Reduncini raw,Reduncini raw/images/Extant/Reduncini/Redunca/fulvorufulva/LM2/DSCN3518.JPG
DSCN3519.JPG,Reduncini raw,Reduncini raw/images/Extant/Reduncini/Redunca/fulvorufulva/LM1/DSCN3519.JPG
DSCN3521.JPG,Reduncini raw,Reduncini raw/images/Extant/Reduncini/Kobus/leche/LM3/DSCN3521.JPG
DSCN3522.JPG,Reduncini raw,Reduncini raw/images/Extant/Reduncini/Kobus/leche/LM2/DSCN3522.JPG
DSCN3523.JPG,Reduncini raw,Reduncini raw/images/Extant/Reduncini/Kobus/leche/LM1/DSCN3523.JPG
DSCN3525L.JPG,Reduncini raw,Reduncini raw/images/Extant/Reduncini/Kobus/leche/UM3/DSCN3525L.JPG
DSCN3526.JPG,Reduncini raw,Reduncini raw/images/Extant/Reduncini/Kobus/leche/UM2/DSCN3526.JPG
DSCN3527.JPG,Reduncini raw,Reduncini raw/images/Extant/Reduncini/Kobus/leche/UM1/DSCN3527.JPG
DSCN3529.JPG,Reduncini raw,Reduncini raw/images/Extant/Reduncini/Kobus/ellipsiprymnus/UM3/DSCN3529.JPG
DSCN3530.JPG,Reduncini raw,Reduncini raw/images/Extant/Reduncini/Kobus/ellipsiprymnus/UM2/DSCN3530.JPG
DSCN3531.JPG,Reduncini raw,Reduncini raw/images/Extant/Reduncini/Kobus/ellipsiprymnus/UM1/DSCN3531.JPG
DSCN3532.JPG,Reduncini raw,Reduncini raw/images/Extant/Reduncini/Kobus/ellipsiprymnus/UM3/DSCN3532.JPG
DSCN3533.JPG,Reduncini raw,Reduncini raw/images/Extant/Reduncini/Kobus/ellipsiprymnus/UM3/DSCN3533.JPG
DSCN3534.JPG,Reduncini raw,Reduncini raw/images/Extant/Reduncini/Kobus/ellipsiprymnus/UM2/DSCN3534.JPG
DSCN3535.JPG,Reduncini raw,Reduncini raw/images/Extant/Reduncini/Kobus/ellipsiprymnus/UM3/DSCN3535.JPG
DSCN3538.JPG,Reduncini raw,Reduncini raw/images/Extant/Reduncini/Kobus/ellipsiprymnus/UM3/DSCN3538.JPG
DSCN3539.JPG,Reduncini raw,Reduncini raw/images/Extant/Reduncini/Kobus/ellipsiprymnus/UM2/DSCN3539.JPG
DSCN3540.JPG,Reduncini raw,Reduncini raw/images/Extant/Reduncini/Kobus/ellipsiprymnus/UM1/DSCN3540.JPG
DSCN3541L.JPG,Reduncini raw,Reduncini raw/images/Extant/Reduncini/Kobus/ellipsiprymnus/LM3/DSCN3541L.JPG
DSCN3542.JPG,Reduncini raw,Reduncini raw/images/Extant/Reduncini/Kobus/ellipsiprymnus/LM2/DSCN3542.JPG
DSCN3543.JPG,Reduncini raw,Reduncini raw/images/Extant/Reduncini/Kobus/ellipsiprymnus/LM1/DSCN3543.JPG
DSCN3545.JPG,Reduncini raw,Reduncini raw/images/Extant/Reduncini/Kobus/ellipsiprymnus/LM3/DSCN3545.JPG
DSCN3546.JPG,Reduncini raw,Reduncini raw/images/Extant/Reduncini/Kobus/ellipsiprymnus/LM2/DSCN3546.JPG
DSCN3547.JPG,Reduncini raw,Reduncini raw/images/Extant/Reduncini/Kobus/ellipsiprymnus/LM1/DSCN3547.JPG
DSCN3549.JPG,Reduncini raw,Reduncini raw/images/Extant/Reduncini/Kobus/ellipsiprymnus/LM3/DSCN3549.JPG
DSCN3551.JPG,Reduncini raw,Reduncini raw/images/Extant/Reduncini/Kobus/ellipsiprymnus/LM2/DSCN3551.JPG
DSCN3552.JPG,Reduncini raw,Reduncini raw/images/Extant/Reduncini/Kobus/ellipsiprymnus/LM1/DSCN3552.JPG
DSCN3554.JPG,Reduncini raw,Reduncini raw/images/Extant/Reduncini/Kobus/ellipsiprymnus/LM3/DSCN3554.JPG
DSCN3555.JPG,Reduncini raw,Reduncini raw/images/Extant/Reduncini/Kobus/ellipsiprymnus/LM1/DSCN3555.JPG
DSCN3557.JPG,Reduncini raw,Reduncini raw/images/Extant/Reduncini/Kobus/ellipsiprymnus/LM3/DSCN3557.JPG
DSCN3558.JPG,Reduncini raw,Reduncini raw/images/Extant/Reduncini/Kobus/ellipsiprymnus/LM2/DSCN3558.JPG
DSCN3559.JPG,Reduncini raw,Reduncini raw/images/Extant/Reduncini/Kobus/ellipsiprymnus/LM1/DSCN3559.JPG
DSCN3561.JPG,Reduncini raw,Reduncini raw/images/Extant/Reduncini/Kobus/ellipsiprymnus/LM3/DSCN3561.JPG
DSCN3562.JPG,Reduncini raw,Reduncini raw/images/Extant/Reduncini/Kobus/ellipsiprymnus/LM2/DSCN3562.JPG
DSCN3563.JPG,Reduncini raw,Reduncini raw/images/Extant/Reduncini/Kobus/ellipsiprymnus/LM1/DSCN3563.JPG
DSCN3565.JPG,Reduncini raw,Reduncini raw/images/Extant/Reduncini/Kobus/ellipsiprymnus/LM3/DSCN3565.JPG
DSCN3566.JPG,Reduncini raw,Reduncini raw/images/Extant/Reduncini/Kobus/ellipsiprymnus/LM2/DSCN3566.JPG
DSCN3567.JPG,Reduncini raw,Reduncini raw/images/Extant/Reduncini/Kobus/ellipsiprymnus/LM1/DSCN3567.JPG
DSCN3569.JPG,Reduncini raw,Reduncini raw/images/Extant/Reduncini/Kobus/ellipsiprymnus/LM3/DSCN3569.JPG
DSCN3570.JPG,Reduncini raw,Reduncini raw/images/Extant/Reduncini/Kobus/ellipsiprymnus/LM2/DSCN3570.JPG
DSCN3571.JPG,Reduncini raw,Reduncini raw/images/Extant/Reduncini/Kobus/ellipsiprymnus/LM1/DSCN3571.JPG
DSCN3573.JPG,Reduncini raw,Reduncini raw/images/Extant/Reduncini/Kobus/ellipsiprymnus/LM3/DSCN3573.JPG
DSCN3574.JPG,Reduncini raw,Reduncini raw/images/Extant/Reduncini/Kobus/ellipsiprymnus/LM2/DSCN3574.JPG
DSCN3575.JPG,Reduncini raw,Reduncini raw/images/Extant/Reduncini/Kobus/ellipsiprymnus/LM1/DSCN3575.JPG
DSCN3577.JPG,Reduncini raw,Reduncini raw/images/Extant/Reduncini/Kobus/ellipsiprymnus/LM3/DSCN3577.JPG
DSCN3578.JPG,Reduncini raw,Reduncini raw/images/Extant/Reduncini/Kobus/ellipsiprymnus/LM2/DSCN3578.JPG
DSCN3579.JPG,Reduncini raw,Reduncini raw/images/Extant/Reduncini/Kobus/ellipsiprymnus/LM1/DSCN3579.JPG
DSCN3581.JPG,Reduncini raw,Reduncini raw/images/Extant/Reduncini/Kobus/ellipsiprymnus/LM3/DSCN3581.JPG
DSCN3582.JPG,Reduncini raw,Reduncini raw/images/Extant/Reduncini/Kobus/ellipsiprymnus/LM2/DSCN3582.JPG
DSCN3583.JPG,Reduncini raw,Reduncini raw/images/Extant/Reduncini/Kobus/ellipsiprymnus/LM1/DSCN3583.JPG
DSCN3585.JPG,Reduncini raw,Reduncini raw/images/Extant/Reduncini/Kobus/ellipsiprymnus/LM3/DSCN3585.JPG
DSCN3586.JPG,Reduncini raw,Reduncini raw/images/Extant/Reduncini/Kobus/ellipsiprymnus/LM2/DSCN3586.JPG
DSCN3587.JPG,Reduncini raw,Reduncini raw/images/Extant/Reduncini/Kobus/ellipsiprymnus/LM1/DSCN3587.JPG
DSCN3589.JPG,Reduncini raw,Reduncini raw/images/Extant/Reduncini/Kobus/ellipsiprymnus/LM3/DSCN3589.JPG
DSCN3590.JPG,Reduncini raw,Reduncini raw/images/Extant/Reduncini/Kobus/ellipsiprymnus/LM2/DSCN3590.JPG
DSCN3592.JPG,Reduncini raw,Reduncini raw/images/Extant/Reduncini/Kobus/ellipsiprymnus/LM1/DSCN3592.JPG
DSCN3593.JPG,Reduncini raw,Reduncini raw/images/Extant/Reduncini/Kobus/ellipsiprymnus/LM3/DSCN3593.JPG
DSCN3595.JPG,Reduncini raw,Reduncini raw/images/Extant/Reduncini/Kobus/ellipsiprymnus/LM2/DSCN3595.JPG
DSCN3596.JPG,Reduncini raw,Reduncini raw/images/Extant/Reduncini/Kobus/ellipsiprymnus/LM1/DSCN3596.JPG
DSCN3598.JPG,Reduncini raw,Reduncini raw/images/Extant/Reduncini/Kobus/ellipsiprymnus/LM3/DSCN3598.JPG
DSCN3599.JPG,Reduncini raw,Reduncini raw/images/Extant/Reduncini/Kobus/ellipsiprymnus/LM2/DSCN3599.JPG
DSCN3600.JPG,Reduncini raw,Reduncini raw/images/Extant/Reduncini/Kobus/ellipsiprymnus/LM1/DSCN3600.JPG
DSCN3602.JPG,Reduncini raw,Reduncini raw/images/Extant/Reduncini/Kobus/ellipsiprymnus/LM3/DSCN3602.JPG
DSCN3603.JPG,Reduncini raw,Reduncini raw/images/Extant/Reduncini/Kobus/ellipsiprymnus/LM2/DSCN3603.JPG
DSCN3604.JPG,Reduncini raw,Reduncini raw/images/Extant/Reduncini/Kobus/ellipsiprymnus/LM1/DSCN3604.JPG
DSCN3614.JPG,Reduncini raw,Reduncini raw/images/Extant/Reduncini/Kobus/ellipsiprymnus/UM3/DSCN3614.JPG
DSCN3615.JPG,Reduncini raw,Reduncini raw/images/Extant/Reduncini/Kobus/ellipsiprymnus/UM2/DSCN3615.JPG
DSCN3616.JPG,Reduncini raw,Reduncini raw/images/Extant/Reduncini/Kobus/ellipsiprymnus/UM1/DSCN3616.JPG
DSCN3618.JPG,Reduncini raw,Reduncini raw/images/Extant/Reduncini/Kobus/ellipsiprymnus/UM3/DSCN3618.JPG
DSCN3619.JPG,Reduncini raw,Reduncini raw/images/Extant/Reduncini/Kobus/ellipsiprymnus/UM2/DSCN3619.JPG
DSCN3620.JPG,Reduncini raw,Reduncini raw/images/Extant/Reduncini/Kobus/ellipsiprymnus/UM1/DSCN3620.JPG
DSCN3622.JPG,Reduncini raw,Reduncini raw/images/Extant/Reduncini/Kobus/ellipsiprymnus/LM3/DSCN3622.JPG
DSCN3623.JPG,Reduncini raw,Reduncini raw/images/Extant/Reduncini/Kobus/ellipsiprymnus/LM2/DSCN3623.JPG
DSCN3624.JPG,Reduncini raw,Reduncini raw/images/Extant/Reduncini/Kobus/ellipsiprymnus/LM1/DSCN3624.JPG
DSCN3626.JPG,Bovini raw,Bovini raw/images/Extant/Bovini/Syncerus/caffer/UM3/DSCN3626.JPG
DSCN3627.JPG,Bovini raw,Bovini raw/images/Extant/Bovini/Syncerus/caffer/UM2/DSCN3627.JPG
DSCN3629.JPG,Bovini raw,Bovini raw/images/Extant/Bovini/Syncerus/caffer/UM3/DSCN3629.JPG
DSCN3631.JPG,Bovini raw,Bovini raw/images/Extant/Bovini/Syncerus/caffer/UM2/DSCN3631.JPG
DSCN3633.JPG,Bovini raw,Bovini raw/images/Extant/Bovini/Syncerus/caffer/UM1/DSCN3633.JPG
DSCN3636.JPG,Bovini raw,Bovini raw/images/Extant/Bovini/Syncerus/caffer/UM3/DSCN3636.JPG
DSCN3637.JPG,Bovini raw,Bovini raw/images/Extant/Bovini/Syncerus/caffer/UM2/DSCN3637.JPG
DSCN3638.JPG,Bovini raw,Bovini raw/images/Extant/Bovini/Syncerus/caffer/UM1/DSCN3638.JPG
DSCN3641.JPG,Bovini raw,Bovini raw/images/Extant/Bovini/Syncerus/caffer/UM2/DSCN3641.JPG
DSCN3642.JPG,Bovini raw,Bovini raw/images/Extant/Bovini/Syncerus/caffer/UM1/DSCN3642.JPG
DSCN3644.JPG,Neotragini raw,Neotragini raw/images/Extant/Neotragini/Raphicerus/campestris/UM3/DSCN3644.JPG
DSCN3645.JPG,Neotragini raw,Neotragini raw/images/Extant/Neotragini/Raphicerus/campestris/UM2/DSCN3645.JPG
DSCN3646.JPG,Neotragini raw,Neotragini raw/images/Extant/Neotragini/Raphicerus/campestris/UM1/DSCN3646.JPG
DSCN3648.JPG,Neotragini raw,Neotragini raw/images/Extant/Neotragini/Raphicerus/campestris/UM3/DSCN3648.JPG
DSCN3649.JPG,Neotragini raw,Neotragini raw/images/Extant/Neotragini/Raphicerus/campestris/UM2/DSCN3649.JPG
DSCN3650.JPG,Neotragini raw,Neotragini raw/images/Extant/Neotragini/Raphicerus/campestris/UM1/DSCN3650.JPG
DSCN3651.JPG,Neotragini raw,Neotragini raw/images/Extant/Neotragini/Raphicerus/campestris/UM3/DSCN3651.JPG
DSCN3652.JPG,Neotragini raw,Neotragini raw/images/Extant/Neotragini/Raphicerus/campestris/UM2/DSCN3652.JPG
DSCN3653.JPG,Neotragini raw,Neotragini raw/images/Extant/Neotragini/Raphicerus/campestris/UM1/DSCN3653.JPG
DSCN3655.JPG,Neotragini raw,Neotragini raw/images/Extant/Neotragini/Raphicerus/campestris/UM3/DSCN3655.JPG
DSCN3656.JPG,Neotragini raw,Neotragini raw/images/Extant/Neotragini/Raphicerus/campestris/UM2/DSCN3656.JPG
DSCN3657.JPG,Neotragini raw,Neotragini raw/images/Extant/Neotragini/Raphicerus/campestris/UM1/DSCN3657.JPG
DSCN3659.JPG,Neotragini raw,Neotragini raw/images/Extant/Neotragini/Raphicerus/campestris/UM3/DSCN3659.JPG
DSCN3660.JPG,Neotragini raw,Neotragini raw/images/Extant/Neotragini/Raphicerus/campestris/UM2/DSCN3660.JPG
DSCN3661.JPG,Neotragini raw,Neotragini raw/images/Extant/Neotragini/Raphicerus/campestris/UM1/DSCN3661.JPG
DSCN3662.JPG,Neotragini raw,Neotragini raw/images/Extant/Neotragini/Raphicerus/campestris/UM3/DSCN3662.JPG
DSCN3663.JPG,Neotragini raw,Neotragini raw/images/Extant/Neotragini/Raphicerus/campestris/UM2/DSCN3663.JPG
DSCN3664.JPG,Neotragini raw,Neotragini raw/images/Extant/Neotragini/Raphicerus/campestris/UM1/DSCN3664.JPG
DSCN3665.JPG,Neotragini raw,Neotragini raw/images/Extant/Neotragini/Raphicerus/campestris/LM3/DSCN3665.JPG
DSCN3666.JPG,Neotragini raw,Neotragini raw/images/Extant/Neotragini/Raphicerus/campestris/LM2/DSCN3666.JPG
DSCN3667.JPG,Neotragini raw,Neotragini raw/images/Extant/Neotragini/Raphicerus/campestris/LM1/DSCN3667.JPG
DSCN3669.JPG,Neotragini raw,Neotragini raw/images/Extant/Neotragini/Raphicerus/campestris/LM3/DSCN3669.JPG
DSCN3670.JPG,Neotragini raw,Neotragini raw/images/Extant/Neotragini/Raphicerus/campestris/LM2/DSCN3670.JPG
DSCN3671.JPG,Neotragini raw,Neotragini raw/images/Extant/Neotragini/Raphicerus/campestris/LM1/DSCN3671.JPG
DSCN3675.JPG,Neotragini raw,Neotragini raw/images/Extant/Neotragini/Raphicerus/campestris/LM3/DSCN3675.JPG
DSCN3676.JPG,Neotragini raw,Neotragini raw/images/Extant/Neotragini/Raphicerus/campestris/LM2/DSCN3676.JPG
DSCN3677.JPG,Neotragini raw,Neotragini raw/images/Extant/Neotragini/Raphicerus/campestris/LM1/DSCN3677.JPG
DSCN3678.JPG,Neotragini raw,Neotragini raw/images/Extant/Neotragini/Raphicerus/campestris/LM3/DSCN3678.JPG
DSCN3680.JPG,Neotragini raw,Neotragini raw/images/Extant/Neotragini/Raphicerus/campestris/UM3/DSCN3680.JPG
DSCN3681.JPG,Neotragini raw,Neotragini raw/images/Extant/Neotragini/Raphicerus/campestris/UM2/DSCN3681.JPG
DSCN3682.JPG,Neotragini raw,Neotragini raw/images/Extant/Neotragini/Raphicerus/campestris/UM1/DSCN3682.JPG
DSCN3684.JPG,Neotragini raw,Neotragini raw/images/Extant/Neotragini/Raphicerus/campestris/UM2/DSCN3684.JPG
DSCN3685.JPG,Neotragini raw,Neotragini raw/images/Extant/Neotragini/Raphicerus/campestris/UM1/DSCN3685.JPG
DSCN3687.JPG,Neotragini raw,Neotragini raw/images/Extant/Neotragini/Raphicerus/campestris/UM3/DSCN3687.JPG
DSCN3688.JPG,Neotragini raw,Neotragini raw/images/Extant/Neotragini/Raphicerus/campestris/UM2/DSCN3688.JPG
DSCN3689.JPG,Neotragini raw,Neotragini raw/images/Extant/Neotragini/Raphicerus/campestris/UM1/DSCN3689.JPG
DSCN3691.JPG,Neotragini raw,Neotragini raw/images/Extant/Neotragini/Raphicerus/campestris/UM3/DSCN3691.JPG
DSCN3692.JPG,Neotragini raw,Neotragini raw/images/Extant/Neotragini/Raphicerus/campestris/UM2/DSCN3692.JPG
DSCN3693.JPG,Neotragini raw,Neotragini raw/images/Extant/Neotragini/Raphicerus/campestris/UM1/DSCN3693.JPG
DSCN3695.JPG,Neotragini raw,Neotragini raw/images/Extant/Neotragini/Raphicerus/campestris/UM3/DSCN3695.JPG
DSCN3696.JPG,Neotragini raw,Neotragini raw/images/Extant/Neotragini/Raphicerus/campestris/UM2/DSCN3696.JPG
DSCN3697.JPG,Neotragini raw,Neotragini raw/images/Extant/Neotragini/Raphicerus/campestris/UM1/DSCN3697.JPG
DSCN3700.JPG,Neotragini raw,Neotragini raw/images/Extant/Neotragini/Raphicerus/campestris/UM3/DSCN3700.JPG
DSCN3701.JPG,Neotragini raw,Neotragini raw/images/Extant/Neotragini/Raphicerus/campestris/UM2/DSCN3701.JPG
DSCN3702.JPG,Neotragini raw,Neotragini raw/images/Extant/Neotragini/Raphicerus/campestris/UM1/DSCN3702.JPG
DSCN3704.JPG,Neotragini raw,Neotragini raw/images/Extant/Neotragini/Raphicerus/campestris/UM3/DSCN3704.JPG
DSCN3708.JPG,Neotragini raw,Neotragini raw/images/Extant/Neotragini/Raphicerus/campestris/UM2/DSCN3708.JPG
DSCN3709.JPG,Neotragini raw,Neotragini raw/images/Extant/Neotragini/Raphicerus/campestris/UM1/DSCN3709.JPG
DSCN3713.JPG,Neotragini raw,Neotragini raw/images/Extant/Neotragini/Raphicerus/campestris/LM2/DSCN3713.JPG
DSCN3715.JPG,Neotragini raw,Neotragini raw/images/Extant/Neotragini/Raphicerus/campestris/LM1/DSCN3715.JPG
DSCN3720.JPG,Neotragini raw,Neotragini raw/images/Extant/Neotragini/Raphicerus/campestris/LM3/DSCN3720.JPG
DSCN3721.JPG,Neotragini raw,Neotragini raw/images/Extant/Neotragini/Raphicerus/campestris/LM3/DSCN3721.JPG
DSCN3723.JPG,Neotragini raw,Neotragini raw/images/Extant/Neotragini/Raphicerus/campestris/LM2/DSCN3723.JPG
DSCN3724.JPG,Neotragini raw,Neotragini raw/images/Extant/Neotragini/Raphicerus/campestris/LM1/DSCN3724.JPG
DSCN3726.JPG,Neotragini raw,Neotragini raw/images/Extant/Neotragini/Raphicerus/campestris/LM3/DSCN3726.JPG
DSCN3727.JPG,Neotragini raw,Neotragini raw/images/Extant/Neotragini/Raphicerus/campestris/LM2/DSCN3727.JPG
DSCN3728.JPG,Neotragini raw,Neotragini raw/images/Extant/Neotragini/Raphicerus/campestris/LM1/DSCN3728.JPG
DSCN3730.JPG,Neotragini raw,Neotragini raw/images/Extant/Neotragini/Raphicerus/campestris/LM3/DSCN3730.JPG
DSCN3731.JPG,Neotragini raw,Neotragini raw/images/Extant/Neotragini/Raphicerus/campestris/LM2/DSCN3731.JPG
DSCN3732.JPG,Neotragini raw,Neotragini raw/images/Extant/Neotragini/Raphicerus/campestris/LM1/DSCN3732.JPG
DSCN3734.JPG,Neotragini raw,Neotragini raw/images/Extant/Neotragini/Raphicerus/campestris/LM3/DSCN3734.JPG
DSCN3735.JPG,Neotragini raw,Neotragini raw/images/Extant/Neotragini/Raphicerus/campestris/LM2/DSCN3735.JPG
DSCN3736.JPG,Neotragini raw,Neotragini raw/images/Extant/Neotragini/Raphicerus/campestris/LM1/DSCN3736.JPG
DSCN3738.JPG,Neotragini raw,Neotragini raw/images/Extant/Neotragini/Raphicerus/campestris/LM3/DSCN3738.JPG
DSCN3739.JPG,Neotragini raw,Neotragini raw/images/Extant/Neotragini/Raphicerus/campestris/LM2/DSCN3739.JPG
DSCN3740.JPG,Neotragini raw,Neotragini raw/images/Extant/Neotragini/Raphicerus/campestris/LM1/DSCN3740.JPG
DSCN3742.JPG,Neotragini raw,Neotragini raw/images/Extant/Neotragini/Raphicerus/campestris/LM3/DSCN3742.JPG
DSCN3743.JPG,Neotragini raw,Neotragini raw/images/Extant/Neotragini/Raphicerus/campestris/LM2/DSCN3743.JPG
DSCN3744.JPG,Neotragini raw,Neotragini raw/images/Extant/Neotragini/Raphicerus/campestris/LM1/DSCN3744.JPG
DSCN3747.JPG,Neotragini raw,Neotragini raw/images/Extant/Neotragini/Raphicerus/campestris/LM3/DSCN3747.JPG
DSCN3748.JPG,Neotragini raw,Neotragini raw/images/Extant/Neotragini/Raphicerus/campestris/LM2/DSCN3748.JPG
DSCN3749.JPG,Neotragini raw,Neotragini raw/images/Extant/Neotragini/Raphicerus/campestris/LM1/DSCN3749.JPG
DSCN3751.JPG,Neotragini raw,Neotragini raw/images/Extant/Neotragini/Raphicerus/campestris/LM3/DSCN3751.JPG
DSCN3752.JPG,Neotragini raw,Neotragini raw/images/Extant/Neotragini/Raphicerus/campestris/LM2/DSCN3752.JPG
DSCN3753.JPG,Neotragini raw,Neotragini raw/images/Extant/Neotragini/Raphicerus/campestris/LM1/DSCN3753.JPG
DSCN3755.JPG,Neotragini raw,Neotragini raw/images/Extant/Neotragini/Pelea/capreolus/UM3/DSCN3755.JPG
DSCN3756.JPG,Neotragini raw,Neotragini raw/images/Extant/Neotragini/Pelea/capreolus/UM2/DSCN3756.JPG
DSCN3757.JPG,Neotragini raw,Neotragini raw/images/Extant/Neotragini/Pelea/capreolus/UM1/DSCN3757.JPG
DSCN3759.JPG,Neotragini raw,Neotragini raw/images/Extant/Neotragini/Pelea/capreolus/UM3/DSCN3759.JPG
DSCN3760.JPG,Neotragini raw,Neotragini raw/images/Extant/Neotragini/Pelea/capreolus/UM2/DSCN3760.JPG
DSCN3761.JPG,Neotragini raw,Neotragini raw/images/Extant/Neotragini/Pelea/capreolus/UM1/DSCN3761.JPG
DSCN3763.JPG,Neotragini raw,Neotragini raw/images/Extant/Neotragini/Pelea/capreolus/UM3/DSCN3763.JPG
DSCN3764.JPG,Neotragini raw,Neotragini raw/images/Extant/Neotragini/Pelea/capreolus/UM2/DSCN3764.JPG
DSCN3765.JPG,Neotragini raw,Neotragini raw/images/Extant/Neotragini/Pelea/capreolus/UM1/DSCN3765.JPG
DSCN3767.JPG,Neotragini raw,Neotragini raw/images/Extant/Neotragini/Pelea/capreolus/LM3/DSCN3767.JPG
DSCN3768.JPG,Neotragini raw,Neotragini raw/images/Extant/Neotragini/Pelea/capreolus/LM2/DSCN3768.JPG
DSCN3769.JPG,Neotragini raw,Neotragini raw/images/Extant/Neotragini/Pelea/capreolus/LM1/DSCN3769.JPG
DSCN3772.JPG,Neotragini raw,Neotragini raw/images/Extant/Neotragini/Pelea/capreolus/LM3/DSCN3772.JPG
DSCN3773.JPG,Neotragini raw,Neotragini raw/images/Extant/Neotragini/Pelea/capreolus/LM2/DSCN3773.JPG
DSCN3774.JPG,Neotragini raw,Neotragini raw/images/Extant/Neotragini/Pelea/capreolus/LM1/DSCN3774.JPG
DSCN3776.JPG,Neotragini raw,Neotragini raw/images/Extant/Neotragini/Pelea/capreolus/LM3/DSCN3776.JPG
DSCN3777.JPG,Neotragini raw,Neotragini raw/images/Extant/Neotragini/Pelea/capreolus/LM2/DSCN3777.JPG
DSCN3778.JPG,Neotragini raw,Neotragini raw/images/Extant/Neotragini/Pelea/capreolus/LM1/DSCN3778.JPG
DSCN3783.JPG,Neotragini raw,Neotragini raw/images/Extant/Neotragini/Ourebia/ourebi/UM2/DSCN3783.JPG
DSCN3784.JPG,Neotragini raw,Neotragini raw/images/Extant/Neotragini/Ourebia/ourebi/UM1/DSCN3784.JPG
DSCN3786.JPG,Neotragini raw,Neotragini raw/images/Extant/Neotragini/Ourebia/ourebi/UM3/DSCN3786.JPG
DSCN3787.JPG,Neotragini raw,Neotragini raw/images/Extant/Neotragini/Ourebia/ourebi/UM2/DSCN3787.JPG
DSCN3788.JPG,Neotragini raw,Neotragini raw/images/Extant/Neotragini/Ourebia/ourebi/UM1/DSCN3788.JPG
DSCN3790.JPG,Neotragini raw,Neotragini raw/images/Extant/Neotragini/Ourebia/ourebi/LM3/DSCN3790.JPG
DSCN3791.JPG,Neotragini raw,Neotragini raw/images/Extant/Neotragini/Ourebia/ourebi/LM2/DSCN3791.JPG
DSCN3792.JPG,Neotragini raw,Neotragini raw/images/Extant/Neotragini/Ourebia/ourebi/LM1/DSCN3792.JPG
DSCN3794.JPG,Neotragini raw,Neotragini raw/images/Extant/Neotragini/Ourebia/ourebi/LM3/DSCN3794.JPG
DSCN3795.JPG,Neotragini raw,Neotragini raw/images/Extant/Neotragini/Ourebia/ourebi/LM2/DSCN3795.JPG
DSCN3796.JPG,Neotragini raw,Neotragini raw/images/Extant/Neotragini/Ourebia/ourebi/LM1/DSCN3796.JPG
DSCN3798.JPG,Hippotragini raw,Hippotragini raw/images/Extant/Hippotragini/Oryx/gazella/UM3/DSCN3798.JPG
DSCN3799.JPG,Hippotragini raw,Hippotragini raw/images/Extant/Hippotragini/Oryx/gazella/UM2/DSCN3799.JPG
DSCN3800.JPG,Hippotragini raw,Hippotragini raw/images/Extant/Hippotragini/Oryx/gazella/UM1/DSCN3800.JPG
DSCN3802.JPG,Hippotragini raw,Hippotragini raw/images/Extant/Hippotragini/Oryx/gazella/UM3/DSCN3802.JPG
DSCN3803.JPG,Hippotragini raw,Hippotragini raw/images/Extant/Hippotragini/Oryx/gazella/UM2/DSCN3803.JPG
DSCN3804.JPG,Hippotragini raw,Hippotragini raw/images/Extant/Hippotragini/Oryx/gazella/UM1/DSCN3804.JPG
DSCN3806L.JPG,Hippotragini raw,Hippotragini raw/images/Extant/Hippotragini/Oryx/gazella/UM3/DSCN3806L.JPG
DSCN3807.JPG,Hippotragini raw,Hippotragini raw/images/Extant/Hippotragini/Oryx/gazella/UM2/DSCN3807.JPG
DSCN3808.JPG,Hippotragini raw,Hippotragini raw/images/Extant/Hippotragini/Oryx/gazella/UM1/DSCN3808.JPG
DSCN3810.JPG,Hippotragini raw,Hippotragini raw/images/Extant/Hippotragini/Oryx/gazella/UM3/DSCN3810.JPG
DSCN3811.JPG,Hippotragini raw,Hippotragini raw/images/Extant/Hippotragini/Oryx/gazella/UM2/DSCN3811.JPG
DSCN3812.JPG,Hippotragini raw,Hippotragini raw/images/Extant/Hippotragini/Oryx/gazella/UM1/DSCN3812.JPG
DSCN3814.JPG,Hippotragini raw,Hippotragini raw/images/Extant/Hippotragini/Oryx/gazella/UM3/DSCN3814.JPG
DSCN3815.JPG,Hippotragini raw,Hippotragini raw/images/Extant/Hippotragini/Oryx/gazella/UM2/DSCN3815.JPG
DSCN3816.JPG,Hippotragini raw,Hippotragini raw/images/Extant/Hippotragini/Oryx/gazella/UM1/DSCN3816.JPG
DSCN3818.JPG,Hippotragini raw,Hippotragini raw/images/Extant/Hippotragini/Oryx/gazella/UM3/DSCN3818.JPG
DSCN3819.JPG,Hippotragini raw,Hippotragini raw/images/Extant/Hippotragini/Oryx/gazella/UM2/DSCN3819.JPG
DSCN3820.JPG,Hippotragini raw,Hippotragini raw/images/Extant/Hippotragini/Oryx/gazella/UM1/DSCN3820.JPG
DSCN3822.JPG,Hippotragini raw,Hippotragini raw/images/Extant/Hippotragini/Oryx/gazella/UM3/DSCN3822.JPG
DSCN3823.JPG,Hippotragini raw,Hippotragini raw/images/Extant/Hippotragini/Oryx/gazella/UM2/DSCN3823.JPG
DSCN3824.JPG,Hippotragini raw,Hippotragini raw/images/Extant/Hippotragini/Oryx/gazella/UM1/DSCN3824.JPG
DSCN3826.JPG,Hippotragini raw,Hippotragini raw/images/Extant/Hippotragini/Oryx/gazella/UM2/DSCN3826.JPG
DSCN3827.JPG,Hippotragini raw,Hippotragini raw/images/Extant/Hippotragini/Oryx/gazella/UM1/DSCN3827.JPG
DSCN3828.JPG,Hippotragini raw,Hippotragini raw/images/Extant/Hippotragini/Oryx/gazella/UM3/DSCN3828.JPG
DSCN3830.JPG,Hippotragini raw,Hippotragini raw/images/Extant/Hippotragini/Oryx/gazella/UM2/DSCN3830.JPG
DSCN3831.JPG,Hippotragini raw,Hippotragini raw/images/Extant/Hippotragini/Oryx/gazella/UM1/DSCN3831.JPG
DSCN3833.JPG,Hippotragini raw,Hippotragini raw/images/Extant/Hippotragini/Oryx/gazella/UM3/DSCN3833.JPG
DSCN3834.JPG,Hippotragini raw,Hippotragini raw/images/Extant/Hippotragini/Oryx/gazella/UM2/DSCN3834.JPG
DSCN3835.JPG,Hippotragini raw,Hippotragini raw/images/Extant/Hippotragini/Oryx/gazella/UM1/DSCN3835.JPG
DSCN3837.JPG,Hippotragini raw,Hippotragini raw/images/Extant/Hippotragini/Oryx/gazella/UM3/DSCN3837.JPG
DSCN3838.JPG,Hippotragini raw,Hippotragini raw/images/Extant/Hippotragini/Oryx/gazella/UM2/DSCN3838.JPG
DSCN3839.JPG,Hippotragini raw,Hippotragini raw/images/Extant/Hippotragini/Oryx/gazella/UM1/DSCN3839.JPG
DSCN3841.JPG,Hippotragini raw,Hippotragini raw/images/Extant/Hippotragini/Oryx/gazella/UM3/DSCN3841.JPG
DSCN3842.JPG,Hippotragini raw,Hippotragini raw/images/Extant/Hippotragini/Oryx/gazella/UM2/DSCN3842.JPG
DSCN3843.JPG,Hippotragini raw,Hippotragini raw/images/Extant/Hippotragini/Oryx/gazella/UM1/DSCN3843.JPG
DSCN3845.JPG,Hippotragini raw,Hippotragini raw/images/Extant/Hippotragini/Oryx/gazella/UM3/DSCN3845.JPG
DSCN3846.JPG,Hippotragini raw,Hippotragini raw/images/Extant/Hippotragini/Oryx/gazella/UM2/DSCN3846.JPG
DSCN3847.JPG,Hippotragini raw,Hippotragini raw/images/Extant/Hippotragini/Oryx/gazella/UM1/DSCN3847.JPG
DSCN3850.JPG,Hippotragini raw,Hippotragini raw/images/Extant/Hippotragini/Oryx/gazella/LM3/DSCN3850.JPG
DSCN3851.JPG,Hippotragini raw,Hippotragini raw/images/Extant/Hippotragini/Oryx/gazella/LM2/DSCN3851.JPG
DSCN3852.JPG,Hippotragini raw,Hippotragini raw/images/Extant/Hippotragini/Oryx/gazella/LM1/DSCN3852.JPG
DSCN3854.JPG,Hippotragini raw,Hippotragini raw/images/Extant/Hippotragini/Oryx/gazella/LM3/DSCN3854.JPG
DSCN3855.JPG,Hippotragini raw,Hippotragini raw/images/Extant/Hippotragini/Oryx/gazella/LM2/DSCN3855.JPG
DSCN3856.JPG,Hippotragini raw,Hippotragini raw/images/Extant/Hippotragini/Oryx/gazella/LM1/DSCN3856.JPG
DSCN3858.JPG,Hippotragini raw,Hippotragini raw/images/Extant/Hippotragini/Oryx/gazella/LM3/DSCN3858.JPG
DSCN3859.JPG,Hippotragini raw,Hippotragini raw/images/Extant/Hippotragini/Oryx/gazella/LM2/DSCN3859.JPG
DSCN3861.JPG,Hippotragini raw,Hippotragini raw/images/Extant/Hippotragini/Oryx/gazella/LM3/DSCN3861.JPG
DSCN3862.JPG,Hippotragini raw,Hippotragini raw/images/Extant/Hippotragini/Oryx/gazella/LM2/DSCN3862.JPG
DSCN3863.JPG,Hippotragini raw,Hippotragini raw/images/Extant/Hippotragini/Oryx/gazella/LM1/DSCN3863.JPG
DSCN3865.JPG,Hippotragini raw,Hippotragini raw/images/Extant/Hippotragini/Oryx/gazella/LM3/DSCN3865.JPG
DSCN3866.JPG,Hippotragini raw,Hippotragini raw/images/Extant/Hippotragini/Oryx/gazella/LM2/DSCN3866.JPG
DSCN3867.JPG,Hippotragini raw,Hippotragini raw/images/Extant/Hippotragini/Oryx/gazella/LM1/DSCN3867.JPG
DSCN3870.JPG,Hippotragini raw,Hippotragini raw/images/Extant/Hippotragini/Oryx/gazella/LM2/DSCN3870.JPG
DSCN3871.JPG,Hippotragini raw,Hippotragini raw/images/Extant/Hippotragini/Oryx/gazella/LM1/DSCN3871.JPG
DSCN3872.JPG,Hippotragini raw,Hippotragini raw/images/Extant/Hippotragini/Oryx/gazella/LM3/DSCN3872.JPG
DSCN3873.JPG,Hippotragini raw,Hippotragini raw/images/Extant/Hippotragini/Oryx/gazella/LM2/DSCN3873.JPG
DSCN3874.JPG,Hippotragini raw,Hippotragini raw/images/Extant/Hippotragini/Oryx/gazella/LM1/DSCN3874.JPG
DSCN3876.JPG,Hippotragini raw,Hippotragini raw/images/Extant/Hippotragini/Oryx/gazella/LM3/DSCN3876.JPG
DSCN3877.JPG,Hippotragini raw,Hippotragini raw/images/Extant/Hippotragini/Oryx/gazella/LM2/DSCN3877.JPG
DSCN3878.JPG,Hippotragini raw,Hippotragini raw/images/Extant/Hippotragini/Oryx/gazella/LM1/DSCN3878.JPG
DSCN3880.JPG,Hippotragini raw,Hippotragini raw/images/Extant/Hippotragini/Oryx/gazella/LM3/DSCN3880.JPG
DSCN3884.JPG,Hippotragini raw,Hippotragini raw/images/Extant/Hippotragini/Oryx/gazella/LM3/DSCN3884.JPG
DSCN3885.JPG,Hippotragini raw,Hippotragini raw/images/Extant/Hippotragini/Oryx/gazella/LM2/DSCN3885.JPG
DSCN3886.JPG,Hippotragini raw,Hippotragini raw/images/Extant/Hippotragini/Oryx/gazella/LM1/DSCN3886.JPG
DSCN3919.JPG,Hippotragini raw,Hippotragini raw/images/Extant/Hippotragini/Oryx/gazella/LM3/DSCN3919.JPG
DSCN3920.JPG,Hippotragini raw,Hippotragini raw/images/Extant/Hippotragini/Oryx/gazella/LM2/DSCN3920.JPG
DSCN3921.JPG,Hippotragini raw,Hippotragini raw/images/Extant/Hippotragini/Oryx/gazella/LM1/DSCN3921.JPG
DSCN3923.JPG,Hippotragini raw,Hippotragini raw/images/Extant/Hippotragini/Oryx/gazella/LM3/DSCN3923.JPG
DSCN3924.JPG,Hippotragini raw,Hippotragini raw/images/Extant/Hippotragini/Oryx/gazella/LM2/DSCN3924.JPG
DSCN3925.JPG,Hippotragini raw,Hippotragini raw/images/Extant/Hippotragini/Oryx/gazella/LM1/DSCN3925.JPG
DSCN3927.JPG,Hippotragini raw,Hippotragini raw/images/Extant/Hippotragini/Hippotragus/niger/UM3/DSCN3927.JPG
DSCN3928.JPG,Hippotragini raw,Hippotragini raw/images/Extant/Hippotragini/Hippotragus/niger/UM2/DSCN3928.JPG
DSCN3929.JPG,Hippotragini raw,Hippotragini raw/images/Extant/Hippotragini/Hippotragus/niger/UM1/DSCN3929.JPG
DSCN3930.JPG,Hippotragini raw,Hippotragini raw/images/Extant/Hippotragini/Hippotragus/niger/UM3/DSCN3930.JPG
DSCN3931.JPG,Hippotragini raw,Hippotragini raw/images/Extant/Hippotragini/Hippotragus/niger/UM2/DSCN3931.JPG
DSCN3932.JPG,Hippotragini raw,Hippotragini raw/images/Extant/Hippotragini/Hippotragus/niger/UM1/DSCN3932.JPG
DSCN3933.JPG,Hippotragini raw,Hippotragini raw/images/Extant/Hippotragini/Hippotragus/niger/UM3/DSCN3933.JPG
DSCN3934.JPG,Hippotragini raw,Hippotragini raw/images/Extant/Hippotragini/Hippotragus/niger/UM2/DSCN3934.JPG
DSCN3935.JPG,Hippotragini raw,Hippotragini raw/images/Extant/Hippotragini/Hippotragus/niger/UM1/DSCN3935.JPG
DSCN3937.JPG,Hippotragini raw,Hippotragini raw/images/Extant/Hippotragini/Hippotragus/niger/UM3/DSCN3937.JPG
DSCN3938.JPG,Hippotragini raw,Hippotragini raw/images/Extant/Hippotragini/Hippotragus/niger/UM2/DSCN3938.JPG
DSCN3940.JPG,Hippotragini raw,Hippotragini raw/images/Extant/Hippotragini/Hippotragus/niger/UM3/DSCN3940.JPG
DSCN3941.JPG,Hippotragini raw,Hippotragini raw/images/Extant/Hippotragini/Hippotragus/niger/UM2/DSCN3941.JPG
DSCN3942.JPG,Hippotragini raw,Hippotragini raw/images/Extant/Hippotragini/Hippotragus/niger/UM1/DSCN3942.JPG
DSCN3944.JPG,Hippotragini raw,Hippotragini raw/images/Extant/Hippotragini/Hippotragus/niger/UM3/DSCN3944.JPG
DSCN3945.JPG,Hippotragini raw,Hippotragini raw/images/Extant/Hippotragini/Hippotragus/niger/UM2/DSCN3945.JPG
DSCN3946.JPG,Hippotragini raw,Hippotragini raw/images/Extant/Hippotragini/Hippotragus/niger/UM1/DSCN3946.JPG
DSCN3948.JPG,Hippotragini raw,Hippotragini raw/images/Extant/Hippotragini/Hippotragus/niger/LM3/DSCN3948.JPG
DSCN3949.JPG,Hippotragini raw,Hippotragini raw/images/Extant/Hippotragini/Hippotragus/niger/LM2/DSCN3949.JPG
DSCN3950.JPG,Hippotragini raw,Hippotragini raw/images/Extant/Hippotragini/Hippotragus/niger/LM1/DSCN3950.JPG
DSCN3951.JPG,Hippotragini raw,Hippotragini raw/images/Extant/Hippotragini/Hippotragus/niger/UM2/DSCN3951.JPG
DSCN3952.JPG,Hippotragini raw,Hippotragini raw/images/Extant/Hippotragini/Hippotragus/equinus/UM3/DSCN3952.JPG
DSCN3953.JPG,Hippotragini raw,Hippotragini raw/images/Extant/Hippotragini/Hippotragus/equinus/UM2/DSCN3953.JPG
DSCN3954.JPG,Hippotragini raw,Hippotragini raw/images/Extant/Hippotragini/Hippotragus/equinus/UM1/DSCN3954.JPG
DSCN3957.JPG,Hippotragini raw,Hippotragini raw/images/Extant/Hippotragini/Hippotragus/equinus/UM3/DSCN3957.JPG
DSCN3958.JPG,Hippotragini raw,Hippotragini raw/images/Extant/Hippotragini/Hippotragus/equinus/UM2/DSCN3958.JPG
DSCN3959.JPG,Hippotragini raw,Hippotragini raw/images/Extant/Hippotragini/Hippotragus/equinus/UM1/DSCN3959.JPG
DSCN3961.JPG,Hippotragini raw,Hippotragini raw/images/Extant/Hippotragini/Hippotragus/equinus/UM2/DSCN3961.JPG
DSCN3962.JPG,Hippotragini raw,Hippotragini raw/images/Extant/Hippotragini/Hippotragus/equinus/UM1/DSCN3962.JPG
DSCN3965.JPG,Hippotragini raw,Hippotragini raw/images/Extant/Hippotragini/Hippotragus/equinus/UM3/DSCN3965.JPG
DSCN3967.JPG,Hippotragini raw,Hippotragini raw/images/Extant/Hippotragini/Hippotragus/equinus/UM2/DSCN3967.JPG
DSCN3968.JPG,Hippotragini raw,Hippotragini raw/images/Extant/Hippotragini/Hippotragus/equinus/UM1/DSCN3968.JPG
DSCN3972.JPG,Hippotragini raw,Hippotragini raw/images/Extant/Hippotragini/Hippotragus/equinus/LM3/DSCN3972.JPG
DSCN3973.JPG,Hippotragini raw,Hippotragini raw/images/Extant/Hippotragini/Hippotragus/equinus/LM2/DSCN3973.JPG
DSCN3974.JPG,Hippotragini raw,Hippotragini raw/images/Extant/Hippotragini/Hippotragus/equinus/LM1/DSCN3974.JPG
DSCN3978.JPG,Hippotragini raw,Hippotragini raw/images/Extant/Hippotragini/Hippotragus/equinus/LM3/DSCN3978.JPG
DSCN3979.JPG,Hippotragini raw,Hippotragini raw/images/Extant/Hippotragini/Hippotragus/equinus/LM2/DSCN3979.JPG
DSCN3980.JPG,Hippotragini raw,Hippotragini raw/images/Extant/Hippotragini/Hippotragus/equinus/LM1/DSCN3980.JPG
DSCN3982.JPG,Bovini raw,Bovini raw/images/Extant/Bovini/Syncerus/caffer/UM3/DSCN3982.JPG
DSCN3983.JPG,Bovini raw,Bovini raw/images/Extant/Bovini/Syncerus/caffer/UM2/DSCN3983.JPG
DSCN3984.JPG,Bovini raw,Bovini raw/images/Extant/Bovini/Syncerus/caffer/UM1/DSCN3984.JPG
DSCN3986.JPG,Bovini raw,Bovini raw/images/Extant/Bovini/Syncerus/caffer/UM1/DSCN3986.JPG
DSCN3988.JPG,Bovini raw,Bovini raw/images/Extant/Bovini/Syncerus/caffer/UM3/DSCN3988.JPG
DSCN3989.JPG,Bovini raw,Bovini raw/images/Extant/Bovini/Syncerus/caffer/UM2/DSCN3989.JPG
DSCN3990.JPG,Bovini raw,Bovini raw/images/Extant/Bovini/Syncerus/caffer/UM1/DSCN3990.JPG
DSCN3995.JPG,Bovini raw,Bovini raw/images/Extant/Bovini/Syncerus/caffer/UM3/DSCN3995.JPG
DSCN3996.JPG,Bovini raw,Bovini raw/images/Extant/Bovini/Syncerus/caffer/UM2/DSCN3996.JPG
DSCN3997.JPG,Bovini raw,Bovini raw/images/Extant/Bovini/Syncerus/caffer/UM1/DSCN3997.JPG
DSCN4000.JPG,Bovini raw,Bovini raw/images/Extant/Bovini/Syncerus/caffer/UM3/DSCN4000.JPG
DSCN4001.JPG,Bovini raw,Bovini raw/images/Extant/Bovini/Syncerus/caffer/UM2/DSCN4001.JPG
DSCN4002.JPG,Bovini raw,Bovini raw/images/Extant/Bovini/Syncerus/caffer/UM1/DSCN4002.JPG
DSCN4004.JPG,Bovini raw,Bovini raw/images/Extant/Bovini/Syncerus/caffer/UM3/DSCN4004.JPG
DSCN4005.JPG,Bovini raw,Bovini raw/images/Extant/Bovini/Syncerus/caffer/UM2/DSCN4005.JPG
DSCN4006.JPG,Bovini raw,Bovini raw/images/Extant/Bovini/Syncerus/caffer/UM1/DSCN4006.JPG
DSCN4008.JPG,Bovini raw,Bovini raw/images/Extant/Bovini/Syncerus/caffer/UM3/DSCN4008.JPG
DSCN4009.JPG,Bovini raw,Bovini raw/images/Extant/Bovini/Syncerus/caffer/UM2/DSCN4009.JPG
DSCN4010.JPG,Bovini raw,Bovini raw/images/Extant/Bovini/Syncerus/caffer/UM1/DSCN4010.JPG
DSCN4012.JPG,Bovini raw,Bovini raw/images/Extant/Bovini/Syncerus/caffer/UM2/DSCN4012.JPG
DSCN4013.JPG,Bovini raw,Bovini raw/images/Extant/Bovini/Syncerus/caffer/UM2/DSCN4013.JPG
DSCN4014.JPG,Bovini raw,Bovini raw/images/Extant/Bovini/Syncerus/caffer/UM1/DSCN4014.JPG
DSCN4016.JPG,Bovini raw,Bovini raw/images/Extant/Bovini/Syncerus/caffer/UM3/DSCN4016.JPG
DSCN4017.JPG,Bovini raw,Bovini raw/images/Extant/Bovini/Syncerus/caffer/UM2/DSCN4017.JPG
DSCN4018.JPG,Bovini raw,Bovini raw/images/Extant/Bovini/Syncerus/caffer/UM3/DSCN4018.JPG
DSCN4019.JPG,Bovini raw,Bovini raw/images/Extant/Bovini/Syncerus/caffer/UM2/DSCN4019.JPG
DSCN4020.JPG,Bovini raw,Bovini raw/images/Extant/Bovini/Syncerus/caffer/UM1/DSCN4020.JPG
DSCN4022.JPG,Bovini raw,Bovini raw/images/Extant/Bovini/Syncerus/caffer/UM3/DSCN4022.JPG
DSCN4023.JPG,Bovini raw,Bovini raw/images/Extant/Bovini/Syncerus/caffer/UM2/DSCN4023.JPG
DSCN4024.JPG,Bovini raw,Bovini raw/images/Extant/Bovini/Syncerus/caffer/UM1/DSCN4024.JPG
DSCN4028.JPG,Bovini raw,Bovini raw/images/Extant/Bovini/Syncerus/caffer/UM2/DSCN4028.JPG
DSCN4029.JPG,Bovini raw,Bovini raw/images/Extant/Bovini/Syncerus/caffer/UM1/DSCN4029.JPG
DSCN4031.JPG,Bovini raw,Bovini raw/images/Extant/Bovini/Syncerus/caffer/UM3/DSCN4031.JPG
DSCN4032.JPG,Bovini raw,Bovini raw/images/Extant/Bovini/Syncerus/caffer/UM2/DSCN4032.JPG
DSCN4033.JPG,Bovini raw,Bovini raw/images/Extant/Bovini/Syncerus/caffer/UM1/DSCN4033.JPG
DSCN4035.JPG,Bovini raw,Bovini raw/images/Extant/Bovini/Syncerus/caffer/UM3/DSCN4035.JPG
DSCN4037.JPG,Bovini raw,Bovini raw/images/Extant/Bovini/Syncerus/caffer/UM2/DSCN4037.JPG
DSCN4038.JPG,Bovini raw,Bovini raw/images/Extant/Bovini/Syncerus/caffer/UM1/DSCN4038.JPG
DSCN4040.JPG,Bovini raw,Bovini raw/images/Extant/Bovini/Syncerus/caffer/LM3/DSCN4040.JPG
DSCN4041.JPG,Bovini raw,Bovini raw/images/Extant/Bovini/Syncerus/caffer/LM2/DSCN4041.JPG
DSCN4042.JPG,Bovini raw,Bovini raw/images/Extant/Bovini/Syncerus/caffer/LM1/DSCN4042.JPG
DSCN4045.JPG,Bovini raw,Bovini raw/images/Extant/Bovini/Syncerus/caffer/LM3/DSCN4045.JPG
DSCN4046.JPG,Bovini raw,Bovini raw/images/Extant/Bovini/Syncerus/caffer/LM2/DSCN4046.JPG
DSCN4047.JPG,Bovini raw,Bovini raw/images/Extant/Bovini/Syncerus/caffer/LM1/DSCN4047.JPG
DSCN4052.JPG,Alcelaphini raw,Alcelaphini raw/images/Extant/Alcelaphini/Damaliscus/dorcas/UM3/DSCN4052.JPG
DSCN4053.JPG,Alcelaphini raw,Alcelaphini raw/images/Extant/Alcelaphini/Damaliscus/dorcas/UM2/DSCN4053.JPG
DSCN4054.JPG,Alcelaphini raw,Alcelaphini raw/images/Extant/Alcelaphini/Damaliscus/dorcas/UM1/DSCN4054.JPG
DSCN4056.JPG,Alcelaphini raw,Alcelaphini raw/images/Extant/Alcelaphini/Damaliscus/dorcas/UM3/DSCN4056.JPG
DSCN4057.JPG,Alcelaphini raw,Alcelaphini raw/images/Extant/Alcelaphini/Damaliscus/dorcas/UM2/DSCN4057.JPG
DSCN4058.JPG,Alcelaphini raw,Alcelaphini raw/images/Extant/Alcelaphini/Damaliscus/dorcas/UM1/DSCN4058.JPG
DSCN4060.JPG,Alcelaphini raw,Alcelaphini raw/images/Extant/Alcelaphini/Damaliscus/dorcas/UM3/DSCN4060.JPG
DSCN4061.JPG,Alcelaphini raw,Alcelaphini raw/images/Extant/Alcelaphini/Damaliscus/dorcas/UM2/DSCN4061.JPG
DSCN4062.JPG,Alcelaphini raw,Alcelaphini raw/images/Extant/Alcelaphini/Damaliscus/dorcas/UM1/DSCN4062.JPG
DSCN4064.JPG,Alcelaphini raw,Alcelaphini raw/images/Extant/Alcelaphini/Damaliscus/dorcas/UM3/DSCN4064.JPG
DSCN4065.JPG,Alcelaphini raw,Alcelaphini raw/images/Extant/Alcelaphini/Damaliscus/dorcas/UM2/DSCN4065.JPG
DSCN4066.JPG,Alcelaphini raw,Alcelaphini raw/images/Extant/Alcelaphini/Damaliscus/dorcas/UM1/DSCN4066.JPG
DSCN4068.JPG,Alcelaphini raw,Alcelaphini raw/images/Extant/Alcelaphini/Damaliscus/dorcas/UM3/DSCN4068.JPG
DSCN4069.JPG,Alcelaphini raw,Alcelaphini raw/images/Extant/Alcelaphini/Damaliscus/dorcas/UM2/DSCN4069.JPG
DSCN4070.JPG,Alcelaphini raw,Alcelaphini raw/images/Extant/Alcelaphini/Damaliscus/dorcas/UM1/DSCN4070.JPG
DSCN4072.JPG,Alcelaphini raw,Alcelaphini raw/images/Extant/Alcelaphini/Damaliscus/dorcas/UM3/DSCN4072.JPG
DSCN4073.JPG,Alcelaphini raw,Alcelaphini raw/images/Extant/Alcelaphini/Damaliscus/dorcas/UM2/DSCN4073.JPG
DSCN4074.JPG,Alcelaphini raw,Alcelaphini raw/images/Extant/Alcelaphini/Damaliscus/dorcas/UM1/DSCN4074.JPG
DSCN4076.JPG,Alcelaphini raw,Alcelaphini raw/images/Extant/Alcelaphini/Damaliscus/dorcas/UM3/DSCN4076.JPG
DSCN4077.JPG,Alcelaphini raw,Alcelaphini raw/images/Extant/Alcelaphini/Damaliscus/dorcas/UM2/DSCN4077.JPG
DSCN4078.JPG,Alcelaphini raw,Alcelaphini raw/images/Extant/Alcelaphini/Damaliscus/dorcas/UM1/DSCN4078.JPG
DSCN4080.JPG,Alcelaphini raw,Alcelaphini raw/images/Extant/Alcelaphini/Damaliscus/dorcas/UM3/DSCN4080.JPG
DSCN4081.JPG,Alcelaphini raw,Alcelaphini raw/images/Extant/Alcelaphini/Damaliscus/dorcas/UM2/DSCN4081.JPG
DSCN4082.JPG,Alcelaphini raw,Alcelaphini raw/images/Extant/Alcelaphini/Damaliscus/dorcas/UM1/DSCN4082.JPG
DSCN4084.JPG,Alcelaphini raw,Alcelaphini raw/images/Extant/Alcelaphini/Damaliscus/dorcas/UM3/DSCN4084.JPG
DSCN4085.JPG,Alcelaphini raw,Alcelaphini raw/images/Extant/Alcelaphini/Damaliscus/dorcas/UM2/DSCN4085.JPG
DSCN4086.JPG,Alcelaphini raw,Alcelaphini raw/images/Extant/Alcelaphini/Damaliscus/dorcas/UM1/DSCN4086.JPG
DSCN4088.JPG,Alcelaphini raw,Alcelaphini raw/images/Extant/Alcelaphini/Damaliscus/dorcas/UM3/DSCN4088.JPG
DSCN4089.JPG,Alcelaphini raw,Alcelaphini raw/images/Extant/Alcelaphini/Damaliscus/dorcas/UM2/DSCN4089.JPG
DSCN4090.JPG,Alcelaphini raw,Alcelaphini raw/images/Extant/Alcelaphini/Damaliscus/dorcas/UM1/DSCN4090.JPG
DSCN4092.JPG,Alcelaphini raw,Alcelaphini raw/images/Extant/Alcelaphini/Damaliscus/dorcas/LM3/DSCN4092.JPG
DSCN4093.JPG,Alcelaphini raw,Alcelaphini raw/images/Extant/Alcelaphini/Damaliscus/dorcas/LM2/DSCN4093.JPG
DSCN4095.JPG,Alcelaphini raw,Alcelaphini raw/images/Extant/Alcelaphini/Damaliscus/dorcas/LM1/DSCN4095.JPG
DSCN4097.JPG,Alcelaphini raw,Alcelaphini raw/images/Extant/Alcelaphini/Damaliscus/dorcas/LM3/DSCN4097.JPG
DSCN4098.JPG,Alcelaphini raw,Alcelaphini raw/images/Extant/Alcelaphini/Damaliscus/dorcas/LM2/DSCN4098.JPG
DSCN4099.JPG,Alcelaphini raw,Alcelaphini raw/images/Extant/Alcelaphini/Damaliscus/dorcas/LM1/DSCN4099.JPG
DSCN4101.JPG,Alcelaphini raw,Alcelaphini raw/images/Extant/Alcelaphini/Damaliscus/dorcas/LM3/DSCN4101.JPG
DSCN4102.JPG,Alcelaphini raw,Alcelaphini raw/images/Extant/Alcelaphini/Damaliscus/dorcas/LM2/DSCN4102.JPG
DSCN4103.JPG,Alcelaphini raw,Alcelaphini raw/images/Extant/Alcelaphini/Damaliscus/dorcas/LM1/DSCN4103.JPG
DSCN4105.JPG,Alcelaphini raw,Alcelaphini raw/images/Extant/Alcelaphini/Damaliscus/dorcas/LM3/DSCN4105.JPG
DSCN4106.JPG,Alcelaphini raw,Alcelaphini raw/images/Extant/Alcelaphini/Damaliscus/dorcas/LM2/DSCN4106.JPG
DSCN4107.JPG,Alcelaphini raw,Alcelaphini raw/images/Extant/Alcelaphini/Damaliscus/dorcas/LM1/DSCN4107.JPG
DSCN4109.JPG,Alcelaphini raw,Alcelaphini raw/images/Extant/Alcelaphini/Damaliscus/dorcas/LM3/DSCN4109.JPG
DSCN4110.JPG,Alcelaphini raw,Alcelaphini raw/images/Extant/Alcelaphini/Damaliscus/dorcas/LM2/DSCN4110.JPG
DSCN4111.JPG,Alcelaphini raw,Alcelaphini raw/images/Extant/Alcelaphini/Damaliscus/dorcas/LM1/DSCN4111.JPG
DSCN4113.JPG,Alcelaphini raw,Alcelaphini raw/images/Extant/Alcelaphini/Damaliscus/dorcas/LM3/DSCN4113.JPG
DSCN4114.JPG,Alcelaphini raw,Alcelaphini raw/images/Extant/Alcelaphini/Damaliscus/dorcas/LM2/DSCN4114.JPG
DSCN4115.JPG,Alcelaphini raw,Alcelaphini raw/images/Extant/Alcelaphini/Damaliscus/dorcas/LM1/DSCN4115.JPG
DSCN4117.JPG,Alcelaphini raw,Alcelaphini raw/images/Extant/Alcelaphini/Damaliscus/dorcas/LM3/DSCN4117.JPG
DSCN4118.JPG,Alcelaphini raw,Alcelaphini raw/images/Extant/Alcelaphini/Damaliscus/dorcas/LM2/DSCN4118.JPG
DSCN4119.JPG,Alcelaphini raw,Alcelaphini raw/images/Extant/Alcelaphini/Damaliscus/dorcas/LM1/DSCN4119.JPG
DSCN4121.JPG,Alcelaphini raw,Alcelaphini raw/images/Extant/Alcelaphini/Damaliscus/dorcas/LM3/DSCN4121.JPG
DSCN4122.JPG,Alcelaphini raw,Alcelaphini raw/images/Extant/Alcelaphini/Damaliscus/dorcas/LM2/DSCN4122.JPG
DSCN4123.JPG,Alcelaphini raw,Alcelaphini raw/images/Extant/Alcelaphini/Damaliscus/dorcas/LM1/DSCN4123.JPG
DSCN4125.JPG,Alcelaphini raw,Alcelaphini raw/images/Extant/Alcelaphini/Damaliscus/dorcas/LM3/DSCN4125.JPG
DSCN4126.JPG,Alcelaphini raw,Alcelaphini raw/images/Extant/Alcelaphini/Damaliscus/dorcas/LM2/DSCN4126.JPG
DSCN4127.JPG,Alcelaphini raw,Alcelaphini raw/images/Extant/Alcelaphini/Damaliscus/dorcas/LM1/DSCN4127.JPG
DSCN4129.JPG,Alcelaphini raw,Alcelaphini raw/images/Extant/Alcelaphini/Damaliscus/dorcas/LM3/DSCN4129.JPG
DSCN4130.JPG,Alcelaphini raw,Alcelaphini raw/images/Extant/Alcelaphini/Damaliscus/dorcas/LM2/DSCN4130.JPG
DSCN4131.JPG,Alcelaphini raw,Alcelaphini raw/images/Extant/Alcelaphini/Damaliscus/dorcas/LM1/DSCN4131.JPG
DSCN4133.JPG,Alcelaphini raw,Alcelaphini raw/images/Extant/Alcelaphini/Damaliscus/dorcas/LM3/DSCN4133.JPG
DSCN4134.JPG,Alcelaphini raw,Alcelaphini raw/images/Extant/Alcelaphini/Alcelaphus/buselaphus/UM3/DSCN4134.JPG
DSCN4135.JPG,Alcelaphini raw,Alcelaphini raw/images/Extant/Alcelaphini/Alcelaphus/buselaphus/UM2/DSCN4135.JPG
DSCN4138.JPG,Alcelaphini raw,Alcelaphini raw/images/Extant/Alcelaphini/Alcelaphus/buselaphus/UM3/DSCN4138.JPG
DSCN4139.JPG,Alcelaphini raw,Alcelaphini raw/images/Extant/Alcelaphini/Alcelaphus/buselaphus/UM2/DSCN4139.JPG
DSCN4140.JPG,Alcelaphini raw,Alcelaphini raw/images/Extant/Alcelaphini/Alcelaphus/buselaphus/UM1/DSCN4140.JPG
DSCN4142.JPG,Alcelaphini raw,Alcelaphini raw/images/Extant/Alcelaphini/Alcelaphus/buselaphus/UM3/DSCN4142.JPG
DSCN4143.JPG,Alcelaphini raw,Alcelaphini raw/images/Extant/Alcelaphini/Alcelaphus/buselaphus/UM2/DSCN4143.JPG
DSCN4144.JPG,Alcelaphini raw,Alcelaphini raw/images/Extant/Alcelaphini/Alcelaphus/buselaphus/UM1/DSCN4144.JPG
DSCN4146.JPG,Alcelaphini raw,Alcelaphini raw/images/Extant/Alcelaphini/Alcelaphus/buselaphus/LM3/DSCN4146.JPG
DSCN4147.JPG,Alcelaphini raw,Alcelaphini raw/images/Extant/Alcelaphini/Alcelaphus/buselaphus/LM2/DSCN4147.JPG
DSCN4148.JPG,Alcelaphini raw,Alcelaphini raw/images/Extant/Alcelaphini/Alcelaphus/buselaphus/LM1/DSCN4148.JPG
DSCN4149.JPG,Alcelaphini raw,Alcelaphini raw/images/Extant/Alcelaphini/Alcelaphus/buselaphus/LM3/DSCN4149.JPG
DSCN4150.JPG,Alcelaphini raw,Alcelaphini raw/images/Extant/Alcelaphini/Alcelaphus/buselaphus/LM2/DSCN4150.JPG
DSCN4151.JPG,Alcelaphini raw,Alcelaphini raw/images/Extant/Alcelaphini/Alcelaphus/buselaphus/LM1/DSCN4151.JPG
DSCN4153.JPG,Alcelaphini raw,Alcelaphini raw/images/Extant/Alcelaphini/Alcelaphus/buselaphus/LM3/DSCN4153.JPG
DSCN4154.JPG,Alcelaphini raw,Alcelaphini raw/images/Extant/Alcelaphini/Alcelaphus/buselaphus/LM2/DSCN4154.JPG
DSCN4155.JPG,Alcelaphini raw,Alcelaphini raw/images/Extant/Alcelaphini/Alcelaphus/buselaphus/LM1/DSCN4155.JPG
DSCN4157.JPG,Alcelaphini raw,Alcelaphini raw/images/Extant/Alcelaphini/Connochaetes/gnou/UM3/DSCN4157.JPG
DSCN4158.JPG,Alcelaphini raw,Alcelaphini raw/images/Extant/Alcelaphini/Connochaetes/gnou/UM2/DSCN4158.JPG
DSCN4159.JPG,Alcelaphini raw,Alcelaphini raw/images/Extant/Alcelaphini/Connochaetes/gnou/UM1/DSCN4159.JPG
DSCN4161.JPG,Alcelaphini raw,Alcelaphini raw/images/Extant/Alcelaphini/Connochaetes/gnou/LM3/DSCN4161.JPG
DSCN4162.JPG,Alcelaphini raw,Alcelaphini raw/images/Extant/Alcelaphini/Connochaetes/gnou/LM2/DSCN4162.JPG
DSCN4163.JPG,Alcelaphini raw,Alcelaphini raw/images/Extant/Alcelaphini/Connochaetes/gnou/LM1/DSCN4163.JPG
DSCN4165.JPG,Alcelaphini raw,Alcelaphini raw/images/Extant/Alcelaphini/Connochaetes/gnou/LM3/DSCN4165.JPG
DSCN4166.JPG,Alcelaphini raw,Alcelaphini raw/images/Extant/Alcelaphini/Connochaetes/gnou/LM2/DSCN4166.JPG
DSCN4167.JPG,Alcelaphini raw,Alcelaphini raw/images/Extant/Alcelaphini/Connochaetes/gnou/LM1/DSCN4167.JPG
DSCN4170.JPG,Alcelaphini raw,Alcelaphini raw/images/Extant/Alcelaphini/Connochaetes/gnou/LM2/DSCN4170.JPG
DSCN4172.JPG,Alcelaphini raw,Alcelaphini raw/images/Extant/Alcelaphini/Connochaetes/gnou/LM1/DSCN4172.JPG
DSCN4175.JPG,Alcelaphini raw,Alcelaphini raw/images/Extant/Alcelaphini/Connochaetes/gnou/LM3/DSCN4175.JPG
DSCN4176.JPG,Alcelaphini raw,Alcelaphini raw/images/Extant/Alcelaphini/Connochaetes/gnou/LM2/DSCN4176.JPG
DSCN4177.JPG,Alcelaphini raw,Alcelaphini raw/images/Extant/Alcelaphini/Connochaetes/gnou/LM1/DSCN4177.JPG
DSCN4179.JPG,Alcelaphini raw,Alcelaphini raw/images/Extant/Alcelaphini/Connochaetes/gnou/LM3/DSCN4179.JPG
DSCN4180.JPG,Alcelaphini raw,Alcelaphini raw/images/Extant/Alcelaphini/Connochaetes/taurinus/UM3/DSCN4180.JPG
DSCN4181.JPG,Alcelaphini raw,Alcelaphini raw/images/Extant/Alcelaphini/Connochaetes/taurinus/UM2/DSCN4181.JPG
DSCN4182.JPG,Alcelaphini raw,Alcelaphini raw/images/Extant/Alcelaphini/Connochaetes/taurinus/UM1/DSCN4182.JPG
DSCN4183.JPG,Alcelaphini raw,Alcelaphini raw/images/Extant/Alcelaphini/Connochaetes/taurinus/UM3/DSCN4183.JPG
DSCN4184.JPG,Alcelaphini raw,Alcelaphini raw/images/Extant/Alcelaphini/Connochaetes/taurinus/UM2/DSCN4184.JPG
DSCN4185.JPG,Alcelaphini raw,Alcelaphini raw/images/Extant/Alcelaphini/Connochaetes/taurinus/UM1/DSCN4185.JPG
DSCN4187.JPG,Antilopini raw,Antilopini raw/images/Extant/Antilopini/Antidorcas/marsupialis/UM3/DSCN4187.JPG
DSCN4188.JPG,Antilopini raw,Antilopini raw/images/Extant/Antilopini/Antidorcas/marsupialis/UM2/DSCN4188.JPG
DSCN4189.JPG,Antilopini raw,Antilopini raw/images/Extant/Antilopini/Antidorcas/marsupialis/UM1/DSCN4189.JPG
DSCN4191.JPG,Antilopini raw,Antilopini raw/images/Extant/Antilopini/Antidorcas/marsupialis/UM3/DSCN4191.JPG
DSCN4192.JPG,Antilopini raw,Antilopini raw/images/Extant/Antilopini/Antidorcas/marsupialis/UM2/DSCN4192.JPG
DSCN4193.JPG,Antilopini raw,Antilopini raw/images/Extant/Antilopini/Antidorcas/marsupialis/UM1/DSCN4193.JPG
DSCN4195.JPG,Antilopini raw,Antilopini raw/images/Extant/Antilopini/Antidorcas/marsupialis/UM3/DSCN4195.JPG
DSCN4196.JPG,Antilopini raw,Antilopini raw/images/Extant/Antilopini/Antidorcas/marsupialis/UM2/DSCN4196.JPG
DSCN4197.JPG,Antilopini raw,Antilopini raw/images/Extant/Antilopini/Antidorcas/marsupialis/UM3/DSCN4197.JPG
DSCN4198.JPG,Antilopini raw,Antilopini raw/images/Extant/Antilopini/Antidorcas/marsupialis/UM2/DSCN4198.JPG
DSCN4199.JPG,Antilopini raw,Antilopini raw/images/Extant/Antilopini/Antidorcas/marsupialis/UM1/DSCN4199.JPG
DSCN4201.JPG,Antilopini raw,Antilopini raw/images/Extant/Antilopini/Antidorcas/marsupialis/UM3/DSCN4201.JPG
DSCN4202.JPG,Antilopini raw,Antilopini raw/images/Extant/Antilopini/Antidorcas/marsupialis/UM2/DSCN4202.JPG
DSCN4203.JPG,Antilopini raw,Antilopini raw/images/Extant/Antilopini/Antidorcas/marsupialis/UM1/DSCN4203.JPG
DSCN4205.JPG,Antilopini raw,Antilopini raw/images/Extant/Antilopini/Antidorcas/marsupialis/UM3/DSCN4205.JPG
DSCN4206.JPG,Antilopini raw,Antilopini raw/images/Extant/Antilopini/Antidorcas/marsupialis/UM2/DSCN4206.JPG
DSCN4207.JPG,Antilopini raw,Antilopini raw/images/Extant/Antilopini/Antidorcas/marsupialis/UM1/DSCN4207.JPG
DSCN4209.JPG,Antilopini raw,Antilopini raw/images/Extant/Antilopini/Antidorcas/marsupialis/UM3/DSCN4209.JPG
DSCN4210.JPG,Antilopini raw,Antilopini raw/images/Extant/Antilopini/Antidorcas/marsupialis/UM2/DSCN4210.JPG
DSCN4211.JPG,Antilopini raw,Antilopini raw/images/Extant/Antilopini/Antidorcas/marsupialis/UM1/DSCN4211.JPG
DSCN4213.JPG,Antilopini raw,Antilopini raw/images/Extant/Antilopini/Antidorcas/marsupialis/UM3/DSCN4213.JPG
DSCN4214.JPG,Antilopini raw,Antilopini raw/images/Extant/Antilopini/Antidorcas/marsupialis/UM2/DSCN4214.JPG
DSCN4215.JPG,Antilopini raw,Antilopini raw/images/Extant/Antilopini/Antidorcas/marsupialis/UM1/DSCN4215.JPG
DSCN4217.JPG,Antilopini raw,Antilopini raw/images/Extant/Antilopini/Antidorcas/marsupialis/UM3/DSCN4217.JPG
DSCN4218.JPG,Antilopini raw,Antilopini raw/images/Extant/Antilopini/Antidorcas/marsupialis/UM2/DSCN4218.JPG
DSCN4219.JPG,Antilopini raw,Antilopini raw/images/Extant/Antilopini/Antidorcas/marsupialis/UM1/DSCN4219.JPG
DSCN4221.JPG,Antilopini raw,Antilopini raw/images/Extant/Antilopini/Antidorcas/marsupialis/UM3/DSCN4221.JPG
DSCN4222.JPG,Antilopini raw,Antilopini raw/images/Extant/Antilopini/Antidorcas/marsupialis/UM2/DSCN4222.JPG
DSCN4223.JPG,Antilopini raw,Antilopini raw/images/Extant/Antilopini/Antidorcas/marsupialis/UM1/DSCN4223.JPG
DSCN4225.JPG,Antilopini raw,Antilopini raw/images/Extant/Antilopini/Antidorcas/marsupialis/UM3/DSCN4225.JPG
DSCN4226.JPG,Antilopini raw,Antilopini raw/images/Extant/Antilopini/Antidorcas/marsupialis/UM2/DSCN4226.JPG
DSCN4227.JPG,Antilopini raw,Antilopini raw/images/Extant/Antilopini/Antidorcas/marsupialis/UM1/DSCN4227.JPG
DSCN4229.JPG,Antilopini raw,Antilopini raw/images/Extant/Antilopini/Antidorcas/marsupialis/UM2/DSCN4229.JPG
DSCN4230.JPG,Antilopini raw,Antilopini raw/images/Extant/Antilopini/Antidorcas/marsupialis/UM1/DSCN4230.JPG
DSCN4232.JPG,Antilopini raw,Antilopini raw/images/Extant/Antilopini/Antidorcas/marsupialis/UM3/DSCN4232.JPG
DSCN4233.JPG,Antilopini raw,Antilopini raw/images/Extant/Antilopini/Antidorcas/marsupialis/UM2/DSCN4233.JPG
DSCN4234.JPG,Antilopini raw,Antilopini raw/images/Extant/Antilopini/Antidorcas/marsupialis/UM1/DSCN4234.JPG
DSCN4236.JPG,Antilopini raw,Antilopini raw/images/Extant/Antilopini/Antidorcas/marsupialis/UM3/DSCN4236.JPG
DSCN4237.JPG,Antilopini raw,Antilopini raw/images/Extant/Antilopini/Antidorcas/marsupialis/UM2/DSCN4237.JPG
DSCN4238.JPG,Antilopini raw,Antilopini raw/images/Extant/Antilopini/Antidorcas/marsupialis/UM1/DSCN4238.JPG
DSCN4240.JPG,Antilopini raw,Antilopini raw/images/Extant/Antilopini/Antidorcas/marsupialis/UM3/DSCN4240.JPG
DSCN4241.JPG,Antilopini raw,Antilopini raw/images/Extant/Antilopini/Antidorcas/marsupialis/UM2/DSCN4241.JPG
DSCN4242.JPG,Antilopini raw,Antilopini raw/images/Extant/Antilopini/Antidorcas/marsupialis/UM1/DSCN4242.JPG
DSCN4244.JPG,Antilopini raw,Antilopini raw/images/Extant/Antilopini/Antidorcas/marsupialis/UM3/DSCN4244.JPG
DSCN4245.JPG,Antilopini raw,Antilopini raw/images/Extant/Antilopini/Antidorcas/marsupialis/UM2/DSCN4245.JPG
DSCN4246.JPG,Antilopini raw,Antilopini raw/images/Extant/Antilopini/Antidorcas/marsupialis/UM1/DSCN4246.JPG
DSCN4248.JPG,Antilopini raw,Antilopini raw/images/Extant/Antilopini/Antidorcas/marsupialis/UM3/DSCN4248.JPG
DSCN4250.JPG,Antilopini raw,Antilopini raw/images/Extant/Antilopini/Antidorcas/marsupialis/UM1/DSCN4250.JPG
DSCN4252.JPG,Antilopini raw,Antilopini raw/images/Extant/Antilopini/Antidorcas/marsupialis/LM3/DSCN4252.JPG
DSCN4253.JPG,Antilopini raw,Antilopini raw/images/Extant/Antilopini/Antidorcas/marsupialis/LM2/DSCN4253.JPG
DSCN4254.JPG,Antilopini raw,Antilopini raw/images/Extant/Antilopini/Antidorcas/marsupialis/LM1/DSCN4254.JPG
DSCN4256.JPG,Antilopini raw,Antilopini raw/images/Extant/Antilopini/Antidorcas/marsupialis/LM3/DSCN4256.JPG
DSCN4257.JPG,Antilopini raw,Antilopini raw/images/Extant/Antilopini/Antidorcas/marsupialis/LM2/DSCN4257.JPG
DSCN4258.JPG,Antilopini raw,Antilopini raw/images/Extant/Antilopini/Antidorcas/marsupialis/LM1/DSCN4258.JPG
DSCN4260.JPG,Antilopini raw,Antilopini raw/images/Extant/Antilopini/Antidorcas/marsupialis/LM3/DSCN4260.JPG
DSCN4261.JPG,Antilopini raw,Antilopini raw/images/Extant/Antilopini/Antidorcas/marsupialis/LM2/DSCN4261.JPG
DSCN4262.JPG,Antilopini raw,Antilopini raw/images/Extant/Antilopini/Antidorcas/marsupialis/LM1/DSCN4262.JPG
DSCN4264.JPG,Antilopini raw,Antilopini raw/images/Extant/Antilopini/Antidorcas/marsupialis/LM3/DSCN4264.JPG
DSCN4265.JPG,Antilopini raw,Antilopini raw/images/Extant/Antilopini/Antidorcas/marsupialis/LM2/DSCN4265.JPG
DSCN4266.JPG,Antilopini raw,Antilopini raw/images/Extant/Antilopini/Antidorcas/marsupialis/LM1/DSCN4266.JPG
DSCN4268.JPG,Antilopini raw,Antilopini raw/images/Extant/Antilopini/Antidorcas/marsupialis/LM3/DSCN4268.JPG
DSCN4269.JPG,Antilopini raw,Antilopini raw/images/Extant/Antilopini/Antidorcas/marsupialis/LM2/DSCN4269.JPG
DSCN4270.JPG,Antilopini raw,Antilopini raw/images/Extant/Antilopini/Antidorcas/marsupialis/LM1/DSCN4270.JPG
DSCN4272.JPG,Antilopini raw,Antilopini raw/images/Extant/Antilopini/Antidorcas/marsupialis/LM3/DSCN4272.JPG
DSCN4273.JPG,Antilopini raw,Antilopini raw/images/Extant/Antilopini/Antidorcas/marsupialis/LM2/DSCN4273.JPG
DSCN4274.JPG,Antilopini raw,Antilopini raw/images/Extant/Antilopini/Antidorcas/marsupialis/LM1/DSCN4274.JPG
DSCN4275.JPG,Antilopini raw,Antilopini raw/images/Extant/Antilopini/Antidorcas/marsupialis/LM3/DSCN4275.JPG
DSCN4276.JPG,Antilopini raw,Antilopini raw/images/Extant/Antilopini/Antidorcas/marsupialis/LM2/DSCN4276.JPG
DSCN4277.JPG,Antilopini raw,Antilopini raw/images/Extant/Antilopini/Antidorcas/marsupialis/LM1/DSCN4277.JPG
DSCN4279.JPG,Antilopini raw,Antilopini raw/images/Extant/Antilopini/Antidorcas/marsupialis/LM3/DSCN4279.JPG
DSCN4280.JPG,Antilopini raw,Antilopini raw/images/Extant/Antilopini/Antidorcas/marsupialis/LM2/DSCN4280.JPG
DSCN4281.JPG,Antilopini raw,Antilopini raw/images/Extant/Antilopini/Antidorcas/marsupialis/LM1/DSCN4281.JPG
DSCN4282.JPG,Antilopini raw,Antilopini raw/images/Extant/Antilopini/Antidorcas/marsupialis/LM3/DSCN4282.JPG
DSCN4283.JPG,Antilopini raw,Antilopini raw/images/Extant/Antilopini/Antidorcas/marsupialis/LM2/DSCN4283.JPG
DSCN4284.JPG,Antilopini raw,Antilopini raw/images/Extant/Antilopini/Antidorcas/marsupialis/LM1/DSCN4284.JPG
DSCN4286.JPG,Antilopini raw,Antilopini raw/images/Extant/Antilopini/Antidorcas/marsupialis/LM3/DSCN4286.JPG
DSCN4287.JPG,Antilopini raw,Antilopini raw/images/Extant/Antilopini/Antidorcas/marsupialis/LM2/DSCN4287.JPG
DSCN4288.JPG,Antilopini raw,Antilopini raw/images/Extant/Antilopini/Antidorcas/marsupialis/LM3/DSCN4288.JPG
DSCN4290.JPG,Antilopini raw,Antilopini raw/images/Extant/Antilopini/Antidorcas/marsupialis/LM2/DSCN4290.JPG
DSCN4292.JPG,Antilopini raw,Antilopini raw/images/Extant/Antilopini/Antidorcas/marsupialis/LM1/DSCN4292.JPG
DSCN4294.JPG,Antilopini raw,Antilopini raw/images/Extant/Antilopini/Antidorcas/marsupialis/LM3/DSCN4294.JPG
DSCN4295.JPG,Antilopini raw,Antilopini raw/images/Extant/Antilopini/Antidorcas/marsupialis/LM2/DSCN4295.JPG
DSCN4296.JPG,Antilopini raw,Antilopini raw/images/Extant/Antilopini/Antidorcas/marsupialis/LM1/DSCN4296.JPG
DSCN4299.JPG,Antilopini raw,Antilopini raw/images/Extant/Antilopini/Antidorcas/marsupialis/LM3/DSCN4299.JPG
DSCN4300.JPG,Antilopini raw,Antilopini raw/images/Extant/Antilopini/Antidorcas/marsupialis/LM2/DSCN4300.JPG
DSCN4301.JPG,Antilopini raw,Antilopini raw/images/Extant/Antilopini/Antidorcas/marsupialis/LM1/DSCN4301.JPG
DSCN4303.JPG,Antilopini raw,Antilopini raw/images/Extant/Antilopini/Antidorcas/marsupialis/LM3/DSCN4303.JPG
DSCN4304.JPG,Antilopini raw,Antilopini raw/images/Extant/Antilopini/Antidorcas/marsupialis/LM2/DSCN4304.JPG
DSCN4305.JPG,Antilopini raw,Antilopini raw/images/Extant/Antilopini/Antidorcas/marsupialis/LM1/DSCN4305.JPG
DSCN4307.JPG,Antilopini raw,Antilopini raw/images/Extant/Antilopini/Antidorcas/marsupialis/LM3/DSCN4307.JPG
DSCN4308.JPG,Antilopini raw,Antilopini raw/images/Extant/Antilopini/Antidorcas/marsupialis/LM2/DSCN4308.JPG
DSCN4309.JPG,Antilopini raw,Antilopini raw/images/Extant/Antilopini/Antidorcas/marsupialis/LM1/DSCN4309.JPG
DSCN4311.JPG,Antilopini raw,Antilopini raw/images/Extant/Antilopini/Antidorcas/marsupialis/LM3/DSCN4311.JPG
DSCN4313.JPG,Antilopini raw,Antilopini raw/images/Extant/Antilopini/Antidorcas/marsupialis/LM2/DSCN4313.JPG
DSCN4315.JPG,Antilopini raw,Antilopini raw/images/Extant/Antilopini/Antidorcas/marsupialis/LM3/DSCN4315.JPG
DSCN4316.JPG,Antilopini raw,Antilopini raw/images/Extant/Antilopini/Antidorcas/marsupialis/LM2/DSCN4316.JPG
DSCN4317.JPG,Antilopini raw,Antilopini raw/images/Extant/Antilopini/Antidorcas/marsupialis/LM1/DSCN4317.JPG
DSCN4319.JPG,Antilopini raw,Antilopini raw/images/Extant/Antilopini/Antidorcas/marsupialis/LM3/DSCN4319.JPG
DSCN4320.JPG,Antilopini raw,Antilopini raw/images/Extant/Antilopini/Antidorcas/marsupialis/LM2/DSCN4320.JPG
DSCN4321.JPG,Antilopini raw,Antilopini raw/images/Extant/Antilopini/Antidorcas/marsupialis/LM1/DSCN4321.JPG
DSCN4323.JPG,Antilopini raw,Antilopini raw/images/Extant/Antilopini/Antidorcas/marsupialis/LM3/DSCN4323.JPG
DSCN4324.JPG,Antilopini raw,Antilopini raw/images/Extant/Antilopini/Antidorcas/marsupialis/LM2/DSCN4324.JPG
DSCN4325.JPG,Antilopini raw,Antilopini raw/images/Extant/Antilopini/Antidorcas/marsupialis/LM1/DSCN4325.JPG
DSCN4328.JPG,Tragelaphini raw,Tragelaphini raw/images/Extant/Tragelaphini/Tragelaphus/strepsiceros/UM3/DSCN4328.JPG
DSCN4330.JPG,Tragelaphini raw,Tragelaphini raw/images/Extant/Tragelaphini/Tragelaphus/strepsiceros/UM2/DSCN4330.JPG
DSCN4331.JPG,Tragelaphini raw,Tragelaphini raw/images/Extant/Tragelaphini/Tragelaphus/strepsiceros/UM1/DSCN4331.JPG
DSCN4333.JPG,Tragelaphini raw,Tragelaphini raw/images/Extant/Tragelaphini/Tragelaphus/strepsiceros/UM1/DSCN4333.JPG
DSCN4334.JPG,Tragelaphini raw,Tragelaphini raw/images/Extant/Tragelaphini/Tragelaphus/strepsiceros/UM3/DSCN4334.JPG
DSCN4335.JPG,Tragelaphini raw,Tragelaphini raw/images/Extant/Tragelaphini/Tragelaphus/strepsiceros/UM2/DSCN4335.JPG
DSCN4336.JPG,Tragelaphini raw,Tragelaphini raw/images/Extant/Tragelaphini/Tragelaphus/strepsiceros/UM1/DSCN4336.JPG
DSCN4338.JPG,Tragelaphini raw,Tragelaphini raw/images/Extant/Tragelaphini/Tragelaphus/strepsiceros/LM3/DSCN4338.JPG
DSCN4339.JPG,Tragelaphini raw,Tragelaphini raw/images/Extant/Tragelaphini/Tragelaphus/strepsiceros/LM2/DSCN4339.JPG
DSCN4340.JPG,Tragelaphini raw,Tragelaphini raw/images/Extant/Tragelaphini/Tragelaphus/strepsiceros/LM1/DSCN4340.JPG
DSCN4342.JPG,Tragelaphini raw,Tragelaphini raw/images/Extant/Tragelaphini/Tragelaphus/strepsiceros/LM3/DSCN4342.JPG
DSCN4343.JPG,Tragelaphini raw,Tragelaphini raw/images/Extant/Tragelaphini/Tragelaphus/strepsiceros/LM2/DSCN4343.JPG
DSCN4345.JPG,Tragelaphini raw,Tragelaphini raw/images/Extant/Tragelaphini/Tragelaphus/strepsiceros/LM1/DSCN4345.JPG
DSCN4347.JPG,Reduncini raw,Reduncini raw/images/Extant/Reduncini/Redunca/fulvorufulva/UM3/DSCN4347.JPG
DSCN4348.JPG,Reduncini raw,Reduncini raw/images/Extant/Reduncini/Redunca/fulvorufulva/UM2/DSCN4348.JPG
DSCN4349.JPG,Reduncini raw,Reduncini raw/images/Extant/Reduncini/Redunca/fulvorufulva/UM1/DSCN4349.JPG
DSCN4350.JPG,Reduncini raw,Reduncini raw/images/Extant/Reduncini/Redunca/fulvorufulva/LM3/DSCN4350.JPG
DSCN4351.JPG,Reduncini raw,Reduncini raw/images/Extant/Reduncini/Redunca/fulvorufulva/LM2/DSCN4351.JPG
DSCN4352.JPG,Reduncini raw,Reduncini raw/images/Extant/Reduncini/Redunca/fulvorufulva/LM1/DSCN4352.JPG
DSCN4353.JPG,Reduncini raw,Reduncini raw/images/Extant/Reduncini/Redunca/fulvorufulva/LM3/DSCN4353.JPG
DSCN4354.JPG,Reduncini raw,Reduncini raw/images/Extant/Reduncini/Redunca/fulvorufulva/LM2/DSCN4354.JPG
DSCN4355.JPG,Reduncini raw,Reduncini raw/images/Extant/Reduncini/Redunca/fulvorufulva/LM1/DSCN4355.JPG
DSCN4493.JPG,Bovini raw,Bovini raw/images/Extant/Bovini/Syncerus/caffer/LM3/DSCN4493.JPG
DSCN4494.JPG,Bovini raw,Bovini raw/images/Extant/Bovini/Syncerus/caffer/LM2/DSCN4494.JPG
DSCN4495.JPG,Bovini raw,Bovini raw/images/Extant/Bovini/Syncerus/caffer/LM1/DSCN4495.JPG
DSCN4497.JPG,Bovini raw,Bovini raw/images/Extant/Bovini/Syncerus/caffer/LM3/DSCN4497.JPG
DSCN4498.JPG,Bovini raw,Bovini raw/images/Extant/Bovini/Syncerus/caffer/LM2/DSCN4498.JPG
DSCN4499.JPG,Bovini raw,Bovini raw/images/Extant/Bovini/Syncerus/caffer/LM1/DSCN4499.JPG
DSCN4502.JPG,Bovini raw,Bovini raw/images/Extant/Bovini/Syncerus/caffer/LM3/DSCN4502.JPG
DSCN4503.JPG,Bovini raw,Bovini raw/images/Extant/Bovini/Syncerus/caffer/LM2/DSCN4503.JPG
DSCN4504.JPG,Bovini raw,Bovini raw/images/Extant/Bovini/Syncerus/caffer/LM1/DSCN4504.JPG
DSCN4507.JPG,Bovini raw,Bovini raw/images/Extant/Bovini/Syncerus/caffer/LM3/DSCN4507.JPG
DSCN4508.JPG,Bovini raw,Bovini raw/images/Extant/Bovini/Syncerus/caffer/LM2/DSCN4508.JPG
DSCN4509.JPG,Bovini raw,Bovini raw/images/Extant/Bovini/Syncerus/caffer/LM1/DSCN4509.JPG
DSCN4511.JPG,Bovini raw,Bovini raw/images/Extant/Bovini/Syncerus/caffer/LM3/DSCN4511.JPG
DSCN4512.JPG,Bovini raw,Bovini raw/images/Extant/Bovini/Syncerus/caffer/LM2/DSCN4512.JPG
DSCN4513.JPG,Bovini raw,Bovini raw/images/Extant/Bovini/Syncerus/caffer/LM1/DSCN4513.JPG
DSCN4516.JPG,Bovini raw,Bovini raw/images/Extant/Bovini/Syncerus/caffer/LM3/DSCN4516.JPG
DSCN4517.JPG,Bovini raw,Bovini raw/images/Extant/Bovini/Syncerus/caffer/LM2/DSCN4517.JPG
DSCN4518.JPG,Bovini raw,Bovini raw/images/Extant/Bovini/Syncerus/caffer/LM1/DSCN4518.JPG
DSCN4520.JPG,Bovini raw,Bovini raw/images/Extant/Bovini/Syncerus/caffer/LM3/DSCN4520.JPG
DSCN4521.JPG,Bovini raw,Bovini raw/images/Extant/Bovini/Syncerus/caffer/LM2/DSCN4521.JPG
DSCN4522.JPG,Bovini raw,Bovini raw/images/Extant/Bovini/Syncerus/caffer/LM1/DSCN4522.JPG
DSCN4524.JPG,Bovini raw,Bovini raw/images/Extant/Bovini/Syncerus/caffer/LM3/DSCN4524.JPG
DSCN4525.JPG,Bovini raw,Bovini raw/images/Extant/Bovini/Syncerus/caffer/LM2/DSCN4525.JPG
DSCN4526.JPG,Bovini raw,Bovini raw/images/Extant/Bovini/Syncerus/caffer/LM1/DSCN4526.JPG
DSCN4528.JPG,Bovini raw,Bovini raw/images/Extant/Bovini/Syncerus/caffer/LM3/DSCN4528.JPG
DSCN4529.JPG,Bovini raw,Bovini raw/images/Extant/Bovini/Syncerus/caffer/LM2/DSCN4529.JPG
DSCN4530.JPG,Bovini raw,Bovini raw/images/Extant/Bovini/Syncerus/caffer/LM1/DSCN4530.JPG
DSCN4531.JPG,Bovini raw,Bovini raw/images/Extant/Bovini/Syncerus/caffer/LM3/DSCN4531.JPG
DSCN4532.JPG,Bovini raw,Bovini raw/images/Extant/Bovini/Syncerus/caffer/LM2/DSCN4532.JPG
DSCN4533.JPG,Bovini raw,Bovini raw/images/Extant/Bovini/Syncerus/caffer/LM1/DSCN4533.JPG
DSCN4535.JPG,Bovini raw,Bovini raw/images/Extant/Bovini/Syncerus/caffer/LM3/DSCN4535.JPG
DSCN4536.JPG,Bovini raw,Bovini raw/images/Extant/Bovini/Syncerus/caffer/LM2/DSCN4536.JPG
DSCN4537.JPG,Bovini raw,Bovini raw/images/Extant/Bovini/Syncerus/caffer/LM1/DSCN4537.JPG
DSCN4539.JPG,Bovini raw,Bovini raw/images/Extant/Bovini/Syncerus/caffer/LM3/DSCN4539.JPG
DSCN4540.JPG,Bovini raw,Bovini raw/images/Extant/Bovini/Syncerus/caffer/LM2/DSCN4540.JPG
DSCN4541.JPG,Bovini raw,Bovini raw/images/Extant/Bovini/Syncerus/caffer/LM1/DSCN4541.JPG
DSCN4543.JPG,Bovini raw,Bovini raw/images/Extant/Bovini/Syncerus/caffer/LM3/DSCN4543.JPG
DSCN4544.JPG,Bovini raw,Bovini raw/images/Extant/Bovini/Syncerus/caffer/LM2/DSCN4544.JPG
DSCN4547.JPG,Bovini raw,Bovini raw/images/Extant/Bovini/Syncerus/caffer/LM1/DSCN4547.JPG
DSCN4549.JPG,Bovini raw,Bovini raw/images/Extant/Bovini/Syncerus/caffer/LM2/DSCN4549.JPG
DSCN4550.JPG,Bovini raw,Bovini raw/images/Extant/Bovini/Syncerus/caffer/LM1/DSCN4550.JPG
DSCN4552.JPG,Bovini raw,Bovini raw/images/Extant/Bovini/Syncerus/caffer/LM2/DSCN4552.JPG
DSCN4553.JPG,Bovini raw,Bovini raw/images/Extant/Bovini/Syncerus/caffer/LM1/DSCN4553.JPG
DSCN4554.JPG,Bovini raw,Bovini raw/images/Extant/Bovini/Syncerus/caffer/LM3/DSCN4554.JPG
DSCN4555.JPG,Bovini raw,Bovini raw/images/Extant/Bovini/Syncerus/caffer/LM2/DSCN4555.JPG
DSCN4556.JPG,Bovini raw,Bovini raw/images/Extant/Bovini/Syncerus/caffer/LM1/DSCN4556.JPG
DSCN4567.JPG,Alcelaphini raw,Alcelaphini raw/images/Extant/Alcelaphini/Connochaetes/taurinus/UM2/DSCN4567.JPG
DSCN4568.JPG,Alcelaphini raw,Alcelaphini raw/images/Extant/Alcelaphini/Connochaetes/taurinus/UM1/DSCN4568.JPG
DSCN4569.JPG,Alcelaphini raw,Alcelaphini raw/images/Extant/Alcelaphini/Connochaetes/taurinus/UM3/DSCN4569.JPG
DSCN4570.JPG,Alcelaphini raw,Alcelaphini raw/images/Extant/Alcelaphini/Connochaetes/taurinus/UM2/DSCN4570.JPG
DSCN4571.JPG,Alcelaphini raw,Alcelaphini raw/images/Extant/Alcelaphini/Connochaetes/taurinus/UM1/DSCN4571.JPG
DSCN4574.JPG,Alcelaphini raw,Alcelaphini raw/images/Extant/Alcelaphini/Connochaetes/taurinus/UM3/DSCN4574.JPG
DSCN4575.JPG,Alcelaphini raw,Alcelaphini raw/images/Extant/Alcelaphini/Connochaetes/taurinus/UM2/DSCN4575.JPG
DSCN4576.JPG,Alcelaphini raw,Alcelaphini raw/images/Extant/Alcelaphini/Connochaetes/taurinus/UM1/DSCN4576.JPG
DSCN4577.JPG,Alcelaphini raw,Alcelaphini raw/images/Extant/Alcelaphini/Connochaetes/taurinus/UM3/DSCN4577.JPG
DSCN4578.JPG,Alcelaphini raw,Alcelaphini raw/images/Extant/Alcelaphini/Connochaetes/taurinus/UM2/DSCN4578.JPG
DSCN4579.JPG,Alcelaphini raw,Alcelaphini raw/images/Extant/Alcelaphini/Connochaetes/taurinus/UM1/DSCN4579.JPG
DSCN4580.JPG,Alcelaphini raw,Alcelaphini raw/images/Extant/Alcelaphini/Connochaetes/taurinus/UM3/DSCN4580.JPG
DSCN4581.JPG,Alcelaphini raw,Alcelaphini raw/images/Extant/Alcelaphini/Connochaetes/taurinus/UM2/DSCN4581.JPG
DSCN4582.JPG,Alcelaphini raw,Alcelaphini raw/images/Extant/Alcelaphini/Connochaetes/taurinus/UM1/DSCN4582.JPG
DSCN4585.JPG,Alcelaphini raw,Alcelaphini raw/images/Extant/Alcelaphini/Connochaetes/taurinus/UM3/DSCN4585.JPG
DSCN4586.JPG,Alcelaphini raw,Alcelaphini raw/images/Extant/Alcelaphini/Connochaetes/taurinus/UM2/DSCN4586.JPG
DSCN4587.JPG,Alcelaphini raw,Alcelaphini raw/images/Extant/Alcelaphini/Connochaetes/taurinus/UM1/DSCN4587.JPG
DSCN4589.JPG,Alcelaphini raw,Alcelaphini raw/images/Extant/Alcelaphini/Connochaetes/taurinus/UM3/DSCN4589.JPG
DSCN4590.JPG,Alcelaphini raw,Alcelaphini raw/images/Extant/Alcelaphini/Connochaetes/taurinus/UM2/DSCN4590.JPG
DSCN4591.JPG,Alcelaphini raw,Alcelaphini raw/images/Extant/Alcelaphini/Connochaetes/taurinus/UM1/DSCN4591.JPG
DSCN4593.JPG,Alcelaphini raw,Alcelaphini raw/images/Extant/Alcelaphini/Connochaetes/taurinus/UM3/DSCN4593.JPG
DSCN4594.JPG,Alcelaphini raw,Alcelaphini raw/images/Extant/Alcelaphini/Connochaetes/taurinus/UM2/DSCN4594.JPG
DSCN4597.JPG,Alcelaphini raw,Alcelaphini raw/images/Extant/Alcelaphini/Connochaetes/taurinus/UM3/DSCN4597.JPG
DSCN4598.JPG,Alcelaphini raw,Alcelaphini raw/images/Extant/Alcelaphini/Connochaetes/taurinus/UM2/DSCN4598.JPG
DSCN4599.JPG,Alcelaphini raw,Alcelaphini raw/images/Extant/Alcelaphini/Connochaetes/taurinus/UM1/DSCN4599.JPG
DSCN4600.JPG,Alcelaphini raw,Alcelaphini raw/images/Extant/Alcelaphini/Connochaetes/taurinus/UM3/DSCN4600.JPG
DSCN4601.JPG,Alcelaphini raw,Alcelaphini raw/images/Extant/Alcelaphini/Connochaetes/taurinus/UM2/DSCN4601.JPG
DSCN4604.JPG,Alcelaphini raw,Alcelaphini raw/images/Extant/Alcelaphini/Connochaetes/taurinus/UM3/DSCN4604.JPG
DSCN4605.JPG,Alcelaphini raw,Alcelaphini raw/images/Extant/Alcelaphini/Connochaetes/taurinus/UM2/DSCN4605.JPG
DSCN4606.JPG,Alcelaphini raw,Alcelaphini raw/images/Extant/Alcelaphini/Connochaetes/taurinus/UM1/DSCN4606.JPG
DSCN4607.JPG,Alcelaphini raw,Alcelaphini raw/images/Extant/Alcelaphini/Connochaetes/taurinus/UM3/DSCN4607.JPG
DSCN4608.JPG,Alcelaphini raw,Alcelaphini raw/images/Extant/Alcelaphini/Connochaetes/taurinus/UM2/DSCN4608.JPG
DSCN4609.JPG,Alcelaphini raw,Alcelaphini raw/images/Extant/Alcelaphini/Connochaetes/taurinus/UM1/DSCN4609.JPG
DSCN4611.JPG,Alcelaphini raw,Alcelaphini raw/images/Extant/Alcelaphini/Connochaetes/taurinus/UM2/DSCN4611.JPG
DSCN4612.JPG,Alcelaphini raw,Alcelaphini raw/images/Extant/Alcelaphini/Connochaetes/taurinus/UM1/DSCN4612.JPG
DSCN4614.JPG,Alcelaphini raw,Alcelaphini raw/images/Extant/Alcelaphini/Connochaetes/taurinus/UM3/DSCN4614.JPG
DSCN4615.JPG,Alcelaphini raw,Alcelaphini raw/images/Extant/Alcelaphini/Connochaetes/taurinus/UM2/DSCN4615.JPG
DSCN4616.JPG,Alcelaphini raw,Alcelaphini raw/images/Extant/Alcelaphini/Connochaetes/taurinus/UM1/DSCN4616.JPG
DSCN4618.JPG,Alcelaphini raw,Alcelaphini raw/images/Extant/Alcelaphini/Connochaetes/taurinus/UM3/DSCN4618.JPG
DSCN4619.JPG,Alcelaphini raw,Alcelaphini raw/images/Extant/Alcelaphini/Connochaetes/taurinus/UM2/DSCN4619.JPG
DSCN4620.JPG,Alcelaphini raw,Alcelaphini raw/images/Extant/Alcelaphini/Connochaetes/taurinus/UM1/DSCN4620.JPG
DSCN4622.JPG,Alcelaphini raw,Alcelaphini raw/images/Extant/Alcelaphini/Connochaetes/taurinus/UM3/DSCN4622.JPG
DSCN4623.JPG,Alcelaphini raw,Alcelaphini raw/images/Extant/Alcelaphini/Connochaetes/taurinus/UM2/DSCN4623.JPG
DSCN4624.JPG,Alcelaphini raw,Alcelaphini raw/images/Extant/Alcelaphini/Connochaetes/taurinus/UM1/DSCN4624.JPG
DSCN4626.JPG,Alcelaphini raw,Alcelaphini raw/images/Extant/Alcelaphini/Connochaetes/taurinus/LM3/DSCN4626.JPG
DSCN4627.JPG,Alcelaphini raw,Alcelaphini raw/images/Extant/Alcelaphini/Connochaetes/taurinus/LM2/DSCN4627.JPG
DSCN4628.JPG,Alcelaphini raw,Alcelaphini raw/images/Extant/Alcelaphini/Connochaetes/taurinus/LM1/DSCN4628.JPG
DSCN4630.JPG,Alcelaphini raw,Alcelaphini raw/images/Extant/Alcelaphini/Connochaetes/taurinus/LM3/DSCN4630.JPG
DSCN4631.JPG,Alcelaphini raw,Alcelaphini raw/images/Extant/Alcelaphini/Connochaetes/taurinus/LM2/DSCN4631.JPG
DSCN4632.JPG,Alcelaphini raw,Alcelaphini raw/images/Extant/Alcelaphini/Connochaetes/taurinus/LM1/DSCN4632.JPG
DSCN4633.JPG,Alcelaphini raw,Alcelaphini raw/images/Extant/Alcelaphini/Connochaetes/taurinus/LM3/DSCN4633.JPG
DSCN4634.JPG,Alcelaphini raw,Alcelaphini raw/images/Extant/Alcelaphini/Connochaetes/taurinus/LM2/DSCN4634.JPG
DSCN4635.JPG,Alcelaphini raw,Alcelaphini raw/images/Extant/Alcelaphini/Connochaetes/taurinus/LM1/DSCN4635.JPG
DSCN4637.JPG,Alcelaphini raw,Alcelaphini raw/images/Extant/Alcelaphini/Connochaetes/taurinus/LM3/DSCN4637.JPG
DSCN4638.JPG,Alcelaphini raw,Alcelaphini raw/images/Extant/Alcelaphini/Connochaetes/taurinus/LM2/DSCN4638.JPG
DSCN4639.JPG,Alcelaphini raw,Alcelaphini raw/images/Extant/Alcelaphini/Connochaetes/taurinus/LM1/DSCN4639.JPG
DSCN4641.JPG,Alcelaphini raw,Alcelaphini raw/images/Extant/Alcelaphini/Connochaetes/taurinus/LM3/DSCN4641.JPG
DSCN4642.JPG,Alcelaphini raw,Alcelaphini raw/images/Extant/Alcelaphini/Connochaetes/taurinus/LM2/DSCN4642.JPG
DSCN4644.JPG,Alcelaphini raw,Alcelaphini raw/images/Extant/Alcelaphini/Connochaetes/taurinus/LM3/DSCN4644.JPG
DSCN4645.JPG,Alcelaphini raw,Alcelaphini raw/images/Extant/Alcelaphini/Connochaetes/taurinus/LM2/DSCN4645.JPG
DSCN4646.JPG,Alcelaphini raw,Alcelaphini raw/images/Extant/Alcelaphini/Connochaetes/taurinus/LM1/DSCN4646.JPG
DSCN4648.JPG,Alcelaphini raw,Alcelaphini raw/images/Extant/Alcelaphini/Connochaetes/taurinus/LM3/DSCN4648.JPG
DSCN4650.JPG,Alcelaphini raw,Alcelaphini raw/images/Extant/Alcelaphini/Connochaetes/taurinus/LM2/DSCN4650.JPG
DSCN4651.JPG,Alcelaphini raw,Alcelaphini raw/images/Extant/Alcelaphini/Connochaetes/taurinus/LM1/DSCN4651.JPG
DSCN4653.JPG,Alcelaphini raw,Alcelaphini raw/images/Extant/Alcelaphini/Connochaetes/taurinus/LM3/DSCN4653.JPG
DSCN4654.JPG,Alcelaphini raw,Alcelaphini raw/images/Extant/Alcelaphini/Connochaetes/taurinus/LM2/DSCN4654.JPG
DSCN4655.JPG,Alcelaphini raw,Alcelaphini raw/images/Extant/Alcelaphini/Connochaetes/taurinus/LM1/DSCN4655.JPG
DSCN4657.JPG,Alcelaphini raw,Alcelaphini raw/images/Extant/Alcelaphini/Connochaetes/taurinus/LM3/DSCN4657.JPG
DSCN4658.JPG,Alcelaphini raw,Alcelaphini raw/images/Extant/Alcelaphini/Connochaetes/taurinus/LM2/DSCN4658.JPG
DSCN4659.JPG,Alcelaphini raw,Alcelaphini raw/images/Extant/Alcelaphini/Connochaetes/taurinus/LM1/DSCN4659.JPG
DSCN4667.JPG,Alcelaphini raw,Alcelaphini raw/images/Extant/Alcelaphini/Connochaetes/taurinus/LM2/DSCN4667.JPG
DSCN4668.JPG,Alcelaphini raw,Alcelaphini raw/images/Extant/Alcelaphini/Connochaetes/taurinus/LM1/DSCN4668.JPG
DSCN4670.JPG,Alcelaphini raw,Alcelaphini raw/images/Extant/Alcelaphini/Connochaetes/taurinus/LM3/DSCN4670.JPG
DSCN4671.JPG,Alcelaphini raw,Alcelaphini raw/images/Extant/Alcelaphini/Connochaetes/taurinus/LM2/DSCN4671.JPG
DSCN4672.JPG,Alcelaphini raw,Alcelaphini raw/images/Extant/Alcelaphini/Connochaetes/taurinus/LM1/DSCN4672.JPG
DSCN4674.JPG,Alcelaphini raw,Alcelaphini raw/images/Extant/Alcelaphini/Connochaetes/taurinus/LM2/DSCN4674.JPG
DSCN4676.JPG,Alcelaphini raw,Alcelaphini raw/images/Extant/Alcelaphini/Connochaetes/taurinus/LM3/DSCN4676.JPG
DSCN4677.JPG,Alcelaphini raw,Alcelaphini raw/images/Extant/Alcelaphini/Connochaetes/taurinus/LM2/DSCN4677.JPG
DSCN4678.JPG,Alcelaphini raw,Alcelaphini raw/images/Extant/Alcelaphini/Connochaetes/taurinus/LM1/DSCN4678.JPG
DSCN4679.JPG,Alcelaphini raw,Alcelaphini raw/images/Extant/Alcelaphini/Connochaetes/taurinus/LM3/DSCN4679.JPG
DSCN4680.JPG,Alcelaphini raw,Alcelaphini raw/images/Extant/Alcelaphini/Connochaetes/taurinus/LM2/DSCN4680.JPG
DSCN4681.JPG,Alcelaphini raw,Alcelaphini raw/images/Extant/Alcelaphini/Connochaetes/taurinus/LM1/DSCN4681.JPG
DSCN4687.JPG,Alcelaphini raw,Alcelaphini raw/images/Extant/Alcelaphini/Connochaetes/taurinus/LM3/DSCN4687.JPG
DSCN4688.JPG,Alcelaphini raw,Alcelaphini raw/images/Extant/Alcelaphini/Connochaetes/taurinus/LM2/DSCN4688.JPG
DSCN4689.JPG,Alcelaphini raw,Alcelaphini raw/images/Extant/Alcelaphini/Connochaetes/taurinus/LM1/DSCN4689.JPG
DSCN4691.JPG,Alcelaphini raw,Alcelaphini raw/images/Extant/Alcelaphini/Connochaetes/gnou/UM3/DSCN4691.JPG
DSCN4692.JPG,Alcelaphini raw,Alcelaphini raw/images/Extant/Alcelaphini/Connochaetes/gnou/UM2/DSCN4692.JPG
DSCN4694.JPG,Alcelaphini raw,Alcelaphini raw/images/Extant/Alcelaphini/Connochaetes/gnou/UM1/DSCN4694.JPG
DSCN4696.JPG,Alcelaphini raw,Alcelaphini raw/images/Extant/Alcelaphini/Connochaetes/gnou/UM3/DSCN4696.JPG
DSCN4697.JPG,Alcelaphini raw,Alcelaphini raw/images/Extant/Alcelaphini/Connochaetes/gnou/UM2/DSCN4697.JPG
DSCN4698.JPG,Alcelaphini raw,Alcelaphini raw/images/Extant/Alcelaphini/Connochaetes/gnou/UM1/DSCN4698.JPG
DSCN4700.JPG,Alcelaphini raw,Alcelaphini raw/images/Extant/Alcelaphini/Connochaetes/gnou/UM3/DSCN4700.JPG
DSCN4701.JPG,Alcelaphini raw,Alcelaphini raw/images/Extant/Alcelaphini/Connochaetes/gnou/UM2/DSCN4701.JPG
DSCN4702.JPG,Alcelaphini raw,Alcelaphini raw/images/Extant/Alcelaphini/Connochaetes/gnou/UM1/DSCN4702.JPG
DSCN4704.JPG,Alcelaphini raw,Alcelaphini raw/images/Extant/Alcelaphini/Connochaetes/gnou/UM3/DSCN4704.JPG
DSCN4705.JPG,Alcelaphini raw,Alcelaphini raw/images/Extant/Alcelaphini/Connochaetes/gnou/UM2/DSCN4705.JPG
DSCN4706.JPG,Alcelaphini raw,Alcelaphini raw/images/Extant/Alcelaphini/Connochaetes/gnou/UM1/DSCN4706.JPG
DSCN4708.JPG,Alcelaphini raw,Alcelaphini raw/images/Extant/Alcelaphini/Connochaetes/gnou/UM3/DSCN4708.JPG
DSCN4709.JPG,Alcelaphini raw,Alcelaphini raw/images/Extant/Alcelaphini/Connochaetes/gnou/UM2/DSCN4709.JPG
DSCN4710.JPG,Alcelaphini raw,Alcelaphini raw/images/Extant/Alcelaphini/Connochaetes/gnou/UM1/DSCN4710.JPG
DSCN4712.JPG,Alcelaphini raw,Alcelaphini raw/images/Extant/Alcelaphini/Connochaetes/gnou/UM3/DSCN4712.JPG
DSCN4713.JPG,Alcelaphini raw,Alcelaphini raw/images/Extant/Alcelaphini/Connochaetes/gnou/UM2/DSCN4713.JPG
DSCN4714.JPG,Alcelaphini raw,Alcelaphini raw/images/Extant/Alcelaphini/Connochaetes/gnou/UM1/DSCN4714.JPG
DSCN4716.JPG,Alcelaphini raw,Alcelaphini raw/images/Extant/Alcelaphini/Connochaetes/gnou/LM3/DSCN4716.JPG
DSCN4717.JPG,Alcelaphini raw,Alcelaphini raw/images/Extant/Alcelaphini/Connochaetes/gnou/LM2/DSCN4717.JPG
DSCN4718.JPG,Alcelaphini raw,Alcelaphini raw/images/Extant/Alcelaphini/Connochaetes/gnou/LM1/DSCN4718.JPG
DSCN4720.JPG,Alcelaphini raw,Alcelaphini raw/images/Extant/Alcelaphini/Connochaetes/gnou/LM3/DSCN4720.JPG
DSCN4721.JPG,Alcelaphini raw,Alcelaphini raw/images/Extant/Alcelaphini/Connochaetes/gnou/LM2/DSCN4721.JPG
DSCN4722.JPG,Alcelaphini raw,Alcelaphini raw/images/Extant/Alcelaphini/Connochaetes/gnou/LM1/DSCN4722.JPG
DSCN4724.JPG,Alcelaphini raw,Alcelaphini raw/images/Extant/Alcelaphini/Connochaetes/gnou/LM3/DSCN4724.JPG
DSCN4725.JPG,Alcelaphini raw,Alcelaphini raw/images/Extant/Alcelaphini/Connochaetes/gnou/LM2/DSCN4725.JPG
DSCN4726.JPG,Alcelaphini raw,Alcelaphini raw/images/Extant/Alcelaphini/Connochaetes/gnou/LM1/DSCN4726.JPG
DSCN4728.JPG,Alcelaphini raw,Alcelaphini raw/images/Extant/Alcelaphini/Connochaetes/gnou/LM3/DSCN4728.JPG
DSCN4729.JPG,Alcelaphini raw,Alcelaphini raw/images/Extant/Alcelaphini/Connochaetes/gnou/LM2/DSCN4729.JPG
DSCN4730.JPG,Alcelaphini raw,Alcelaphini raw/images/Extant/Alcelaphini/Connochaetes/gnou/LM1/DSCN4730.JPG
DSCN4732.JPG,Alcelaphini raw,Alcelaphini raw/images/Extant/Alcelaphini/Connochaetes/gnou/LM3/DSCN4732.JPG
DSCN4733.JPG,Alcelaphini raw,Alcelaphini raw/images/Extant/Alcelaphini/Connochaetes/gnou/LM2/DSCN4733.JPG
DSCN4736.JPG,Alcelaphini raw,Alcelaphini raw/images/Extant/Alcelaphini/Connochaetes/gnou/LM3/DSCN4736.JPG
DSCN4737.JPG,Alcelaphini raw,Alcelaphini raw/images/Extant/Alcelaphini/Connochaetes/gnou/LM2/DSCN4737.JPG
DSCN4738.JPG,Alcelaphini raw,Alcelaphini raw/images/Extant/Alcelaphini/Connochaetes/gnou/LM1/DSCN4738.JPG
DSCN4741.JPG,Alcelaphini raw,Alcelaphini raw/images/Extant/Alcelaphini/Alcelaphus/buselaphus/UM3/DSCN4741.JPG
DSCN4742.JPG,Alcelaphini raw,Alcelaphini raw/images/Extant/Alcelaphini/Alcelaphus/buselaphus/UM2/DSCN4742.JPG
DSCN4743.JPG,Alcelaphini raw,Alcelaphini raw/images/Extant/Alcelaphini/Alcelaphus/buselaphus/UM1/DSCN4743.JPG
DSCN4745.JPG,Alcelaphini raw,Alcelaphini raw/images/Extant/Alcelaphini/Alcelaphus/buselaphus/UM3/DSCN4745.JPG
DSCN4746.JPG,Alcelaphini raw,Alcelaphini raw/images/Extant/Alcelaphini/Alcelaphus/buselaphus/UM2/DSCN4746.JPG
DSCN4747.JPG,Alcelaphini raw,Alcelaphini raw/images/Extant/Alcelaphini/Alcelaphus/buselaphus/UM1/DSCN4747.JPG
DSCN4749.JPG,Alcelaphini raw,Alcelaphini raw/images/Extant/Alcelaphini/Alcelaphus/buselaphus/UM3/DSCN4749.JPG
DSCN4750.JPG,Alcelaphini raw,Alcelaphini raw/images/Extant/Alcelaphini/Alcelaphus/buselaphus/UM2/DSCN4750.JPG
DSCN4752.JPG,Alcelaphini raw,Alcelaphini raw/images/Extant/Alcelaphini/Alcelaphus/buselaphus/UM1/DSCN4752.JPG
DSCN4753.JPG,Alcelaphini raw,Alcelaphini raw/images/Extant/Alcelaphini/Alcelaphus/buselaphus/UM3/DSCN4753.JPG
DSCN4754.JPG,Alcelaphini raw,Alcelaphini raw/images/Extant/Alcelaphini/Alcelaphus/buselaphus/UM2/DSCN4754.JPG
DSCN4755.JPG,Alcelaphini raw,Alcelaphini raw/images/Extant/Alcelaphini/Alcelaphus/buselaphus/UM1/DSCN4755.JPG
DSCN4757.JPG,Alcelaphini raw,Alcelaphini raw/images/Extant/Alcelaphini/Alcelaphus/buselaphus/UM3/DSCN4757.JPG
DSCN4758.JPG,Alcelaphini raw,Alcelaphini raw/images/Extant/Alcelaphini/Alcelaphus/buselaphus/UM2/DSCN4758.JPG
DSCN4759.JPG,Alcelaphini raw,Alcelaphini raw/images/Extant/Alcelaphini/Alcelaphus/buselaphus/UM1/DSCN4759.JPG
DSCN4761.JPG,Alcelaphini raw,Alcelaphini raw/images/Extant/Alcelaphini/Alcelaphus/buselaphus/UM3/DSCN4761.JPG
DSCN4762.JPG,Alcelaphini raw,Alcelaphini raw/images/Extant/Alcelaphini/Alcelaphus/buselaphus/UM2/DSCN4762.JPG
DSCN4763.JPG,Alcelaphini raw,Alcelaphini raw/images/Extant/Alcelaphini/Alcelaphus/buselaphus/UM1/DSCN4763.JPG
DSCN4765.JPG,Alcelaphini raw,Alcelaphini raw/images/Extant/Alcelaphini/Alcelaphus/buselaphus/UM3/DSCN4765.JPG
DSCN4766.JPG,Alcelaphini raw,Alcelaphini raw/images/Extant/Alcelaphini/Alcelaphus/buselaphus/UM2/DSCN4766.JPG
DSCN4767.JPG,Alcelaphini raw,Alcelaphini raw/images/Extant/Alcelaphini/Alcelaphus/buselaphus/UM1/DSCN4767.JPG
DSCN4769.JPG,Alcelaphini raw,Alcelaphini raw/images/Extant/Alcelaphini/Alcelaphus/buselaphus/UM3/DSCN4769.JPG
DSCN4770.JPG,Alcelaphini raw,Alcelaphini raw/images/Extant/Alcelaphini/Alcelaphus/buselaphus/UM2/DSCN4770.JPG
DSCN4771.JPG,Alcelaphini raw,Alcelaphini raw/images/Extant/Alcelaphini/Alcelaphus/buselaphus/UM1/DSCN4771.JPG
DSCN4774.JPG,Alcelaphini raw,Alcelaphini raw/images/Extant/Alcelaphini/Alcelaphus/buselaphus/UM3/DSCN4774.JPG
DSCN4775.JPG,Alcelaphini raw,Alcelaphini raw/images/Extant/Alcelaphini/Alcelaphus/buselaphus/UM2/DSCN4775.JPG
DSCN4776.JPG,Alcelaphini raw,Alcelaphini raw/images/Extant/Alcelaphini/Alcelaphus/buselaphus/UM1/DSCN4776.JPG
DSCN4778.JPG,Alcelaphini raw,Alcelaphini raw/images/Extant/Alcelaphini/Alcelaphus/buselaphus/UM3/DSCN4778.JPG
DSCN4779.JPG,Alcelaphini raw,Alcelaphini raw/images/Extant/Alcelaphini/Alcelaphus/buselaphus/UM2/DSCN4779.JPG
DSCN4780.JPG,Alcelaphini raw,Alcelaphini raw/images/Extant/Alcelaphini/Alcelaphus/buselaphus/UM1/DSCN4780.JPG
DSCN4782.JPG,Alcelaphini raw,Alcelaphini raw/images/Extant/Alcelaphini/Alcelaphus/buselaphus/UM3/DSCN4782.JPG
DSCN4783.JPG,Alcelaphini raw,Alcelaphini raw/images/Extant/Alcelaphini/Alcelaphus/buselaphus/UM2/DSCN4783.JPG
DSCN4784.JPG,Alcelaphini raw,Alcelaphini raw/images/Extant/Alcelaphini/Alcelaphus/buselaphus/UM1/DSCN4784.JPG
DSCN4788.JPG,Alcelaphini raw,Alcelaphini raw/images/Extant/Alcelaphini/Alcelaphus/buselaphus/UM1/DSCN4788.JPG
DSCN4792.JPG,Alcelaphini raw,Alcelaphini raw/images/Extant/Alcelaphini/Alcelaphus/buselaphus/UM1/DSCN4792.JPG
DSCN4794.JPG,Alcelaphini raw,Alcelaphini raw/images/Extant/Alcelaphini/Alcelaphus/buselaphus/LM3/DSCN4794.JPG
DSCN4795.JPG,Alcelaphini raw,Alcelaphini raw/images/Extant/Alcelaphini/Alcelaphus/buselaphus/LM2/DSCN4795.JPG
DSCN4796.JPG,Alcelaphini raw,Alcelaphini raw/images/Extant/Alcelaphini/Alcelaphus/buselaphus/LM1/DSCN4796.JPG
DSCN4798.JPG,Alcelaphini raw,Alcelaphini raw/images/Extant/Alcelaphini/Alcelaphus/buselaphus/LM3/DSCN4798.JPG
DSCN4799.JPG,Alcelaphini raw,Alcelaphini raw/images/Extant/Alcelaphini/Alcelaphus/buselaphus/LM2/DSCN4799.JPG
DSCN4800.JPG,Alcelaphini raw,Alcelaphini raw/images/Extant/Alcelaphini/Alcelaphus/buselaphus/LM1/DSCN4800.JPG
DSCN4802.JPG,Alcelaphini raw,Alcelaphini raw/images/Extant/Alcelaphini/Alcelaphus/buselaphus/LM3/DSCN4802.JPG
DSCN4803.JPG,Alcelaphini raw,Alcelaphini raw/images/Extant/Alcelaphini/Alcelaphus/buselaphus/LM2/DSCN4803.JPG
DSCN4805.JPG,Alcelaphini raw,Alcelaphini raw/images/Extant/Alcelaphini/Alcelaphus/buselaphus/LM1/DSCN4805.JPG
DSCN4806.JPG,Alcelaphini raw,Alcelaphini raw/images/Extant/Alcelaphini/Alcelaphus/buselaphus/LM3/DSCN4806.JPG
DSCN4807.JPG,Alcelaphini raw,Alcelaphini raw/images/Extant/Alcelaphini/Alcelaphus/buselaphus/LM2/DSCN4807.JPG
DSCN4808.JPG,Alcelaphini raw,Alcelaphini raw/images/Extant/Alcelaphini/Alcelaphus/buselaphus/LM1/DSCN4808.JPG
DSCN4810.JPG,Alcelaphini raw,Alcelaphini raw/images/Extant/Alcelaphini/Alcelaphus/buselaphus/LM3/DSCN4810.JPG
DSCN4811.JPG,Alcelaphini raw,Alcelaphini raw/images/Extant/Alcelaphini/Alcelaphus/buselaphus/LM2/DSCN4811.JPG
DSCN4813.JPG,Alcelaphini raw,Alcelaphini raw/images/Extant/Alcelaphini/Alcelaphus/buselaphus/LM1/DSCN4813.JPG
DSCN4815.JPG,Alcelaphini raw,Alcelaphini raw/images/Extant/Alcelaphini/Alcelaphus/buselaphus/LM3/DSCN4815.JPG
DSCN4816.JPG,Alcelaphini raw,Alcelaphini raw/images/Extant/Alcelaphini/Alcelaphus/buselaphus/LM2/DSCN4816.JPG
DSCN4817.JPG,Alcelaphini raw,Alcelaphini raw/images/Extant/Alcelaphini/Alcelaphus/buselaphus/LM1/DSCN4817.JPG
DSCN4819.JPG,Alcelaphini raw,Alcelaphini raw/images/Extant/Alcelaphini/Alcelaphus/buselaphus/LM3/DSCN4819.JPG
DSCN4820.JPG,Alcelaphini raw,Alcelaphini raw/images/Extant/Alcelaphini/Alcelaphus/buselaphus/LM2/DSCN4820.JPG
DSCN4821.JPG,Alcelaphini raw,Alcelaphini raw/images/Extant/Alcelaphini/Alcelaphus/buselaphus/LM1/DSCN4821.JPG
DSCN4823.JPG,Alcelaphini raw,Alcelaphini raw/images/Extant/Alcelaphini/Alcelaphus/buselaphus/LM3/DSCN4823.JPG
DSCN4824.JPG,Alcelaphini raw,Alcelaphini raw/images/Extant/Alcelaphini/Alcelaphus/buselaphus/LM2/DSCN4824.JPG
DSCN4825.JPG,Alcelaphini raw,Alcelaphini raw/images/Extant/Alcelaphini/Alcelaphus/buselaphus/LM1/DSCN4825.JPG
DSCN4827.JPG,Alcelaphini raw,Alcelaphini raw/images/Extant/Alcelaphini/Alcelaphus/buselaphus/LM3/DSCN4827.JPG
DSCN4828.JPG,Alcelaphini raw,Alcelaphini raw/images/Extant/Alcelaphini/Alcelaphus/buselaphus/LM2/DSCN4828.JPG
DSCN4829.JPG,Alcelaphini raw,Alcelaphini raw/images/Extant/Alcelaphini/Alcelaphus/buselaphus/LM1/DSCN4829.JPG
DSCN4831.JPG,Alcelaphini raw,Alcelaphini raw/images/Extant/Alcelaphini/Alcelaphus/buselaphus/LM3/DSCN4831.JPG
DSCN4832.JPG,Alcelaphini raw,Alcelaphini raw/images/Extant/Alcelaphini/Alcelaphus/buselaphus/LM2/DSCN4832.JPG
DSCN4833.JPG,Alcelaphini raw,Alcelaphini raw/images/Extant/Alcelaphini/Alcelaphus/buselaphus/LM1/DSCN4833.JPG
DSCN4835.JPG,Alcelaphini raw,Alcelaphini raw/images/Extant/Alcelaphini/Alcelaphus/buselaphus/LM3/DSCN4835.JPG
DSCN4836.JPG,Alcelaphini raw,Alcelaphini raw/images/Extant/Alcelaphini/Alcelaphus/buselaphus/LM2/DSCN4836.JPG
DSCN4837.JPG,Alcelaphini raw,Alcelaphini raw/images/Extant/Alcelaphini/Alcelaphus/buselaphus/LM1/DSCN4837.JPG
DSCN4840.JPG,Alcelaphini raw,Alcelaphini raw/images/Extant/Alcelaphini/Alcelaphus/buselaphus/LM3/DSCN4840.JPG
DSCN4841.JPG,Alcelaphini raw,Alcelaphini raw/images/Extant/Alcelaphini/Alcelaphus/buselaphus/LM2/DSCN4841.JPG
DSCN4842.JPG,Alcelaphini raw,Alcelaphini raw/images/Extant/Alcelaphini/Alcelaphus/buselaphus/LM1/DSCN4842.JPG
DSCN4844.JPG,Alcelaphini raw,Alcelaphini raw/images/Extant/Alcelaphini/Alcelaphus/buselaphus/LM3/DSCN4844.JPG
DSCN4845.JPG,Alcelaphini raw,Alcelaphini raw/images/Extant/Alcelaphini/Alcelaphus/buselaphus/LM2/DSCN4845.JPG
DSCN4846.JPG,Alcelaphini raw,Alcelaphini raw/images/Extant/Alcelaphini/Alcelaphus/buselaphus/LM1/DSCN4846.JPG
DSCN4849.JPG,Alcelaphini raw,Alcelaphini raw/images/Extant/Alcelaphini/Alcelaphus/buselaphus/LM3/DSCN4849.JPG
DSCN4850.JPG,Alcelaphini raw,Alcelaphini raw/images/Extant/Alcelaphini/Alcelaphus/buselaphus/LM2/DSCN4850.JPG
DSCN4851.JPG,Alcelaphini raw,Alcelaphini raw/images/Extant/Alcelaphini/Alcelaphus/buselaphus/LM1/DSCN4851.JPG
DSCN4853.JPG,Tragelaphini raw,Tragelaphini raw/images/Extant/Tragelaphini/Taurotragus/oryx/UM3/DSCN4853.JPG
DSCN4854.JPG,Tragelaphini raw,Tragelaphini raw/images/Extant/Tragelaphini/Taurotragus/oryx/UM2/DSCN4854.JPG
DSCN4855.JPG,Tragelaphini raw,Tragelaphini raw/images/Extant/Tragelaphini/Taurotragus/oryx/UM1/DSCN4855.JPG
DSCN4857.JPG,Tragelaphini raw,Tragelaphini raw/images/Extant/Tragelaphini/Taurotragus/oryx/UM3/DSCN4857.JPG
DSCN4858.JPG,Tragelaphini raw,Tragelaphini raw/images/Extant/Tragelaphini/Taurotragus/oryx/UM2/DSCN4858.JPG
DSCN4859.JPG,Tragelaphini raw,Tragelaphini raw/images/Extant/Tragelaphini/Taurotragus/oryx/UM1/DSCN4859.JPG
DSCN4861.JPG,Tragelaphini raw,Tragelaphini raw/images/Extant/Tragelaphini/Taurotragus/oryx/UM3/DSCN4861.JPG
DSCN4862.JPG,Tragelaphini raw,Tragelaphini raw/images/Extant/Tragelaphini/Taurotragus/oryx/UM2/DSCN4862.JPG
DSCN4863.JPG,Tragelaphini raw,Tragelaphini raw/images/Extant/Tragelaphini/Taurotragus/oryx/UM1/DSCN4863.JPG
DSCN4865.JPG,Tragelaphini raw,Tragelaphini raw/images/Extant/Tragelaphini/Taurotragus/oryx/UM3/DSCN4865.JPG
DSCN4866.JPG,Tragelaphini raw,Tragelaphini raw/images/Extant/Tragelaphini/Taurotragus/oryx/UM2/DSCN4866.JPG
DSCN4867.JPG,Tragelaphini raw,Tragelaphini raw/images/Extant/Tragelaphini/Taurotragus/oryx/UM1/DSCN4867.JPG
DSCN4869.JPG,Tragelaphini raw,Tragelaphini raw/images/Extant/Tragelaphini/Taurotragus/oryx/UM3/DSCN4869.JPG
DSCN4870.JPG,Tragelaphini raw,Tragelaphini raw/images/Extant/Tragelaphini/Taurotragus/oryx/UM2/DSCN4870.JPG
DSCN4871.JPG,Tragelaphini raw,Tragelaphini raw/images/Extant/Tragelaphini/Taurotragus/oryx/UM1/DSCN4871.JPG
DSCN4873.JPG,Tragelaphini raw,Tragelaphini raw/images/Extant/Tragelaphini/Taurotragus/oryx/UM2/DSCN4873.JPG
DSCN4874.JPG,Tragelaphini raw,Tragelaphini raw/images/Extant/Tragelaphini/Taurotragus/oryx/UM1/DSCN4874.JPG
DSCN4876.JPG,Tragelaphini raw,Tragelaphini raw/images/Extant/Tragelaphini/Taurotragus/oryx/UM3/DSCN4876.JPG
DSCN4877.JPG,Tragelaphini raw,Tragelaphini raw/images/Extant/Tragelaphini/Taurotragus/oryx/UM2/DSCN4877.JPG
DSCN4878.JPG,Tragelaphini raw,Tragelaphini raw/images/Extant/Tragelaphini/Taurotragus/oryx/UM1/DSCN4878.JPG
DSCN4880.JPG,Tragelaphini raw,Tragelaphini raw/images/Extant/Tragelaphini/Taurotragus/oryx/UM3/DSCN4880.JPG
DSCN4881.JPG,Tragelaphini raw,Tragelaphini raw/images/Extant/Tragelaphini/Taurotragus/oryx/UM2/DSCN4881.JPG
DSCN4882.JPG,Tragelaphini raw,Tragelaphini raw/images/Extant/Tragelaphini/Taurotragus/oryx/UM1/DSCN4882.JPG
DSCN4884.JPG,Tragelaphini raw,Tragelaphini raw/images/Extant/Tragelaphini/Taurotragus/oryx/UM3/DSCN4884.JPG
DSCN4885.JPG,Tragelaphini raw,Tragelaphini raw/images/Extant/Tragelaphini/Taurotragus/oryx/UM2/DSCN4885.JPG
DSCN4886.JPG,Tragelaphini raw,Tragelaphini raw/images/Extant/Tragelaphini/Taurotragus/oryx/UM1/DSCN4886.JPG
DSCN4887.JPG,Tragelaphini raw,Tragelaphini raw/images/Extant/Tragelaphini/Taurotragus/oryx/UM3/DSCN4887.JPG
DSCN4888.JPG,Tragelaphini raw,Tragelaphini raw/images/Extant/Tragelaphini/Taurotragus/oryx/UM2/DSCN4888.JPG
DSCN4889.JPG,Tragelaphini raw,Tragelaphini raw/images/Extant/Tragelaphini/Taurotragus/oryx/UM1/DSCN4889.JPG
DSCN4891.JPG,Tragelaphini raw,Tragelaphini raw/images/Extant/Tragelaphini/Taurotragus/oryx/UM3/DSCN4891.JPG
DSCN4892.JPG,Tragelaphini raw,Tragelaphini raw/images/Extant/Tragelaphini/Taurotragus/oryx/UM2/DSCN4892.JPG
DSCN4893.JPG,Tragelaphini raw,Tragelaphini raw/images/Extant/Tragelaphini/Taurotragus/oryx/UM1/DSCN4893.JPG
DSCN4895.JPG,Tragelaphini raw,Tragelaphini raw/images/Extant/Tragelaphini/Taurotragus/oryx/UM3/DSCN4895.JPG
DSCN4896.JPG,Tragelaphini raw,Tragelaphini raw/images/Extant/Tragelaphini/Taurotragus/oryx/UM2/DSCN4896.JPG
DSCN4897.JPG,Tragelaphini raw,Tragelaphini raw/images/Extant/Tragelaphini/Taurotragus/oryx/UM1/DSCN4897.JPG
DSCN4899.JPG,Tragelaphini raw,Tragelaphini raw/images/Extant/Tragelaphini/Taurotragus/oryx/LM3/DSCN4899.JPG
DSCN4900.JPG,Tragelaphini raw,Tragelaphini raw/images/Extant/Tragelaphini/Taurotragus/oryx/LM2/DSCN4900.JPG
DSCN4901.JPG,Tragelaphini raw,Tragelaphini raw/images/Extant/Tragelaphini/Taurotragus/oryx/LM1/DSCN4901.JPG
DSCN4903.JPG,Tragelaphini raw,Tragelaphini raw/images/Extant/Tragelaphini/Taurotragus/oryx/LM3/DSCN4903.JPG
DSCN4904.JPG,Tragelaphini raw,Tragelaphini raw/images/Extant/Tragelaphini/Taurotragus/oryx/LM2/DSCN4904.JPG
DSCN4905.JPG,Tragelaphini raw,Tragelaphini raw/images/Extant/Tragelaphini/Taurotragus/oryx/LM1/DSCN4905.JPG
DSCN4907.JPG,Tragelaphini raw,Tragelaphini raw/images/Extant/Tragelaphini/Taurotragus/oryx/LM3/DSCN4907.JPG
DSCN4909.JPG,Tragelaphini raw,Tragelaphini raw/images/Extant/Tragelaphini/Taurotragus/oryx/LM2/DSCN4909.JPG
DSCN4911.JPG,Tragelaphini raw,Tragelaphini raw/images/Extant/Tragelaphini/Taurotragus/oryx/LM1/DSCN4911.JPG
DSCN4913.JPG,Tragelaphini raw,Tragelaphini raw/images/Extant/Tragelaphini/Taurotragus/oryx/LM3/DSCN4913.JPG
DSCN4914.JPG,Tragelaphini raw,Tragelaphini raw/images/Extant/Tragelaphini/Taurotragus/oryx/LM2/DSCN4914.JPG
DSCN4915.JPG,Tragelaphini raw,Tragelaphini raw/images/Extant/Tragelaphini/Taurotragus/oryx/LM1/DSCN4915.JPG
DSCN4917.JPG,Tragelaphini raw,Tragelaphini raw/images/Extant/Tragelaphini/Taurotragus/oryx/LM3/DSCN4917.JPG
DSCN4918.JPG,Tragelaphini raw,Tragelaphini raw/images/Extant/Tragelaphini/Taurotragus/oryx/LM2/DSCN4918.JPG
DSCN4919.JPG,Tragelaphini raw,Tragelaphini raw/images/Extant/Tragelaphini/Taurotragus/oryx/LM1/DSCN4919.JPG
DSCN4921.JPG,Tragelaphini raw,Tragelaphini raw/images/Extant/Tragelaphini/Tragelaphus/scriptus/UM3/DSCN4921.JPG
DSCN4922.JPG,Tragelaphini raw,Tragelaphini raw/images/Extant/Tragelaphini/Tragelaphus/scriptus/UM2/DSCN4922.JPG
DSCN4923.JPG,Tragelaphini raw,Tragelaphini raw/images/Extant/Tragelaphini/Tragelaphus/scriptus/UM1/DSCN4923.JPG
DSCN4925.JPG,Tragelaphini raw,Tragelaphini raw/images/Extant/Tragelaphini/Tragelaphus/scriptus/UM3/DSCN4925.JPG
DSCN4926.JPG,Tragelaphini raw,Tragelaphini raw/images/Extant/Tragelaphini/Tragelaphus/scriptus/UM2/DSCN4926.JPG
DSCN4927.JPG,Tragelaphini raw,Tragelaphini raw/images/Extant/Tragelaphini/Tragelaphus/scriptus/UM1/DSCN4927.JPG
DSCN4929.JPG,Tragelaphini raw,Tragelaphini raw/images/Extant/Tragelaphini/Tragelaphus/scriptus/UM3/DSCN4929.JPG
DSCN4930.JPG,Tragelaphini raw,Tragelaphini raw/images/Extant/Tragelaphini/Tragelaphus/scriptus/UM2/DSCN4930.JPG
DSCN4931.JPG,Tragelaphini raw,Tragelaphini raw/images/Extant/Tragelaphini/Tragelaphus/scriptus/UM1/DSCN4931.JPG
DSCN4933.JPG,Tragelaphini raw,Tragelaphini raw/images/Extant/Tragelaphini/Tragelaphus/scriptus/UM3/DSCN4933.JPG
DSCN4934.JPG,Tragelaphini raw,Tragelaphini raw/images/Extant/Tragelaphini/Tragelaphus/scriptus/UM2/DSCN4934.JPG
DSCN4935.JPG,Tragelaphini raw,Tragelaphini raw/images/Extant/Tragelaphini/Tragelaphus/scriptus/UM1/DSCN4935.JPG
DSCN4937.JPG,Tragelaphini raw,Tragelaphini raw/images/Extant/Tragelaphini/Tragelaphus/scriptus/UM3/DSCN4937.JPG
DSCN4938.JPG,Tragelaphini raw,Tragelaphini raw/images/Extant/Tragelaphini/Tragelaphus/scriptus/UM2/DSCN4938.JPG
DSCN4939.JPG,Tragelaphini raw,Tragelaphini raw/images/Extant/Tragelaphini/Tragelaphus/scriptus/UM1/DSCN4939.JPG
DSCN4941.JPG,Tragelaphini raw,Tragelaphini raw/images/Extant/Tragelaphini/Tragelaphus/scriptus/UM3/DSCN4941.JPG
DSCN4942.JPG,Tragelaphini raw,Tragelaphini raw/images/Extant/Tragelaphini/Tragelaphus/scriptus/UM2/DSCN4942.JPG
DSCN4943.JPG,Tragelaphini raw,Tragelaphini raw/images/Extant/Tragelaphini/Tragelaphus/scriptus/UM1/DSCN4943.JPG
DSCN4945.JPG,Tragelaphini raw,Tragelaphini raw/images/Extant/Tragelaphini/Tragelaphus/scriptus/UM3/DSCN4945.JPG
DSCN4946.JPG,Tragelaphini raw,Tragelaphini raw/images/Extant/Tragelaphini/Tragelaphus/scriptus/UM2/DSCN4946.JPG
DSCN4947.JPG,Tragelaphini raw,Tragelaphini raw/images/Extant/Tragelaphini/Tragelaphus/scriptus/UM1/DSCN4947.JPG
DSCN4949.JPG,Tragelaphini raw,Tragelaphini raw/images/Extant/Tragelaphini/Tragelaphus/scriptus/UM3/DSCN4949.JPG
DSCN4950.JPG,Tragelaphini raw,Tragelaphini raw/images/Extant/Tragelaphini/Tragelaphus/scriptus/UM2/DSCN4950.JPG
DSCN4951.JPG,Tragelaphini raw,Tragelaphini raw/images/Extant/Tragelaphini/Tragelaphus/scriptus/UM1/DSCN4951.JPG
DSCN4953.JPG,Tragelaphini raw,Tragelaphini raw/images/Extant/Tragelaphini/Tragelaphus/scriptus/UM3/DSCN4953.JPG
DSCN4954.JPG,Tragelaphini raw,Tragelaphini raw/images/Extant/Tragelaphini/Tragelaphus/scriptus/UM2/DSCN4954.JPG
DSCN4955.JPG,Tragelaphini raw,Tragelaphini raw/images/Extant/Tragelaphini/Tragelaphus/scriptus/UM1/DSCN4955.JPG
DSCN4957.JPG,Tragelaphini raw,Tragelaphini raw/images/Extant/Tragelaphini/Tragelaphus/scriptus/UM3/DSCN4957.JPG
DSCN4958.JPG,Tragelaphini raw,Tragelaphini raw/images/Extant/Tragelaphini/Tragelaphus/scriptus/UM2/DSCN4958.JPG
DSCN4959.JPG,Tragelaphini raw,Tragelaphini raw/images/Extant/Tragelaphini/Tragelaphus/scriptus/UM1/DSCN4959.JPG
DSCN4961.JPG,Tragelaphini raw,Tragelaphini raw/images/Extant/Tragelaphini/Tragelaphus/scriptus/UM3/DSCN4961.JPG
DSCN4962.JPG,Tragelaphini raw,Tragelaphini raw/images/Extant/Tragelaphini/Tragelaphus/scriptus/UM2/DSCN4962.JPG
DSCN4963.JPG,Tragelaphini raw,Tragelaphini raw/images/Extant/Tragelaphini/Tragelaphus/scriptus/UM1/DSCN4963.JPG
DSCN4965.JPG,Tragelaphini raw,Tragelaphini raw/images/Extant/Tragelaphini/Tragelaphus/scriptus/UM3/DSCN4965.JPG
DSCN4966.JPG,Tragelaphini raw,Tragelaphini raw/images/Extant/Tragelaphini/Tragelaphus/scriptus/UM2/DSCN4966.JPG
DSCN4967.JPG,Tragelaphini raw,Tragelaphini raw/images/Extant/Tragelaphini/Tragelaphus/scriptus/UM1/DSCN4967.JPG
DSCN4969.JPG,Tragelaphini raw,Tragelaphini raw/images/Extant/Tragelaphini/Tragelaphus/scriptus/UM3/DSCN4969.JPG
DSCN4970.JPG,Tragelaphini raw,Tragelaphini raw/images/Extant/Tragelaphini/Tragelaphus/scriptus/UM2/DSCN4970.JPG
DSCN4971.JPG,Tragelaphini raw,Tragelaphini raw/images/Extant/Tragelaphini/Tragelaphus/scriptus/UM1/DSCN4971.JPG
DSCN4973.JPG,Tragelaphini raw,Tragelaphini raw/images/Extant/Tragelaphini/Tragelaphus/scriptus/UM3/DSCN4973.JPG
DSCN4974.JPG,Tragelaphini raw,Tragelaphini raw/images/Extant/Tragelaphini/Tragelaphus/scriptus/UM2/DSCN4974.JPG
DSCN4975.JPG,Tragelaphini raw,Tragelaphini raw/images/Extant/Tragelaphini/Tragelaphus/scriptus/UM1/DSCN4975.JPG
DSCN4978.JPG,Tragelaphini raw,Tragelaphini raw/images/Extant/Tragelaphini/Tragelaphus/scriptus/UM3/DSCN4978.JPG
DSCN4979.JPG,Tragelaphini raw,Tragelaphini raw/images/Extant/Tragelaphini/Tragelaphus/scriptus/UM2/DSCN4979.JPG
DSCN4980.JPG,Tragelaphini raw,Tragelaphini raw/images/Extant/Tragelaphini/Tragelaphus/scriptus/UM1/DSCN4980.JPG
DSCN4982.JPG,Tragelaphini raw,Tragelaphini raw/images/Extant/Tragelaphini/Tragelaphus/scriptus/UM3/DSCN4982.JPG
DSCN4983.JPG,Tragelaphini raw,Tragelaphini raw/images/Extant/Tragelaphini/Tragelaphus/scriptus/UM2/DSCN4983.JPG
DSCN4984.JPG,Tragelaphini raw,Tragelaphini raw/images/Extant/Tragelaphini/Tragelaphus/scriptus/UM1/DSCN4984.JPG
DSCN4986.JPG,Tragelaphini raw,Tragelaphini raw/images/Extant/Tragelaphini/Tragelaphus/scriptus/UM3/DSCN4986.JPG
DSCN4987.JPG,Tragelaphini raw,Tragelaphini raw/images/Extant/Tragelaphini/Tragelaphus/scriptus/UM2/DSCN4987.JPG
DSCN4988.JPG,Tragelaphini raw,Tragelaphini raw/images/Extant/Tragelaphini/Tragelaphus/scriptus/UM1/DSCN4988.JPG
DSCN4990.JPG,Tragelaphini raw,Tragelaphini raw/images/Extant/Tragelaphini/Tragelaphus/scriptus/UM3/DSCN4990.JPG
DSCN4991.JPG,Tragelaphini raw,Tragelaphini raw/images/Extant/Tragelaphini/Tragelaphus/scriptus/UM2/DSCN4991.JPG
DSCN4992.JPG,Tragelaphini raw,Tragelaphini raw/images/Extant/Tragelaphini/Tragelaphus/scriptus/UM1/DSCN4992.JPG
DSCN4994.JPG,Tragelaphini raw,Tragelaphini raw/images/Extant/Tragelaphini/Tragelaphus/scriptus/UM3/DSCN4994.JPG
DSCN4995.JPG,Tragelaphini raw,Tragelaphini raw/images/Extant/Tragelaphini/Tragelaphus/scriptus/UM2/DSCN4995.JPG
DSCN4996.JPG,Tragelaphini raw,Tragelaphini raw/images/Extant/Tragelaphini/Tragelaphus/scriptus/UM1/DSCN4996.JPG
DSCN4998.JPG,Tragelaphini raw,Tragelaphini raw/images/Extant/Tragelaphini/Tragelaphus/scriptus/UM3/DSCN4998.JPG
DSCN4999.JPG,Tragelaphini raw,Tragelaphini raw/images/Extant/Tragelaphini/Tragelaphus/scriptus/UM2/DSCN4999.JPG
DSCN5000.JPG,Tragelaphini raw,Tragelaphini raw/images/Extant/Tragelaphini/Tragelaphus/scriptus/UM1/DSCN5000.JPG
DSCN5002.JPG,Tragelaphini raw,Tragelaphini raw/images/Extant/Tragelaphini/Tragelaphus/scriptus/UM3/DSCN5002.JPG
DSCN5003.JPG,Tragelaphini raw,Tragelaphini raw/images/Extant/Tragelaphini/Tragelaphus/scriptus/UM2/DSCN5003.JPG
DSCN5004.JPG,Tragelaphini raw,Tragelaphini raw/images/Extant/Tragelaphini/Tragelaphus/scriptus/UM1/DSCN5004.JPG
DSCN5006.JPG,Tragelaphini raw,Tragelaphini raw/images/Extant/Tragelaphini/Tragelaphus/scriptus/UM3/DSCN5006.JPG
DSCN5007.JPG,Tragelaphini raw,Tragelaphini raw/images/Extant/Tragelaphini/Tragelaphus/scriptus/UM2/DSCN5007.JPG
DSCN5008.JPG,Tragelaphini raw,Tragelaphini raw/images/Extant/Tragelaphini/Tragelaphus/scriptus/UM1/DSCN5008.JPG
DSCN5010.JPG,Tragelaphini raw,Tragelaphini raw/images/Extant/Tragelaphini/Tragelaphus/scriptus/UM3/DSCN5010.JPG
DSCN5011.JPG,Tragelaphini raw,Tragelaphini raw/images/Extant/Tragelaphini/Tragelaphus/scriptus/UM2/DSCN5011.JPG
DSCN5012.JPG,Tragelaphini raw,Tragelaphini raw/images/Extant/Tragelaphini/Tragelaphus/scriptus/UM1/DSCN5012.JPG
DSCN5014.JPG,Tragelaphini raw,Tragelaphini raw/images/Extant/Tragelaphini/Tragelaphus/scriptus/UM3/DSCN5014.JPG
DSCN5015.JPG,Tragelaphini raw,Tragelaphini raw/images/Extant/Tragelaphini/Tragelaphus/scriptus/UM2/DSCN5015.JPG
DSCN5016.JPG,Tragelaphini raw,Tragelaphini raw/images/Extant/Tragelaphini/Tragelaphus/scriptus/UM1/DSCN5016.JPG
DSCN5022.JPG,Tragelaphini raw,Tragelaphini raw/images/Extant/Tragelaphini/Tragelaphus/scriptus/UM3/DSCN5022.JPG
DSCN5023.JPG,Tragelaphini raw,Tragelaphini raw/images/Extant/Tragelaphini/Tragelaphus/scriptus/UM2/DSCN5023.JPG
DSCN5024.JPG,Tragelaphini raw,Tragelaphini raw/images/Extant/Tragelaphini/Tragelaphus/scriptus/UM1/DSCN5024.JPG
DSCN5025.JPG,Tragelaphini raw,Tragelaphini raw/images/Extant/Tragelaphini/Tragelaphus/scriptus/UM3/DSCN5025.JPG
DSCN5026.JPG,Tragelaphini raw,Tragelaphini raw/images/Extant/Tragelaphini/Tragelaphus/scriptus/UM2/DSCN5026.JPG
DSCN5027.JPG,Tragelaphini raw,Tragelaphini raw/images/Extant/Tragelaphini/Tragelaphus/scriptus/UM1/DSCN5027.JPG
DSCN5029.JPG,Tragelaphini raw,Tragelaphini raw/images/Extant/Tragelaphini/Tragelaphus/scriptus/UM3/DSCN5029.JPG
DSCN5030.JPG,Tragelaphini raw,Tragelaphini raw/images/Extant/Tragelaphini/Tragelaphus/scriptus/UM2/DSCN5030.JPG
DSCN5031.JPG,Tragelaphini raw,Tragelaphini raw/images/Extant/Tragelaphini/Tragelaphus/scriptus/UM1/DSCN5031.JPG
DSCN5033.JPG,Tragelaphini raw,Tragelaphini raw/images/Extant/Tragelaphini/Tragelaphus/scriptus/UM3/DSCN5033.JPG
DSCN5034.JPG,Tragelaphini raw,Tragelaphini raw/images/Extant/Tragelaphini/Tragelaphus/scriptus/UM2/DSCN5034.JPG
DSCN5035.JPG,Tragelaphini raw,Tragelaphini raw/images/Extant/Tragelaphini/Tragelaphus/scriptus/UM1/DSCN5035.JPG
DSCN5040.JPG,Tragelaphini raw,Tragelaphini raw/images/Extant/Tragelaphini/Tragelaphus/scriptus/UM2/DSCN5040.JPG
DSCN5041.JPG,Tragelaphini raw,Tragelaphini raw/images/Extant/Tragelaphini/Tragelaphus/scriptus/UM1/DSCN5041.JPG
DSCN5043.JPG,Tragelaphini raw,Tragelaphini raw/images/Extant/Tragelaphini/Tragelaphus/scriptus/LM3/DSCN5043.JPG
DSCN5044.JPG,Tragelaphini raw,Tragelaphini raw/images/Extant/Tragelaphini/Tragelaphus/scriptus/LM2/DSCN5044.JPG
DSCN5045.JPG,Tragelaphini raw,Tragelaphini raw/images/Extant/Tragelaphini/Tragelaphus/scriptus/LM1/DSCN5045.JPG
DSCN5047.JPG,Tragelaphini raw,Tragelaphini raw/images/Extant/Tragelaphini/Tragelaphus/scriptus/LM3/DSCN5047.JPG
DSCN5048.JPG,Tragelaphini raw,Tragelaphini raw/images/Extant/Tragelaphini/Tragelaphus/scriptus/LM2/DSCN5048.JPG
DSCN5049.JPG,Tragelaphini raw,Tragelaphini raw/images/Extant/Tragelaphini/Tragelaphus/scriptus/LM1/DSCN5049.JPG
DSCN5052.JPG,Tragelaphini raw,Tragelaphini raw/images/Extant/Tragelaphini/Tragelaphus/scriptus/LM2/DSCN5052.JPG
DSCN5053.JPG,Tragelaphini raw,Tragelaphini raw/images/Extant/Tragelaphini/Tragelaphus/scriptus/LM1/DSCN5053.JPG
DSCN5055.JPG,Tragelaphini raw,Tragelaphini raw/images/Extant/Tragelaphini/Tragelaphus/scriptus/LM3/DSCN5055.JPG
DSCN5056.JPG,Tragelaphini raw,Tragelaphini raw/images/Extant/Tragelaphini/Tragelaphus/scriptus/LM3/DSCN5056.JPG
DSCN5057.JPG,Tragelaphini raw,Tragelaphini raw/images/Extant/Tragelaphini/Tragelaphus/scriptus/LM2/DSCN5057.JPG
DSCN5058.JPG,Tragelaphini raw,Tragelaphini raw/images/Extant/Tragelaphini/Tragelaphus/scriptus/LM1/DSCN5058.JPG
DSCN5061.JPG,Tragelaphini raw,Tragelaphini raw/images/Extant/Tragelaphini/Tragelaphus/scriptus/LM3/DSCN5061.JPG
DSCN5062.JPG,Tragelaphini raw,Tragelaphini raw/images/Extant/Tragelaphini/Tragelaphus/scriptus/LM2/DSCN5062.JPG
DSCN5063.JPG,Tragelaphini raw,Tragelaphini raw/images/Extant/Tragelaphini/Tragelaphus/scriptus/LM1/DSCN5063.JPG
DSCN5065.JPG,Tragelaphini raw,Tragelaphini raw/images/Extant/Tragelaphini/Tragelaphus/scriptus/LM3/DSCN5065.JPG
DSCN5066.JPG,Tragelaphini raw,Tragelaphini raw/images/Extant/Tragelaphini/Tragelaphus/scriptus/LM2/DSCN5066.JPG
DSCN5067.JPG,Tragelaphini raw,Tragelaphini raw/images/Extant/Tragelaphini/Tragelaphus/scriptus/LM1/DSCN5067.JPG
DSCN5069.JPG,Tragelaphini raw,Tragelaphini raw/images/Extant/Tragelaphini/Tragelaphus/scriptus/LM3/DSCN5069.JPG
DSCN5070.JPG,Tragelaphini raw,Tragelaphini raw/images/Extant/Tragelaphini/Tragelaphus/scriptus/LM2/DSCN5070.JPG
DSCN5071.JPG,Tragelaphini raw,Tragelaphini raw/images/Extant/Tragelaphini/Tragelaphus/scriptus/LM1/DSCN5071.JPG
DSCN5073.JPG,Tragelaphini raw,Tragelaphini raw/images/Extant/Tragelaphini/Tragelaphus/scriptus/LM3/DSCN5073.JPG
DSCN5074.JPG,Tragelaphini raw,Tragelaphini raw/images/Extant/Tragelaphini/Tragelaphus/scriptus/LM2/DSCN5074.JPG
DSCN5075.JPG,Tragelaphini raw,Tragelaphini raw/images/Extant/Tragelaphini/Tragelaphus/scriptus/LM1/DSCN5075.JPG
DSCN5077.JPG,Tragelaphini raw,Tragelaphini raw/images/Extant/Tragelaphini/Tragelaphus/scriptus/LM3/DSCN5077.JPG
DSCN5078.JPG,Tragelaphini raw,Tragelaphini raw/images/Extant/Tragelaphini/Tragelaphus/scriptus/LM2/DSCN5078.JPG
DSCN5079.JPG,Tragelaphini raw,Tragelaphini raw/images/Extant/Tragelaphini/Tragelaphus/scriptus/LM1/DSCN5079.JPG
DSCN5081.JPG,Tragelaphini raw,Tragelaphini raw/images/Extant/Tragelaphini/Tragelaphus/scriptus/LM3/DSCN5081.JPG
DSCN5082.JPG,Tragelaphini raw,Tragelaphini raw/images/Extant/Tragelaphini/Tragelaphus/scriptus/LM2/DSCN5082.JPG
DSCN5083.JPG,Tragelaphini raw,Tragelaphini raw/images/Extant/Tragelaphini/Tragelaphus/scriptus/LM1/DSCN5083.JPG
DSCN5085.JPG,Tragelaphini raw,Tragelaphini raw/images/Extant/Tragelaphini/Tragelaphus/scriptus/LM3/DSCN5085.JPG
DSCN5086.JPG,Tragelaphini raw,Tragelaphini raw/images/Extant/Tragelaphini/Tragelaphus/scriptus/LM2/DSCN5086.JPG
DSCN5087.JPG,Tragelaphini raw,Tragelaphini raw/images/Extant/Tragelaphini/Tragelaphus/scriptus/LM1/DSCN5087.JPG
DSCN5089.JPG,Tragelaphini raw,Tragelaphini raw/images/Extant/Tragelaphini/Tragelaphus/scriptus/LM3/DSCN5089.JPG
DSCN5090.JPG,Tragelaphini raw,Tragelaphini raw/images/Extant/Tragelaphini/Tragelaphus/scriptus/LM2/DSCN5090.JPG
DSCN5091.JPG,Tragelaphini raw,Tragelaphini raw/images/Extant/Tragelaphini/Tragelaphus/scriptus/LM1/DSCN5091.JPG
DSCN5093.JPG,Tragelaphini raw,Tragelaphini raw/images/Extant/Tragelaphini/Tragelaphus/scriptus/LM3/DSCN5093.JPG
DSCN5094.JPG,Tragelaphini raw,Tragelaphini raw/images/Extant/Tragelaphini/Tragelaphus/scriptus/LM2/DSCN5094.JPG
DSCN5095.JPG,Tragelaphini raw,Tragelaphini raw/images/Extant/Tragelaphini/Tragelaphus/scriptus/LM1/DSCN5095.JPG
DSCN5097.JPG,Tragelaphini raw,Tragelaphini raw/images/Extant/Tragelaphini/Tragelaphus/scriptus/LM3/DSCN5097.JPG
DSCN5099.JPG,Tragelaphini raw,Tragelaphini raw/images/Extant/Tragelaphini/Tragelaphus/scriptus/LM2/DSCN5099.JPG
DSCN5100.JPG,Tragelaphini raw,Tragelaphini raw/images/Extant/Tragelaphini/Tragelaphus/scriptus/LM1/DSCN5100.JPG
DSCN5102.JPG,Tragelaphini raw,Tragelaphini raw/images/Extant/Tragelaphini/Tragelaphus/scriptus/LM3/DSCN5102.JPG
DSCN5103.JPG,Tragelaphini raw,Tragelaphini raw/images/Extant/Tragelaphini/Tragelaphus/scriptus/LM2/DSCN5103.JPG
DSCN5104.JPG,Tragelaphini raw,Tragelaphini raw/images/Extant/Tragelaphini/Tragelaphus/scriptus/LM1/DSCN5104.JPG
DSCN5107.JPG,Tragelaphini raw,Tragelaphini raw/images/Extant/Tragelaphini/Tragelaphus/scriptus/LM3/DSCN5107.JPG
DSCN5108.JPG,Tragelaphini raw,Tragelaphini raw/images/Extant/Tragelaphini/Tragelaphus/scriptus/LM2/DSCN5108.JPG
DSCN5111.JPG,Tragelaphini raw,Tragelaphini raw/images/Extant/Tragelaphini/Tragelaphus/scriptus/LM1/DSCN5111.JPG
DSCN5112.JPG,Tragelaphini raw,Tragelaphini raw/images/Extant/Tragelaphini/Tragelaphus/scriptus/LM3/DSCN5112.JPG
DSCN5113.JPG,Tragelaphini raw,Tragelaphini raw/images/Extant/Tragelaphini/Tragelaphus/scriptus/LM2/DSCN5113.JPG
DSCN5115.JPG,Tragelaphini raw,Tragelaphini raw/images/Extant/Tragelaphini/Tragelaphus/scriptus/LM1/DSCN5115.JPG
DSCN5117.JPG,Tragelaphini raw,Tragelaphini raw/images/Extant/Tragelaphini/Tragelaphus/scriptus/LM3/DSCN5117.JPG
DSCN5118.JPG,Tragelaphini raw,Tragelaphini raw/images/Extant/Tragelaphini/Tragelaphus/scriptus/LM2/DSCN5118.JPG
DSCN5119.JPG,Tragelaphini raw,Tragelaphini raw/images/Extant/Tragelaphini/Tragelaphus/scriptus/LM1/DSCN5119.JPG
DSCN5121.JPG,Tragelaphini raw,Tragelaphini raw/images/Extant/Tragelaphini/Tragelaphus/scriptus/LM3/DSCN5121.JPG
DSCN5122.JPG,Tragelaphini raw,Tragelaphini raw/images/Extant/Tragelaphini/Tragelaphus/scriptus/LM2/DSCN5122.JPG
DSCN5123.JPG,Tragelaphini raw,Tragelaphini raw/images/Extant/Tragelaphini/Tragelaphus/scriptus/LM1/DSCN5123.JPG
DSCN5125.JPG,Tragelaphini raw,Tragelaphini raw/images/Extant/Tragelaphini/Tragelaphus/scriptus/LM3/DSCN5125.JPG
DSCN5126.JPG,Tragelaphini raw,Tragelaphini raw/images/Extant/Tragelaphini/Tragelaphus/scriptus/LM2/DSCN5126.JPG
DSCN5127.JPG,Tragelaphini raw,Tragelaphini raw/images/Extant/Tragelaphini/Tragelaphus/scriptus/LM1/DSCN5127.JPG
DSCN5129.JPG,Tragelaphini raw,Tragelaphini raw/images/Extant/Tragelaphini/Tragelaphus/scriptus/LM3/DSCN5129.JPG
DSCN5130.JPG,Tragelaphini raw,Tragelaphini raw/images/Extant/Tragelaphini/Tragelaphus/scriptus/LM2/DSCN5130.JPG
DSCN5131.JPG,Tragelaphini raw,Tragelaphini raw/images/Extant/Tragelaphini/Tragelaphus/scriptus/LM1/DSCN5131.JPG
DSCN5133.JPG,Tragelaphini raw,Tragelaphini raw/images/Extant/Tragelaphini/Tragelaphus/scriptus/LM3/DSCN5133.JPG
DSCN5134.JPG,Tragelaphini raw,Tragelaphini raw/images/Extant/Tragelaphini/Tragelaphus/scriptus/LM2/DSCN5134.JPG
DSCN5135.JPG,Tragelaphini raw,Tragelaphini raw/images/Extant/Tragelaphini/Tragelaphus/scriptus/LM1/DSCN5135.JPG
DSCN5137.JPG,Tragelaphini raw,Tragelaphini raw/images/Extant/Tragelaphini/Tragelaphus/scriptus/LM3/DSCN5137.JPG
DSCN5138.JPG,Tragelaphini raw,Tragelaphini raw/images/Extant/Tragelaphini/Tragelaphus/scriptus/LM2/DSCN5138.JPG
DSCN5139.JPG,Tragelaphini raw,Tragelaphini raw/images/Extant/Tragelaphini/Tragelaphus/scriptus/LM1/DSCN5139.JPG
DSCN5141.JPG,Tragelaphini raw,Tragelaphini raw/images/Extant/Tragelaphini/Tragelaphus/scriptus/LM3/DSCN5141.JPG
DSCN5142.JPG,Tragelaphini raw,Tragelaphini raw/images/Extant/Tragelaphini/Tragelaphus/scriptus/LM2/DSCN5142.JPG
DSCN5143.JPG,Tragelaphini raw,Tragelaphini raw/images/Extant/Tragelaphini/Tragelaphus/scriptus/LM1/DSCN5143.JPG
DSCN5145.JPG,Tragelaphini raw,Tragelaphini raw/images/Extant/Tragelaphini/Tragelaphus/scriptus/LM3/DSCN5145.JPG
DSCN5146.JPG,Tragelaphini raw,Tragelaphini raw/images/Extant/Tragelaphini/Tragelaphus/scriptus/LM2/DSCN5146.JPG
DSCN5147.JPG,Tragelaphini raw,Tragelaphini raw/images/Extant/Tragelaphini/Tragelaphus/scriptus/LM1/DSCN5147.JPG
DSCN5149.JPG,Tragelaphini raw,Tragelaphini raw/images/Extant/Tragelaphini/Tragelaphus/scriptus/LM3/DSCN5149.JPG
DSCN5150.JPG,Tragelaphini raw,Tragelaphini raw/images/Extant/Tragelaphini/Tragelaphus/scriptus/LM2/DSCN5150.JPG
DSCN5151.JPG,Tragelaphini raw,Tragelaphini raw/images/Extant/Tragelaphini/Tragelaphus/scriptus/LM1/DSCN5151.JPG
DSCN5153.JPG,Tragelaphini raw,Tragelaphini raw/images/Extant/Tragelaphini/Tragelaphus/scriptus/LM3/DSCN5153.JPG
DSCN5154.JPG,Tragelaphini raw,Tragelaphini raw/images/Extant/Tragelaphini/Tragelaphus/scriptus/LM2/DSCN5154.JPG
DSCN5155.JPG,Tragelaphini raw,Tragelaphini raw/images/Extant/Tragelaphini/Tragelaphus/scriptus/LM1/DSCN5155.JPG
DSCN5157.JPG,Tragelaphini raw,Tragelaphini raw/images/Extant/Tragelaphini/Tragelaphus/scriptus/LM3/DSCN5157.JPG
DSCN5158.JPG,Tragelaphini raw,Tragelaphini raw/images/Extant/Tragelaphini/Tragelaphus/scriptus/LM2/DSCN5158.JPG
DSCN5159.JPG,Tragelaphini raw,Tragelaphini raw/images/Extant/Tragelaphini/Tragelaphus/scriptus/LM1/DSCN5159.JPG
DSCN5161.JPG,Tragelaphini raw,Tragelaphini raw/images/Extant/Tragelaphini/Tragelaphus/strepsiceros/UM3/DSCN5161.JPG
DSCN5162.JPG,Tragelaphini raw,Tragelaphini raw/images/Extant/Tragelaphini/Tragelaphus/strepsiceros/UM2/DSCN5162.JPG
DSCN5163.JPG,Tragelaphini raw,Tragelaphini raw/images/Extant/Tragelaphini/Tragelaphus/strepsiceros/UM1/DSCN5163.JPG
DSCN5165.JPG,Tragelaphini raw,Tragelaphini raw/images/Extant/Tragelaphini/Tragelaphus/strepsiceros/UM3/DSCN5165.JPG
DSCN5166.JPG,Tragelaphini raw,Tragelaphini raw/images/Extant/Tragelaphini/Tragelaphus/strepsiceros/UM2/DSCN5166.JPG
DSCN5167.JPG,Tragelaphini raw,Tragelaphini raw/images/Extant/Tragelaphini/Tragelaphus/strepsiceros/UM1/DSCN5167.JPG
DSCN5168.JPG,Tragelaphini raw,Tragelaphini raw/images/Extant/Tragelaphini/Tragelaphus/strepsiceros/UM2/DSCN5168.JPG
DSCN5169.JPG,Tragelaphini raw,Tragelaphini raw/images/Extant/Tragelaphini/Tragelaphus/strepsiceros/UM1/DSCN5169.JPG
DSCN5171.JPG,Tragelaphini raw,Tragelaphini raw/images/Extant/Tragelaphini/Tragelaphus/strepsiceros/UM1/DSCN5171.JPG
DSCN5173.JPG,Tragelaphini raw,Tragelaphini raw/images/Extant/Tragelaphini/Tragelaphus/strepsiceros/UM3/DSCN5173.JPG
DSCN5174.JPG,Tragelaphini raw,Tragelaphini raw/images/Extant/Tragelaphini/Tragelaphus/strepsiceros/UM2/DSCN5174.JPG
DSCN5175.JPG,Tragelaphini raw,Tragelaphini raw/images/Extant/Tragelaphini/Tragelaphus/strepsiceros/UM1/DSCN5175.JPG
DSCN5176.JPG,Tragelaphini raw,Tragelaphini raw/images/Extant/Tragelaphini/Tragelaphus/strepsiceros/UM3/DSCN5176.JPG
DSCN5177.JPG,Tragelaphini raw,Tragelaphini raw/images/Extant/Tragelaphini/Tragelaphus/strepsiceros/UM3/DSCN5177.JPG
DSCN5178.JPG,Tragelaphini raw,Tragelaphini raw/images/Extant/Tragelaphini/Tragelaphus/strepsiceros/UM2/DSCN5178.JPG
DSCN5179.JPG,Tragelaphini raw,Tragelaphini raw/images/Extant/Tragelaphini/Tragelaphus/strepsiceros/UM1/DSCN5179.JPG
DSCN5181.JPG,Tragelaphini raw,Tragelaphini raw/images/Extant/Tragelaphini/Tragelaphus/strepsiceros/UM3/DSCN5181.JPG
DSCN5182.JPG,Tragelaphini raw,Tragelaphini raw/images/Extant/Tragelaphini/Tragelaphus/strepsiceros/UM2/DSCN5182.JPG
DSCN5183.JPG,Tragelaphini raw,Tragelaphini raw/images/Extant/Tragelaphini/Tragelaphus/strepsiceros/UM1/DSCN5183.JPG
DSCN5185.JPG,Tragelaphini raw,Tragelaphini raw/images/Extant/Tragelaphini/Tragelaphus/strepsiceros/UM3/DSCN5185.JPG
DSCN5186.JPG,Tragelaphini raw,Tragelaphini raw/images/Extant/Tragelaphini/Tragelaphus/strepsiceros/UM2/DSCN5186.JPG
DSCN5187.JPG,Tragelaphini raw,Tragelaphini raw/images/Extant/Tragelaphini/Tragelaphus/strepsiceros/UM1/DSCN5187.JPG
DSCN5189.JPG,Tragelaphini raw,Tragelaphini raw/images/Extant/Tragelaphini/Tragelaphus/strepsiceros/UM3/DSCN5189.JPG
DSCN5190.JPG,Tragelaphini raw,Tragelaphini raw/images/Extant/Tragelaphini/Tragelaphus/strepsiceros/UM2/DSCN5190.JPG
DSCN5191.JPG,Tragelaphini raw,Tragelaphini raw/images/Extant/Tragelaphini/Tragelaphus/strepsiceros/UM1/DSCN5191.JPG
DSCN5193.JPG,Tragelaphini raw,Tragelaphini raw/images/Extant/Tragelaphini/Tragelaphus/strepsiceros/UM3/DSCN5193.JPG
DSCN5194.JPG,Tragelaphini raw,Tragelaphini raw/images/Extant/Tragelaphini/Tragelaphus/strepsiceros/UM2/DSCN5194.JPG
DSCN5195.JPG,Tragelaphini raw,Tragelaphini raw/images/Extant/Tragelaphini/Tragelaphus/strepsiceros/UM1/DSCN5195.JPG
DSCN5197.JPG,Tragelaphini raw,Tragelaphini raw/images/Extant/Tragelaphini/Tragelaphus/strepsiceros/UM3/DSCN5197.JPG
DSCN5198.JPG,Tragelaphini raw,Tragelaphini raw/images/Extant/Tragelaphini/Tragelaphus/strepsiceros/UM2/DSCN5198.JPG
DSCN5199.JPG,Tragelaphini raw,Tragelaphini raw/images/Extant/Tragelaphini/Tragelaphus/strepsiceros/UM1/DSCN5199.JPG
DSCN5201.JPG,Tragelaphini raw,Tragelaphini raw/images/Extant/Tragelaphini/Tragelaphus/strepsiceros/UM3/DSCN5201.JPG
DSCN5202.JPG,Tragelaphini raw,Tragelaphini raw/images/Extant/Tragelaphini/Tragelaphus/strepsiceros/UM2/DSCN5202.JPG
DSCN5203.JPG,Tragelaphini raw,Tragelaphini raw/images/Extant/Tragelaphini/Tragelaphus/strepsiceros/UM1/DSCN5203.JPG
DSCN5205.JPG,Tragelaphini raw,Tragelaphini raw/images/Extant/Tragelaphini/Tragelaphus/strepsiceros/UM3/DSCN5205.JPG
DSCN5206.JPG,Tragelaphini raw,Tragelaphini raw/images/Extant/Tragelaphini/Tragelaphus/strepsiceros/UM2/DSCN5206.JPG
DSCN5207.JPG,Tragelaphini raw,Tragelaphini raw/images/Extant/Tragelaphini/Tragelaphus/strepsiceros/UM1/DSCN5207.JPG
DSCN5209.JPG,Tragelaphini raw,Tragelaphini raw/images/Extant/Tragelaphini/Tragelaphus/strepsiceros/UM3/DSCN5209.JPG
DSCN5210.JPG,Tragelaphini raw,Tragelaphini raw/images/Extant/Tragelaphini/Tragelaphus/strepsiceros/UM2/DSCN5210.JPG
DSCN5211.JPG,Tragelaphini raw,Tragelaphini raw/images/Extant/Tragelaphini/Tragelaphus/strepsiceros/UM1/DSCN5211.JPG
DSCN5213.JPG,Tragelaphini raw,Tragelaphini raw/images/Extant/Tragelaphini/Tragelaphus/strepsiceros/UM3/DSCN5213.JPG
DSCN5214.JPG,Tragelaphini raw,Tragelaphini raw/images/Extant/Tragelaphini/Tragelaphus/strepsiceros/UM2/DSCN5214.JPG
DSCN5215.JPG,Tragelaphini raw,Tragelaphini raw/images/Extant/Tragelaphini/Tragelaphus/strepsiceros/UM1/DSCN5215.JPG
DSCN5217.JPG,Tragelaphini raw,Tragelaphini raw/images/Extant/Tragelaphini/Tragelaphus/strepsiceros/UM3/DSCN5217.JPG
DSCN5218.JPG,Tragelaphini raw,Tragelaphini raw/images/Extant/Tragelaphini/Tragelaphus/strepsiceros/UM2/DSCN5218.JPG
DSCN5219.JPG,Tragelaphini raw,Tragelaphini raw/images/Extant/Tragelaphini/Tragelaphus/strepsiceros/UM1/DSCN5219.JPG
DSCN5220.JPG,Tragelaphini raw,Tragelaphini raw/images/Extant/Tragelaphini/Tragelaphus/strepsiceros/UM3/DSCN5220.JPG
DSCN5221.JPG,Tragelaphini raw,Tragelaphini raw/images/Extant/Tragelaphini/Tragelaphus/strepsiceros/UM2/DSCN5221.JPG
DSCN5222.JPG,Tragelaphini raw,Tragelaphini raw/images/Extant/Tragelaphini/Tragelaphus/strepsiceros/UM2/DSCN5222.JPG
DSCN5223.JPG,Tragelaphini raw,Tragelaphini raw/images/Extant/Tragelaphini/Tragelaphus/strepsiceros/UM1/DSCN5223.JPG
DSCN5224.JPG,Tragelaphini raw,Tragelaphini raw/images/Extant/Tragelaphini/Tragelaphus/strepsiceros/UM3/DSCN5224.JPG
DSCN5225.JPG,Tragelaphini raw,Tragelaphini raw/images/Extant/Tragelaphini/Tragelaphus/strepsiceros/UM2/DSCN5225.JPG
DSCN5226.JPG,Tragelaphini raw,Tragelaphini raw/images/Extant/Tragelaphini/Tragelaphus/strepsiceros/UM1/DSCN5226.JPG
DSCN5228.JPG,Tragelaphini raw,Tragelaphini raw/images/Extant/Tragelaphini/Tragelaphus/strepsiceros/UM3/DSCN5228.JPG
DSCN5229.JPG,Tragelaphini raw,Tragelaphini raw/images/Extant/Tragelaphini/Tragelaphus/strepsiceros/UM2/DSCN5229.JPG
DSCN5230.JPG,Tragelaphini raw,Tragelaphini raw/images/Extant/Tragelaphini/Tragelaphus/strepsiceros/UM1/DSCN5230.JPG
DSCN5232.JPG,Tragelaphini raw,Tragelaphini raw/images/Extant/Tragelaphini/Tragelaphus/strepsiceros/UM2/DSCN5232.JPG
DSCN5233.JPG,Tragelaphini raw,Tragelaphini raw/images/Extant/Tragelaphini/Tragelaphus/strepsiceros/UM1/DSCN5233.JPG
DSCN5236.JPG,Tragelaphini raw,Tragelaphini raw/images/Extant/Tragelaphini/Tragelaphus/strepsiceros/UM3/DSCN5236.JPG
DSCN5237.JPG,Tragelaphini raw,Tragelaphini raw/images/Extant/Tragelaphini/Tragelaphus/strepsiceros/UM2/DSCN5237.JPG
DSCN5238.JPG,Tragelaphini raw,Tragelaphini raw/images/Extant/Tragelaphini/Tragelaphus/strepsiceros/UM1/DSCN5238.JPG
DSCN5239.JPG,Tragelaphini raw,Tragelaphini raw/images/Extant/Tragelaphini/Tragelaphus/strepsiceros/LM3/DSCN5239.JPG
DSCN5240.JPG,Tragelaphini raw,Tragelaphini raw/images/Extant/Tragelaphini/Tragelaphus/strepsiceros/LM2/DSCN5240.JPG
DSCN5241.JPG,Tragelaphini raw,Tragelaphini raw/images/Extant/Tragelaphini/Tragelaphus/strepsiceros/LM1/DSCN5241.JPG
DSCN5243.JPG,Tragelaphini raw,Tragelaphini raw/images/Extant/Tragelaphini/Tragelaphus/strepsiceros/LM2/DSCN5243.JPG
DSCN5244.JPG,Tragelaphini raw,Tragelaphini raw/images/Extant/Tragelaphini/Tragelaphus/strepsiceros/LM1/DSCN5244.JPG
DSCN5246.JPG,Tragelaphini raw,Tragelaphini raw/images/Extant/Tragelaphini/Tragelaphus/strepsiceros/LM3/DSCN5246.JPG
DSCN5247.JPG,Tragelaphini raw,Tragelaphini raw/images/Extant/Tragelaphini/Tragelaphus/strepsiceros/LM2/DSCN5247.JPG
DSCN5248.JPG,Tragelaphini raw,Tragelaphini raw/images/Extant/Tragelaphini/Tragelaphus/strepsiceros/LM1/DSCN5248.JPG
DSCN5250.JPG,Tragelaphini raw,Tragelaphini raw/images/Extant/Tragelaphini/Tragelaphus/strepsiceros/LM3/DSCN5250.JPG
DSCN5251.JPG,Tragelaphini raw,Tragelaphini raw/images/Extant/Tragelaphini/Tragelaphus/strepsiceros/LM2/DSCN5251.JPG
DSCN5252.JPG,Tragelaphini raw,Tragelaphini raw/images/Extant/Tragelaphini/Tragelaphus/strepsiceros/LM1/DSCN5252.JPG
DSCN5254.JPG,Tragelaphini raw,Tragelaphini raw/images/Extant/Tragelaphini/Tragelaphus/strepsiceros/LM3/DSCN5254.JPG
DSCN5255.JPG,Tragelaphini raw,Tragelaphini raw/images/Extant/Tragelaphini/Tragelaphus/strepsiceros/LM2/DSCN5255.JPG
DSCN5256.JPG,Tragelaphini raw,Tragelaphini raw/images/Extant/Tragelaphini/Tragelaphus/strepsiceros/LM1/DSCN5256.JPG
DSCN5258.JPG,Tragelaphini raw,Tragelaphini raw/images/Extant/Tragelaphini/Tragelaphus/strepsiceros/LM3/DSCN5258.JPG
DSCN5259.JPG,Tragelaphini raw,Tragelaphini raw/images/Extant/Tragelaphini/Tragelaphus/strepsiceros/LM2/DSCN5259.JPG
DSCN5260.JPG,Tragelaphini raw,Tragelaphini raw/images/Extant/Tragelaphini/Tragelaphus/strepsiceros/LM1/DSCN5260.JPG
DSCN5262.JPG,Tragelaphini raw,Tragelaphini raw/images/Extant/Tragelaphini/Tragelaphus/strepsiceros/LM3/DSCN5262.JPG
DSCN5263.JPG,Tragelaphini raw,Tragelaphini raw/images/Extant/Tragelaphini/Tragelaphus/strepsiceros/LM2/DSCN5263.JPG
DSCN5264.JPG,Tragelaphini raw,Tragelaphini raw/images/Extant/Tragelaphini/Tragelaphus/strepsiceros/LM1/DSCN5264.JPG
DSCN5266.JPG,Tragelaphini raw,Tragelaphini raw/images/Extant/Tragelaphini/Tragelaphus/strepsiceros/LM3/DSCN5266.JPG
DSCN5267.JPG,Tragelaphini raw,Tragelaphini raw/images/Extant/Tragelaphini/Tragelaphus/strepsiceros/LM2/DSCN5267.JPG
DSCN5268.JPG,Tragelaphini raw,Tragelaphini raw/images/Extant/Tragelaphini/Tragelaphus/strepsiceros/LM1/DSCN5268.JPG
DSCN5270.JPG,Tragelaphini raw,Tragelaphini raw/images/Extant/Tragelaphini/Tragelaphus/strepsiceros/LM3/DSCN5270.JPG
DSCN5271.JPG,Tragelaphini raw,Tragelaphini raw/images/Extant/Tragelaphini/Tragelaphus/strepsiceros/LM2/DSCN5271.JPG
DSCN5272.JPG,Tragelaphini raw,Tragelaphini raw/images/Extant/Tragelaphini/Tragelaphus/strepsiceros/LM1/DSCN5272.JPG
DSCN5274.JPG,Tragelaphini raw,Tragelaphini raw/images/Extant/Tragelaphini/Tragelaphus/strepsiceros/LM3/DSCN5274.JPG
DSCN5275.JPG,Tragelaphini raw,Tragelaphini raw/images/Extant/Tragelaphini/Tragelaphus/strepsiceros/LM2/DSCN5275.JPG
DSCN5276.JPG,Tragelaphini raw,Tragelaphini raw/images/Extant/Tragelaphini/Tragelaphus/strepsiceros/LM1/DSCN5276.JPG
DSCN5278.JPG,Tragelaphini raw,Tragelaphini raw/images/Extant/Tragelaphini/Tragelaphus/strepsiceros/LM3/DSCN5278.JPG
DSCN5279.JPG,Tragelaphini raw,Tragelaphini raw/images/Extant/Tragelaphini/Tragelaphus/strepsiceros/LM2/DSCN5279.JPG
DSCN5280.JPG,Tragelaphini raw,Tragelaphini raw/images/Extant/Tragelaphini/Tragelaphus/strepsiceros/LM1/DSCN5280.JPG
DSCN5282.JPG,Tragelaphini raw,Tragelaphini raw/images/Extant/Tragelaphini/Tragelaphus/strepsiceros/LM3/DSCN5282.JPG
DSCN5283.JPG,Tragelaphini raw,Tragelaphini raw/images/Extant/Tragelaphini/Tragelaphus/strepsiceros/LM2/DSCN5283.JPG
DSCN5284.JPG,Tragelaphini raw,Tragelaphini raw/images/Extant/Tragelaphini/Tragelaphus/strepsiceros/LM1/DSCN5284.JPG
DSCN5286.JPG,Tragelaphini raw,Tragelaphini raw/images/Extant/Tragelaphini/Tragelaphus/strepsiceros/LM3/DSCN5286.JPG
DSCN5287.JPG,Tragelaphini raw,Tragelaphini raw/images/Extant/Tragelaphini/Tragelaphus/strepsiceros/LM2/DSCN5287.JPG
DSCN5288.JPG,Tragelaphini raw,Tragelaphini raw/images/Extant/Tragelaphini/Tragelaphus/strepsiceros/LM1/DSCN5288.JPG
DSCN5290.JPG,Tragelaphini raw,Tragelaphini raw/images/Extant/Tragelaphini/Tragelaphus/strepsiceros/LM3/DSCN5290.JPG
DSCN5291.JPG,Tragelaphini raw,Tragelaphini raw/images/Extant/Tragelaphini/Tragelaphus/strepsiceros/LM2/DSCN5291.JPG
DSCN5292.JPG,Tragelaphini raw,Tragelaphini raw/images/Extant/Tragelaphini/Tragelaphus/strepsiceros/LM1/DSCN5292.JPG
DSCN5293.JPG,Tragelaphini raw,Tragelaphini raw/images/Extant/Tragelaphini/Tragelaphus/strepsiceros/LM3/DSCN5293.JPG
DSCN5294.JPG,Tragelaphini raw,Tragelaphini raw/images/Extant/Tragelaphini/Tragelaphus/strepsiceros/LM2/DSCN5294.JPG
DSCN5295.JPG,Tragelaphini raw,Tragelaphini raw/images/Extant/Tragelaphini/Tragelaphus/strepsiceros/LM1/DSCN5295.JPG
DSCN5297.JPG,Tragelaphini raw,Tragelaphini raw/images/Extant/Tragelaphini/Tragelaphus/strepsiceros/LM3/DSCN5297.JPG
DSCN5298.JPG,Tragelaphini raw,Tragelaphini raw/images/Extant/Tragelaphini/Tragelaphus/strepsiceros/LM2/DSCN5298.JPG
DSCN5299.JPG,Tragelaphini raw,Tragelaphini raw/images/Extant/Tragelaphini/Tragelaphus/strepsiceros/LM1/DSCN5299.JPG
DSCN5301.JPG,Tragelaphini raw,Tragelaphini raw/images/Extant/Tragelaphini/Tragelaphus/strepsiceros/LM3/DSCN5301.JPG
DSCN5302.JPG,Tragelaphini raw,Tragelaphini raw/images/Extant/Tragelaphini/Tragelaphus/strepsiceros/LM2/DSCN5302.JPG
DSCN5303.JPG,Tragelaphini raw,Tragelaphini raw/images/Extant/Tragelaphini/Tragelaphus/strepsiceros/LM1/DSCN5303.JPG
DSCN5305.JPG,Tragelaphini raw,Tragelaphini raw/images/Extant/Tragelaphini/Tragelaphus/strepsiceros/LM3/DSCN5305.JPG
DSCN5306.JPG,Tragelaphini raw,Tragelaphini raw/images/Extant/Tragelaphini/Tragelaphus/strepsiceros/LM2/DSCN5306.JPG
DSCN5307.JPG,Tragelaphini raw,Tragelaphini raw/images/Extant/Tragelaphini/Tragelaphus/strepsiceros/LM1/DSCN5307.JPG
DSCN5309.JPG,Tragelaphini raw,Tragelaphini raw/images/Extant/Tragelaphini/Tragelaphus/strepsiceros/LM3/DSCN5309.JPG
DSCN5310.JPG,Tragelaphini raw,Tragelaphini raw/images/Extant/Tragelaphini/Tragelaphus/strepsiceros/LM2/DSCN5310.JPG
DSCN5311.JPG,Tragelaphini raw,Tragelaphini raw/images/Extant/Tragelaphini/Tragelaphus/strepsiceros/LM1/DSCN5311.JPG
DSCN5313.JPG,Tragelaphini raw,Tragelaphini raw/images/Extant/Tragelaphini/Tragelaphus/strepsiceros/UM3/DSCN5313.JPG
DSCN5314.JPG,Tragelaphini raw,Tragelaphini raw/images/Extant/Tragelaphini/Tragelaphus/strepsiceros/UM2/DSCN5314.JPG
DSCN5315.JPG,Tragelaphini raw,Tragelaphini raw/images/Extant/Tragelaphini/Tragelaphus/strepsiceros/UM1/DSCN5315.JPG
DSCN5316.JPG,Tragelaphini raw,Tragelaphini raw/images/Extant/Tragelaphini/Tragelaphus/strepsiceros/UM3/DSCN5316.JPG
DSCN5317.JPG,Tragelaphini raw,Tragelaphini raw/images/Extant/Tragelaphini/Tragelaphus/strepsiceros/UM2/DSCN5317.JPG
DSCN5318.JPG,Tragelaphini raw,Tragelaphini raw/images/Extant/Tragelaphini/Tragelaphus/strepsiceros/UM1/DSCN5318.JPG
DSCN5320.JPG,Tragelaphini raw,Tragelaphini raw/images/Extant/Tragelaphini/Tragelaphus/strepsiceros/UM3/DSCN5320.JPG
DSCN5321.JPG,Tragelaphini raw,Tragelaphini raw/images/Extant/Tragelaphini/Tragelaphus/strepsiceros/UM2/DSCN5321.JPG
DSCN5323.JPG,Tragelaphini raw,Tragelaphini raw/images/Extant/Tragelaphini/Tragelaphus/strepsiceros/UM3/DSCN5323.JPG
DSCN5324.JPG,Tragelaphini raw,Tragelaphini raw/images/Extant/Tragelaphini/Tragelaphus/strepsiceros/UM3/DSCN5324.JPG
DSCN5327.JPG,Neotragini raw,Neotragini raw/images/Extant/Neotragini/Raphicerus/campestris/UM3/DSCN5327.JPG
DSCN5328.JPG,Neotragini raw,Neotragini raw/images/Extant/Neotragini/Raphicerus/campestris/UM2/DSCN5328.JPG
DSCN5329.JPG,Neotragini raw,Neotragini raw/images/Extant/Neotragini/Raphicerus/campestris/UM1/DSCN5329.JPG
DSCN5331.JPG,Neotragini raw,Neotragini raw/images/Extant/Neotragini/Raphicerus/campestris/UM3/DSCN5331.JPG
DSCN5332.JPG,Neotragini raw,Neotragini raw/images/Extant/Neotragini/Raphicerus/campestris/UM2/DSCN5332.JPG
DSCN5333.JPG,Neotragini raw,Neotragini raw/images/Extant/Neotragini/Raphicerus/campestris/UM1/DSCN5333.JPG
DSCN5335.JPG,Neotragini raw,Neotragini raw/images/Extant/Neotragini/Raphicerus/campestris/UM3/DSCN5335.JPG
DSCN5336.JPG,Neotragini raw,Neotragini raw/images/Extant/Neotragini/Raphicerus/campestris/UM2/DSCN5336.JPG
DSCN5337.JPG,Neotragini raw,Neotragini raw/images/Extant/Neotragini/Raphicerus/campestris/UM1/DSCN5337.JPG
DSCN5339.JPG,Neotragini raw,Neotragini raw/images/Extant/Neotragini/Raphicerus/campestris/UM3/DSCN5339.JPG
DSCN5340.JPG,Neotragini raw,Neotragini raw/images/Extant/Neotragini/Raphicerus/campestris/UM2/DSCN5340.JPG
DSCN5341.JPG,Neotragini raw,Neotragini raw/images/Extant/Neotragini/Raphicerus/campestris/UM1/DSCN5341.JPG
DSCN5343.JPG,Neotragini raw,Neotragini raw/images/Extant/Neotragini/Raphicerus/campestris/UM3/DSCN5343.JPG
DSCN5344.JPG,Neotragini raw,Neotragini raw/images/Extant/Neotragini/Raphicerus/campestris/UM2/DSCN5344.JPG
DSCN5345.JPG,Neotragini raw,Neotragini raw/images/Extant/Neotragini/Raphicerus/campestris/UM1/DSCN5345.JPG
DSCN5347.JPG,Neotragini raw,Neotragini raw/images/Extant/Neotragini/Raphicerus/campestris/UM3/DSCN5347.JPG
DSCN5348.JPG,Neotragini raw,Neotragini raw/images/Extant/Neotragini/Raphicerus/campestris/UM2/DSCN5348.JPG
DSCN5349.JPG,Neotragini raw,Neotragini raw/images/Extant/Neotragini/Raphicerus/campestris/UM1/DSCN5349.JPG
DSCN5356.JPG,Neotragini raw,Neotragini raw/images/Extant/Neotragini/Raphicerus/campestris/UM3/DSCN5356.JPG
DSCN5357.JPG,Neotragini raw,Neotragini raw/images/Extant/Neotragini/Raphicerus/campestris/UM2/DSCN5357.JPG
DSCN5358.JPG,Neotragini raw,Neotragini raw/images/Extant/Neotragini/Raphicerus/campestris/UM1/DSCN5358.JPG
DSCN5360.JPG,Neotragini raw,Neotragini raw/images/Extant/Neotragini/Raphicerus/campestris/UM3/DSCN5360.JPG
DSCN5361.JPG,Neotragini raw,Neotragini raw/images/Extant/Neotragini/Raphicerus/campestris/UM2/DSCN5361.JPG
DSCN5362.JPG,Neotragini raw,Neotragini raw/images/Extant/Neotragini/Raphicerus/campestris/UM1/DSCN5362.JPG
DSCN5364.JPG,Neotragini raw,Neotragini raw/images/Extant/Neotragini/Raphicerus/campestris/UM3/DSCN5364.JPG
DSCN5365.JPG,Neotragini raw,Neotragini raw/images/Extant/Neotragini/Raphicerus/campestris/UM2/DSCN5365.JPG
DSCN5366.JPG,Neotragini raw,Neotragini raw/images/Extant/Neotragini/Raphicerus/campestris/UM1/DSCN5366.JPG
DSCN5368.JPG,Neotragini raw,Neotragini raw/images/Extant/Neotragini/Raphicerus/campestris/UM3/DSCN5368.JPG
DSCN5369.JPG,Neotragini raw,Neotragini raw/images/Extant/Neotragini/Raphicerus/campestris/UM2/DSCN5369.JPG
DSCN5370.JPG,Neotragini raw,Neotragini raw/images/Extant/Neotragini/Raphicerus/campestris/UM1/DSCN5370.JPG
DSCN5372.JPG,Neotragini raw,Neotragini raw/images/Extant/Neotragini/Raphicerus/campestris/UM3/DSCN5372.JPG
DSCN5373.JPG,Neotragini raw,Neotragini raw/images/Extant/Neotragini/Raphicerus/campestris/UM2/DSCN5373.JPG
DSCN5374.JPG,Neotragini raw,Neotragini raw/images/Extant/Neotragini/Raphicerus/campestris/UM1/DSCN5374.JPG
DSCN5376.JPG,Neotragini raw,Neotragini raw/images/Extant/Neotragini/Raphicerus/campestris/UM3/DSCN5376.JPG
DSCN5377.JPG,Neotragini raw,Neotragini raw/images/Extant/Neotragini/Raphicerus/campestris/UM2/DSCN5377.JPG
DSCN5378.JPG,Neotragini raw,Neotragini raw/images/Extant/Neotragini/Raphicerus/campestris/UM1/DSCN5378.JPG
DSCN5380.JPG,Neotragini raw,Neotragini raw/images/Extant/Neotragini/Raphicerus/campestris/UM3/DSCN5380.JPG
DSCN5381.JPG,Neotragini raw,Neotragini raw/images/Extant/Neotragini/Raphicerus/campestris/UM2/DSCN5381.JPG
DSCN5382.JPG,Neotragini raw,Neotragini raw/images/Extant/Neotragini/Raphicerus/campestris/UM1/DSCN5382.JPG
DSCN5384.JPG,Neotragini raw,Neotragini raw/images/Extant/Neotragini/Raphicerus/campestris/UM3/DSCN5384.JPG
DSCN5385.JPG,Neotragini raw,Neotragini raw/images/Extant/Neotragini/Raphicerus/campestris/UM2/DSCN5385.JPG
DSCN5386.JPG,Neotragini raw,Neotragini raw/images/Extant/Neotragini/Raphicerus/campestris/UM1/DSCN5386.JPG
DSCN5388.JPG,Neotragini raw,Neotragini raw/images/Extant/Neotragini/Raphicerus/campestris/UM3/DSCN5388.JPG
DSCN5389.JPG,Neotragini raw,Neotragini raw/images/Extant/Neotragini/Raphicerus/campestris/UM2/DSCN5389.JPG
DSCN5390.JPG,Neotragini raw,Neotragini raw/images/Extant/Neotragini/Raphicerus/campestris/UM1/DSCN5390.JPG
DSCN5392.JPG,Neotragini raw,Neotragini raw/images/Extant/Neotragini/Raphicerus/campestris/UM3/DSCN5392.JPG
DSCN5393.JPG,Neotragini raw,Neotragini raw/images/Extant/Neotragini/Raphicerus/campestris/UM2/DSCN5393.JPG
DSCN5394.JPG,Neotragini raw,Neotragini raw/images/Extant/Neotragini/Raphicerus/campestris/UM1/DSCN5394.JPG
DSCN5396.JPG,Neotragini raw,Neotragini raw/images/Extant/Neotragini/Raphicerus/campestris/UM3/DSCN5396.JPG
DSCN5397.JPG,Neotragini raw,Neotragini raw/images/Extant/Neotragini/Raphicerus/campestris/UM2/DSCN5397.JPG
DSCN5398.JPG,Neotragini raw,Neotragini raw/images/Extant/Neotragini/Raphicerus/campestris/UM1/DSCN5398.JPG
DSCN5401.JPG,Neotragini raw,Neotragini raw/images/Extant/Neotragini/Raphicerus/campestris/UM2/DSCN5401.JPG
DSCN5402.JPG,Neotragini raw,Neotragini raw/images/Extant/Neotragini/Raphicerus/campestris/UM1/DSCN5402.JPG
DSCN5404.JPG,Neotragini raw,Neotragini raw/images/Extant/Neotragini/Raphicerus/campestris/UM3/DSCN5404.JPG
DSCN5405.JPG,Neotragini raw,Neotragini raw/images/Extant/Neotragini/Raphicerus/campestris/UM2/DSCN5405.JPG
DSCN5408.JPG,Neotragini raw,Neotragini raw/images/Extant/Neotragini/Raphicerus/campestris/UM3/DSCN5408.JPG
DSCN5409.JPG,Neotragini raw,Neotragini raw/images/Extant/Neotragini/Raphicerus/campestris/UM2/DSCN5409.JPG
DSCN5421.JPG,Neotragini raw,Neotragini raw/images/Extant/Neotragini/Raphicerus/campestris/LM3/DSCN5421.JPG
DSCN5422.JPG,Neotragini raw,Neotragini raw/images/Extant/Neotragini/Raphicerus/campestris/LM2/DSCN5422.JPG
DSCN5423.JPG,Neotragini raw,Neotragini raw/images/Extant/Neotragini/Raphicerus/campestris/LM1/DSCN5423.JPG
DSCN5425.JPG,Neotragini raw,Neotragini raw/images/Extant/Neotragini/Raphicerus/campestris/LM3/DSCN5425.JPG
DSCN5426.JPG,Neotragini raw,Neotragini raw/images/Extant/Neotragini/Raphicerus/campestris/LM2/DSCN5426.JPG
DSCN5427.JPG,Neotragini raw,Neotragini raw/images/Extant/Neotragini/Raphicerus/campestris/LM1/DSCN5427.JPG
DSCN5430.JPG,Neotragini raw,Neotragini raw/images/Extant/Neotragini/Raphicerus/campestris/LM3/DSCN5430.JPG
DSCN5431.JPG,Neotragini raw,Neotragini raw/images/Extant/Neotragini/Raphicerus/campestris/LM2/DSCN5431.JPG
DSCN5432.JPG,Neotragini raw,Neotragini raw/images/Extant/Neotragini/Raphicerus/campestris/LM1/DSCN5432.JPG
DSCN5434.JPG,Neotragini raw,Neotragini raw/images/Extant/Neotragini/Raphicerus/campestris/LM3/DSCN5434.JPG
DSCN5435.JPG,Neotragini raw,Neotragini raw/images/Extant/Neotragini/Raphicerus/campestris/LM2/DSCN5435.JPG
DSCN5436.JPG,Neotragini raw,Neotragini raw/images/Extant/Neotragini/Raphicerus/campestris/LM1/DSCN5436.JPG
DSCN5439.JPG,Neotragini raw,Neotragini raw/images/Extant/Neotragini/Raphicerus/campestris/LM3/DSCN5439.JPG
DSCN5440.JPG,Neotragini raw,Neotragini raw/images/Extant/Neotragini/Raphicerus/campestris/LM2/DSCN5440.JPG
DSCN5441.JPG,Neotragini raw,Neotragini raw/images/Extant/Neotragini/Raphicerus/campestris/LM1/DSCN5441.JPG
DSCN5444.JPG,Neotragini raw,Neotragini raw/images/Extant/Neotragini/Raphicerus/campestris/LM3/DSCN5444.JPG
DSCN5445.JPG,Neotragini raw,Neotragini raw/images/Extant/Neotragini/Raphicerus/campestris/LM2/DSCN5445.JPG
DSCN5447.JPG,Neotragini raw,Neotragini raw/images/Extant/Neotragini/Raphicerus/campestris/LM1/DSCN5447.JPG
DSCN5449.JPG,Neotragini raw,Neotragini raw/images/Extant/Neotragini/Raphicerus/campestris/LM3/DSCN5449.JPG
DSCN5450.JPG,Neotragini raw,Neotragini raw/images/Extant/Neotragini/Raphicerus/campestris/LM2/DSCN5450.JPG
DSCN5451.JPG,Neotragini raw,Neotragini raw/images/Extant/Neotragini/Raphicerus/campestris/LM1/DSCN5451.JPG
DSCN5453.JPG,Neotragini raw,Neotragini raw/images/Extant/Neotragini/Raphicerus/campestris/LM3/DSCN5453.JPG
DSCN5454.JPG,Neotragini raw,Neotragini raw/images/Extant/Neotragini/Raphicerus/campestris/LM2/DSCN5454.JPG
DSCN5455.JPG,Neotragini raw,Neotragini raw/images/Extant/Neotragini/Raphicerus/campestris/LM1/DSCN5455.JPG
DSCN5457.JPG,Neotragini raw,Neotragini raw/images/Extant/Neotragini/Raphicerus/campestris/LM3/DSCN5457.JPG
DSCN5458.JPG,Neotragini raw,Neotragini raw/images/Extant/Neotragini/Raphicerus/campestris/LM2/DSCN5458.JPG
DSCN5459.JPG,Neotragini raw,Neotragini raw/images/Extant/Neotragini/Raphicerus/campestris/LM1/DSCN5459.JPG
DSCN5461.JPG,Neotragini raw,Neotragini raw/images/Extant/Neotragini/Raphicerus/campestris/LM3/DSCN5461.JPG
DSCN5462.JPG,Neotragini raw,Neotragini raw/images/Extant/Neotragini/Raphicerus/campestris/LM2/DSCN5462.JPG
DSCN5463.JPG,Neotragini raw,Neotragini raw/images/Extant/Neotragini/Raphicerus/campestris/LM1/DSCN5463.JPG
DSCN5465.JPG,Neotragini raw,Neotragini raw/images/Extant/Neotragini/Raphicerus/campestris/LM3/DSCN5465.JPG
DSCN5466.JPG,Neotragini raw,Neotragini raw/images/Extant/Neotragini/Raphicerus/campestris/LM2/DSCN5466.JPG
DSCN5467.JPG,Neotragini raw,Neotragini raw/images/Extant/Neotragini/Raphicerus/campestris/LM1/DSCN5467.JPG
DSCN5469.JPG,Neotragini raw,Neotragini raw/images/Extant/Neotragini/Raphicerus/campestris/LM3/DSCN5469.JPG
DSCN5470.JPG,Neotragini raw,Neotragini raw/images/Extant/Neotragini/Raphicerus/campestris/LM2/DSCN5470.JPG
DSCN5471.JPG,Neotragini raw,Neotragini raw/images/Extant/Neotragini/Raphicerus/campestris/LM1/DSCN5471.JPG
DSCN5474.JPG,Neotragini raw,Neotragini raw/images/Extant/Neotragini/Raphicerus/campestris/LM3/DSCN5474.JPG
DSCN5475.JPG,Neotragini raw,Neotragini raw/images/Extant/Neotragini/Raphicerus/campestris/LM2/DSCN5475.JPG
DSCN5476.JPG,Neotragini raw,Neotragini raw/images/Extant/Neotragini/Raphicerus/campestris/LM1/DSCN5476.JPG
DSCN5478.JPG,Neotragini raw,Neotragini raw/images/Extant/Neotragini/Raphicerus/campestris/LM3/DSCN5478.JPG
DSCN5479.JPG,Neotragini raw,Neotragini raw/images/Extant/Neotragini/Raphicerus/campestris/LM2/DSCN5479.JPG
DSCN5480.JPG,Neotragini raw,Neotragini raw/images/Extant/Neotragini/Raphicerus/campestris/LM1/DSCN5480.JPG
DSCN5483.JPG,Neotragini raw,Neotragini raw/images/Extant/Neotragini/Raphicerus/campestris/LM3/DSCN5483.JPG
DSCN5484.JPG,Neotragini raw,Neotragini raw/images/Extant/Neotragini/Raphicerus/campestris/LM2/DSCN5484.JPG
DSCN5485.JPG,Neotragini raw,Neotragini raw/images/Extant/Neotragini/Raphicerus/campestris/LM1/DSCN5485.JPG
DSCN5487.JPG,Neotragini raw,Neotragini raw/images/Extant/Neotragini/Raphicerus/campestris/LM3/DSCN5487.JPG
DSCN5488.JPG,Neotragini raw,Neotragini raw/images/Extant/Neotragini/Raphicerus/campestris/LM2/DSCN5488.JPG
DSCN5489.JPG,Neotragini raw,Neotragini raw/images/Extant/Neotragini/Raphicerus/campestris/LM1/DSCN5489.JPG
DSCN5491.JPG,Neotragini raw,Neotragini raw/images/Extant/Neotragini/Raphicerus/campestris/LM3/DSCN5491.JPG
DSCN5492.JPG,Neotragini raw,Neotragini raw/images/Extant/Neotragini/Raphicerus/campestris/LM2/DSCN5492.JPG
DSCN5493.JPG,Neotragini raw,Neotragini raw/images/Extant/Neotragini/Raphicerus/campestris/LM1/DSCN5493.JPG
DSCN5496.JPG,Neotragini raw,Neotragini raw/images/Extant/Neotragini/Raphicerus/campestris/LM2/DSCN5496.JPG
DSCN5497.JPG,Neotragini raw,Neotragini raw/images/Extant/Neotragini/Raphicerus/campestris/LM1/DSCN5497.JPG
DSCN5503.JPG,Neotragini raw,Neotragini raw/images/Extant/Neotragini/Oreotragus/oreotragus/UM3/DSCN5503.JPG
DSCN5504.JPG,Neotragini raw,Neotragini raw/images/Extant/Neotragini/Oreotragus/oreotragus/UM2/DSCN5504.JPG
DSCN5505.JPG,Neotragini raw,Neotragini raw/images/Extant/Neotragini/Oreotragus/oreotragus/UM1/DSCN5505.JPG
DSCN5507.JPG,Neotragini raw,Neotragini raw/images/Extant/Neotragini/Oreotragus/oreotragus/UM3/DSCN5507.JPG
DSCN5508.JPG,Neotragini raw,Neotragini raw/images/Extant/Neotragini/Oreotragus/oreotragus/UM2/DSCN5508.JPG
DSCN5509.JPG,Neotragini raw,Neotragini raw/images/Extant/Neotragini/Oreotragus/oreotragus/UM1/DSCN5509.JPG
DSCN5511.JPG,Neotragini raw,Neotragini raw/images/Extant/Neotragini/Oreotragus/oreotragus/UM3/DSCN5511.JPG
DSCN5512.JPG,Neotragini raw,Neotragini raw/images/Extant/Neotragini/Oreotragus/oreotragus/UM2/DSCN5512.JPG
DSCN5513.JPG,Neotragini raw,Neotragini raw/images/Extant/Neotragini/Oreotragus/oreotragus/UM1/DSCN5513.JPG
DSCN5515.JPG,Neotragini raw,Neotragini raw/images/Extant/Neotragini/Oreotragus/oreotragus/UM3/DSCN5515.JPG
DSCN5516.JPG,Neotragini raw,Neotragini raw/images/Extant/Neotragini/Oreotragus/oreotragus/UM2/DSCN5516.JPG
DSCN5517.JPG,Neotragini raw,Neotragini raw/images/Extant/Neotragini/Oreotragus/oreotragus/UM1/DSCN5517.JPG
DSCN5519.JPG,Neotragini raw,Neotragini raw/images/Extant/Neotragini/Oreotragus/oreotragus/UM3/DSCN5519.JPG
DSCN5520.JPG,Neotragini raw,Neotragini raw/images/Extant/Neotragini/Oreotragus/oreotragus/UM2/DSCN5520.JPG
DSCN5521.JPG,Neotragini raw,Neotragini raw/images/Extant/Neotragini/Oreotragus/oreotragus/UM1/DSCN5521.JPG
DSCN5523.JPG,Neotragini raw,Neotragini raw/images/Extant/Neotragini/Oreotragus/oreotragus/UM3/DSCN5523.JPG
DSCN5524.JPG,Neotragini raw,Neotragini raw/images/Extant/Neotragini/Oreotragus/oreotragus/UM2/DSCN5524.JPG
DSCN5525.JPG,Neotragini raw,Neotragini raw/images/Extant/Neotragini/Oreotragus/oreotragus/UM1/DSCN5525.JPG
DSCN5526.JPG,Neotragini raw,Neotragini raw/images/Extant/Neotragini/Oreotragus/oreotragus/UM3/DSCN5526.JPG
DSCN5527.JPG,Neotragini raw,Neotragini raw/images/Extant/Neotragini/Oreotragus/oreotragus/UM2/DSCN5527.JPG
DSCN5528.JPG,Neotragini raw,Neotragini raw/images/Extant/Neotragini/Oreotragus/oreotragus/UM1/DSCN5528.JPG
DSCN5530.JPG,Neotragini raw,Neotragini raw/images/Extant/Neotragini/Oreotragus/oreotragus/UM2/DSCN5530.JPG
DSCN5531.JPG,Neotragini raw,Neotragini raw/images/Extant/Neotragini/Oreotragus/oreotragus/UM1/DSCN5531.JPG
DSCN5533.JPG,Neotragini raw,Neotragini raw/images/Extant/Neotragini/Oreotragus/oreotragus/UM3/DSCN5533.JPG
DSCN5534.JPG,Neotragini raw,Neotragini raw/images/Extant/Neotragini/Oreotragus/oreotragus/UM2/DSCN5534.JPG
DSCN5535.JPG,Neotragini raw,Neotragini raw/images/Extant/Neotragini/Oreotragus/oreotragus/UM1/DSCN5535.JPG
DSCN5537.JPG,Neotragini raw,Neotragini raw/images/Extant/Neotragini/Oreotragus/oreotragus/UM3/DSCN5537.JPG
DSCN5538.JPG,Neotragini raw,Neotragini raw/images/Extant/Neotragini/Oreotragus/oreotragus/UM2/DSCN5538.JPG
DSCN5541.JPG,Neotragini raw,Neotragini raw/images/Extant/Neotragini/Oreotragus/oreotragus/UM3/DSCN5541.JPG
DSCN5542.JPG,Neotragini raw,Neotragini raw/images/Extant/Neotragini/Oreotragus/oreotragus/UM2/DSCN5542.JPG
DSCN5543.JPG,Neotragini raw,Neotragini raw/images/Extant/Neotragini/Oreotragus/oreotragus/UM1/DSCN5543.JPG
DSCN5545.JPG,Neotragini raw,Neotragini raw/images/Extant/Neotragini/Oreotragus/oreotragus/UM3/DSCN5545.JPG
DSCN5546.JPG,Neotragini raw,Neotragini raw/images/Extant/Neotragini/Oreotragus/oreotragus/UM2/DSCN5546.JPG
DSCN5547.JPG,Neotragini raw,Neotragini raw/images/Extant/Neotragini/Oreotragus/oreotragus/UM1/DSCN5547.JPG
DSCN5549.JPG,Neotragini raw,Neotragini raw/images/Extant/Neotragini/Oreotragus/oreotragus/UM3/DSCN5549.JPG
DSCN5550.JPG,Neotragini raw,Neotragini raw/images/Extant/Neotragini/Oreotragus/oreotragus/UM2/DSCN5550.JPG
DSCN5551.JPG,Neotragini raw,Neotragini raw/images/Extant/Neotragini/Oreotragus/oreotragus/UM1/DSCN5551.JPG
DSCN5553.JPG,Neotragini raw,Neotragini raw/images/Extant/Neotragini/Oreotragus/oreotragus/LM3/DSCN5553.JPG
DSCN5554.JPG,Neotragini raw,Neotragini raw/images/Extant/Neotragini/Oreotragus/oreotragus/LM2/DSCN5554.JPG
DSCN5555.JPG,Neotragini raw,Neotragini raw/images/Extant/Neotragini/Oreotragus/oreotragus/LM1/DSCN5555.JPG
DSCN5557.JPG,Neotragini raw,Neotragini raw/images/Extant/Neotragini/Oreotragus/oreotragus/LM3/DSCN5557.JPG
DSCN5558.JPG,Neotragini raw,Neotragini raw/images/Extant/Neotragini/Oreotragus/oreotragus/LM2/DSCN5558.JPG
DSCN5559.JPG,Neotragini raw,Neotragini raw/images/Extant/Neotragini/Oreotragus/oreotragus/LM1/DSCN5559.JPG
DSCN5561.JPG,Neotragini raw,Neotragini raw/images/Extant/Neotragini/Oreotragus/oreotragus/LM3/DSCN5561.JPG
DSCN5562.JPG,Neotragini raw,Neotragini raw/images/Extant/Neotragini/Oreotragus/oreotragus/LM2/DSCN5562.JPG
DSCN5563.JPG,Neotragini raw,Neotragini raw/images/Extant/Neotragini/Oreotragus/oreotragus/LM1/DSCN5563.JPG
DSCN5565.JPG,Neotragini raw,Neotragini raw/images/Extant/Neotragini/Oreotragus/oreotragus/LM3/DSCN5565.JPG
DSCN5566.JPG,Neotragini raw,Neotragini raw/images/Extant/Neotragini/Oreotragus/oreotragus/LM2/DSCN5566.JPG
DSCN5567.JPG,Neotragini raw,Neotragini raw/images/Extant/Neotragini/Oreotragus/oreotragus/LM1/DSCN5567.JPG
DSCN5569.JPG,Neotragini raw,Neotragini raw/images/Extant/Neotragini/Oreotragus/oreotragus/LM3/DSCN5569.JPG
DSCN5570.JPG,Neotragini raw,Neotragini raw/images/Extant/Neotragini/Oreotragus/oreotragus/LM2/DSCN5570.JPG
DSCN5571.JPG,Neotragini raw,Neotragini raw/images/Extant/Neotragini/Oreotragus/oreotragus/LM1/DSCN5571.JPG
DSCN5573.JPG,Neotragini raw,Neotragini raw/images/Extant/Neotragini/Oreotragus/oreotragus/LM3/DSCN5573.JPG
DSCN5574.JPG,Neotragini raw,Neotragini raw/images/Extant/Neotragini/Oreotragus/oreotragus/LM2/DSCN5574.JPG
DSCN5575.JPG,Neotragini raw,Neotragini raw/images/Extant/Neotragini/Oreotragus/oreotragus/LM1/DSCN5575.JPG
DSCN5577.JPG,Neotragini raw,Neotragini raw/images/Extant/Neotragini/Oreotragus/oreotragus/LM3/DSCN5577.JPG
DSCN5578.JPG,Neotragini raw,Neotragini raw/images/Extant/Neotragini/Oreotragus/oreotragus/LM2/DSCN5578.JPG
DSCN5579.JPG,Neotragini raw,Neotragini raw/images/Extant/Neotragini/Oreotragus/oreotragus/LM1/DSCN5579.JPG
DSCN5580.JPG,Neotragini raw,Neotragini raw/images/Extant/Neotragini/Oreotragus/oreotragus/LM3/DSCN5580.JPG
DSCN5581.JPG,Neotragini raw,Neotragini raw/images/Extant/Neotragini/Oreotragus/oreotragus/LM2/DSCN5581.JPG
DSCN5582.JPG,Neotragini raw,Neotragini raw/images/Extant/Neotragini/Oreotragus/oreotragus/LM1/DSCN5582.JPG
DSCN5584.JPG,Neotragini raw,Neotragini raw/images/Extant/Neotragini/Oreotragus/oreotragus/LM3/DSCN5584.JPG
DSCN5585.JPG,Neotragini raw,Neotragini raw/images/Extant/Neotragini/Oreotragus/oreotragus/LM2/DSCN5585.JPG
DSCN5586.JPG,Neotragini raw,Neotragini raw/images/Extant/Neotragini/Oreotragus/oreotragus/LM1/DSCN5586.JPG
DSCN5588.JPG,Neotragini raw,Neotragini raw/images/Extant/Neotragini/Oreotragus/oreotragus/LM3/DSCN5588.JPG
DSCN5589.JPG,Neotragini raw,Neotragini raw/images/Extant/Neotragini/Oreotragus/oreotragus/LM2/DSCN5589.JPG
DSCN5590.JPG,Neotragini raw,Neotragini raw/images/Extant/Neotragini/Oreotragus/oreotragus/LM1/DSCN5590.JPG
DSCN5592.JPG,Neotragini raw,Neotragini raw/images/Extant/Neotragini/Oreotragus/oreotragus/LM3/DSCN5592.JPG
DSCN5593.JPG,Neotragini raw,Neotragini raw/images/Extant/Neotragini/Oreotragus/oreotragus/LM2/DSCN5593.JPG
DSCN5594.JPG,Neotragini raw,Neotragini raw/images/Extant/Neotragini/Oreotragus/oreotragus/LM1/DSCN5594.JPG
DSCN5596.JPG,Neotragini raw,Neotragini raw/images/Extant/Neotragini/Oreotragus/oreotragus/LM3/DSCN5596.JPG
DSCN5597.JPG,Neotragini raw,Neotragini raw/images/Extant/Neotragini/Oreotragus/oreotragus/LM2/DSCN5597.JPG
DSCN5598.JPG,Neotragini raw,Neotragini raw/images/Extant/Neotragini/Oreotragus/oreotragus/LM1/DSCN5598.JPG
DSCN5600.JPG,Neotragini raw,Neotragini raw/images/Extant/Neotragini/Ourebia/ourebi/UM3/DSCN5600.JPG
DSCN5601.JPG,Neotragini raw,Neotragini raw/images/Extant/Neotragini/Ourebia/ourebi/UM2/DSCN5601.JPG
DSCN5602.JPG,Neotragini raw,Neotragini raw/images/Extant/Neotragini/Ourebia/ourebi/UM1/DSCN5602.JPG
DSCN5604.JPG,Neotragini raw,Neotragini raw/images/Extant/Neotragini/Ourebia/ourebi/UM3/DSCN5604.JPG
DSCN5606.JPG,Neotragini raw,Neotragini raw/images/Extant/Neotragini/Ourebia/ourebi/UM1/DSCN5606.JPG
DSCN5608.JPG,Neotragini raw,Neotragini raw/images/Extant/Neotragini/Ourebia/ourebi/UM3/DSCN5608.JPG
DSCN5609.JPG,Neotragini raw,Neotragini raw/images/Extant/Neotragini/Ourebia/ourebi/UM2/DSCN5609.JPG
DSCN5610.JPG,Neotragini raw,Neotragini raw/images/Extant/Neotragini/Ourebia/ourebi/UM1/DSCN5610.JPG
DSCN5612.JPG,Neotragini raw,Neotragini raw/images/Extant/Neotragini/Ourebia/ourebi/UM3/DSCN5612.JPG
DSCN5613.JPG,Neotragini raw,Neotragini raw/images/Extant/Neotragini/Ourebia/ourebi/UM2/DSCN5613.JPG
DSCN5614.JPG,Neotragini raw,Neotragini raw/images/Extant/Neotragini/Ourebia/ourebi/UM1/DSCN5614.JPG
DSCN5616.JPG,Neotragini raw,Neotragini raw/images/Extant/Neotragini/Ourebia/ourebi/UM3/DSCN5616.JPG
DSCN5617.JPG,Neotragini raw,Neotragini raw/images/Extant/Neotragini/Ourebia/ourebi/UM2/DSCN5617.JPG
DSCN5618.JPG,Neotragini raw,Neotragini raw/images/Extant/Neotragini/Ourebia/ourebi/UM1/DSCN5618.JPG
DSCN5620.JPG,Neotragini raw,Neotragini raw/images/Extant/Neotragini/Ourebia/ourebi/UM3/DSCN5620.JPG
DSCN5621.JPG,Neotragini raw,Neotragini raw/images/Extant/Neotragini/Ourebia/ourebi/UM2/DSCN5621.JPG
DSCN5622.JPG,Neotragini raw,Neotragini raw/images/Extant/Neotragini/Ourebia/ourebi/UM1/DSCN5622.JPG
DSCN5624.JPG,Neotragini raw,Neotragini raw/images/Extant/Neotragini/Ourebia/ourebi/UM3/DSCN5624.JPG
DSCN5625.JPG,Neotragini raw,Neotragini raw/images/Extant/Neotragini/Ourebia/ourebi/UM2/DSCN5625.JPG
DSCN5626.JPG,Neotragini raw,Neotragini raw/images/Extant/Neotragini/Ourebia/ourebi/UM1/DSCN5626.JPG
DSCN5628.JPG,Neotragini raw,Neotragini raw/images/Extant/Neotragini/Ourebia/ourebi/LM3/DSCN5628.JPG
DSCN5629.JPG,Neotragini raw,Neotragini raw/images/Extant/Neotragini/Ourebia/ourebi/LM2/DSCN5629.JPG
DSCN5630.JPG,Neotragini raw,Neotragini raw/images/Extant/Neotragini/Ourebia/ourebi/LM1/DSCN5630.JPG
DSCN5632.JPG,Neotragini raw,Neotragini raw/images/Extant/Neotragini/Ourebia/ourebi/LM3/DSCN5632.JPG
DSCN5633.JPG,Neotragini raw,Neotragini raw/images/Extant/Neotragini/Ourebia/ourebi/LM2/DSCN5633.JPG
DSCN5634.JPG,Neotragini raw,Neotragini raw/images/Extant/Neotragini/Ourebia/ourebi/LM1/DSCN5634.JPG
DSCN5636.JPG,Neotragini raw,Neotragini raw/images/Extant/Neotragini/Ourebia/ourebi/LM3/DSCN5636.JPG
DSCN5637.JPG,Neotragini raw,Neotragini raw/images/Extant/Neotragini/Ourebia/ourebi/LM2/DSCN5637.JPG
DSCN5638.JPG,Neotragini raw,Neotragini raw/images/Extant/Neotragini/Ourebia/ourebi/LM1/DSCN5638.JPG
DSCN5640.JPG,Neotragini raw,Neotragini raw/images/Extant/Neotragini/Ourebia/ourebi/LM3/DSCN5640.JPG
DSCN5641.JPG,Neotragini raw,Neotragini raw/images/Extant/Neotragini/Ourebia/ourebi/LM2/DSCN5641.JPG
DSCN5642.JPG,Neotragini raw,Neotragini raw/images/Extant/Neotragini/Ourebia/ourebi/LM1/DSCN5642.JPG
DSCN5644.JPG,Neotragini raw,Neotragini raw/images/Extant/Neotragini/Ourebia/ourebi/LM3/DSCN5644.JPG
DSCN5645.JPG,Neotragini raw,Neotragini raw/images/Extant/Neotragini/Ourebia/ourebi/LM2/DSCN5645.JPG
DSCN5646.JPG,Neotragini raw,Neotragini raw/images/Extant/Neotragini/Ourebia/ourebi/LM1/DSCN5646.JPG
DSCN5648.JPG,Neotragini raw,Neotragini raw/images/Extant/Neotragini/Ourebia/ourebi/LM3/DSCN5648.JPG
DSCN5649.JPG,Neotragini raw,Neotragini raw/images/Extant/Neotragini/Ourebia/ourebi/LM2/DSCN5649.JPG
DSCN5650.JPG,Neotragini raw,Neotragini raw/images/Extant/Neotragini/Ourebia/ourebi/LM1/DSCN5650.JPG
DSCN5652.JPG,Neotragini raw,Neotragini raw/images/Extant/Neotragini/Ourebia/ourebi/LM3/DSCN5652.JPG
DSCN5653.JPG,Neotragini raw,Neotragini raw/images/Extant/Neotragini/Ourebia/ourebi/LM2/DSCN5653.JPG
DSCN5654.JPG,Neotragini raw,Neotragini raw/images/Extant/Neotragini/Ourebia/ourebi/LM1/DSCN5654.JPG
DSCN5656.JPG,Neotragini raw,Neotragini raw/images/Extant/Neotragini/Pelea/capreolus/UM3/DSCN5656.JPG
DSCN5657.JPG,Neotragini raw,Neotragini raw/images/Extant/Neotragini/Pelea/capreolus/UM2/DSCN5657.JPG
DSCN5658.JPG,Neotragini raw,Neotragini raw/images/Extant/Neotragini/Pelea/capreolus/UM1/DSCN5658.JPG
DSCN5660L.JPG,Neotragini raw,Neotragini raw/images/Extant/Neotragini/Pelea/capreolus/UM3/DSCN5660L.JPG
DSCN5661.JPG,Neotragini raw,Neotragini raw/images/Extant/Neotragini/Pelea/capreolus/UM2/DSCN5661.JPG
DSCN5662.JPG,Neotragini raw,Neotragini raw/images/Extant/Neotragini/Pelea/capreolus/UM1/DSCN5662.JPG
DSCN5664.JPG,Neotragini raw,Neotragini raw/images/Extant/Neotragini/Pelea/capreolus/UM3/DSCN5664.JPG
DSCN5665.JPG,Neotragini raw,Neotragini raw/images/Extant/Neotragini/Pelea/capreolus/UM2/DSCN5665.JPG
DSCN5666.JPG,Neotragini raw,Neotragini raw/images/Extant/Neotragini/Pelea/capreolus/UM1/DSCN5666.JPG
DSCN5668.JPG,Neotragini raw,Neotragini raw/images/Extant/Neotragini/Pelea/capreolus/UM3/DSCN5668.JPG
DSCN5669.JPG,Neotragini raw,Neotragini raw/images/Extant/Neotragini/Pelea/capreolus/UM2/DSCN5669.JPG
DSCN5670.JPG,Neotragini raw,Neotragini raw/images/Extant/Neotragini/Pelea/capreolus/UM1/DSCN5670.JPG
DSCN5672.JPG,Neotragini raw,Neotragini raw/images/Extant/Neotragini/Pelea/capreolus/UM3/DSCN5672.JPG
DSCN5674.JPG,Neotragini raw,Neotragini raw/images/Extant/Neotragini/Pelea/capreolus/UM3/DSCN5674.JPG
DSCN5675.JPG,Neotragini raw,Neotragini raw/images/Extant/Neotragini/Pelea/capreolus/UM2/DSCN5675.JPG
DSCN5676.JPG,Neotragini raw,Neotragini raw/images/Extant/Neotragini/Pelea/capreolus/UM1/DSCN5676.JPG
DSCN5678.JPG,Neotragini raw,Neotragini raw/images/Extant/Neotragini/Pelea/capreolus/UM3/DSCN5678.JPG
DSCN5679.JPG,Neotragini raw,Neotragini raw/images/Extant/Neotragini/Pelea/capreolus/UM2/DSCN5679.JPG
DSCN5680.JPG,Neotragini raw,Neotragini raw/images/Extant/Neotragini/Pelea/capreolus/UM1/DSCN5680.JPG
DSCN5683.JPG,Neotragini raw,Neotragini raw/images/Extant/Neotragini/Pelea/capreolus/LM3/DSCN5683.JPG
DSCN5684.JPG,Neotragini raw,Neotragini raw/images/Extant/Neotragini/Pelea/capreolus/LM2/DSCN5684.JPG
DSCN5685.JPG,Neotragini raw,Neotragini raw/images/Extant/Neotragini/Pelea/capreolus/LM1/DSCN5685.JPG
DSCN5687.JPG,Neotragini raw,Neotragini raw/images/Extant/Neotragini/Pelea/capreolus/LM3/DSCN5687.JPG
DSCN5688.JPG,Neotragini raw,Neotragini raw/images/Extant/Neotragini/Pelea/capreolus/LM2/DSCN5688.JPG
DSCN5689.JPG,Neotragini raw,Neotragini raw/images/Extant/Neotragini/Pelea/capreolus/LM1/DSCN5689.JPG
DSCN5691.JPG,Neotragini raw,Neotragini raw/images/Extant/Neotragini/Pelea/capreolus/LM3/DSCN5691.JPG
DSCN5692.JPG,Neotragini raw,Neotragini raw/images/Extant/Neotragini/Pelea/capreolus/LM2/DSCN5692.JPG
DSCN5693.JPG,Neotragini raw,Neotragini raw/images/Extant/Neotragini/Pelea/capreolus/LM1/DSCN5693.JPG
DSCN5695.JPG,Neotragini raw,Neotragini raw/images/Extant/Neotragini/Pelea/capreolus/LM3/DSCN5695.JPG
DSCN5696.JPG,Neotragini raw,Neotragini raw/images/Extant/Neotragini/Pelea/capreolus/LM2/DSCN5696.JPG
DSCN5697.JPG,Neotragini raw,Neotragini raw/images/Extant/Neotragini/Pelea/capreolus/LM1/DSCN5697.JPG
DSCN5699.JPG,Neotragini raw,Neotragini raw/images/Extant/Neotragini/Pelea/capreolus/LM3/DSCN5699.JPG
DSCN5700.JPG,Neotragini raw,Neotragini raw/images/Extant/Neotragini/Pelea/capreolus/LM2/DSCN5700.JPG
DSCN5701.JPG,Neotragini raw,Neotragini raw/images/Extant/Neotragini/Pelea/capreolus/LM1/DSCN5701.JPG
DSCN5703.JPG,Neotragini raw,Neotragini raw/images/Extant/Neotragini/Pelea/capreolus/LM3/DSCN5703.JPG
DSCN5704.JPG,Neotragini raw,Neotragini raw/images/Extant/Neotragini/Pelea/capreolus/LM2/DSCN5704.JPG
DSCN5705.JPG,Neotragini raw,Neotragini raw/images/Extant/Neotragini/Pelea/capreolus/LM1/DSCN5705.JPG
DSCN5707.JPG,Neotragini raw,Neotragini raw/images/Extant/Neotragini/Pelea/capreolus/LM3/DSCN5707.JPG
DSCN5708.JPG,Neotragini raw,Neotragini raw/images/Extant/Neotragini/Pelea/capreolus/LM2/DSCN5708.JPG
DSCN5709.JPG,Neotragini raw,Neotragini raw/images/Extant/Neotragini/Pelea/capreolus/LM1/DSCN5709.JPG
DSCN5710.JPG,Bovini raw,Bovini raw/images/Extant/Bovini/Syncerus/caffer/UM3/DSCN5710.JPG
DSCN5711.JPG,Bovini raw,Bovini raw/images/Extant/Bovini/Syncerus/caffer/UM2/DSCN5711.JPG
DSCN5712.JPG,Bovini raw,Bovini raw/images/Extant/Bovini/Syncerus/caffer/UM1/DSCN5712.JPG
DSCN5713.JPG,Bovini raw,Bovini raw/images/Extant/Bovini/Syncerus/caffer/UM3/DSCN5713.JPG
DSCN5714.JPG,Bovini raw,Bovini raw/images/Extant/Bovini/Syncerus/caffer/UM2/DSCN5714.JPG
DSCN5716.JPG,Bovini raw,Bovini raw/images/Extant/Bovini/Syncerus/caffer/UM3/DSCN5716.JPG
DSCN5717.JPG,Bovini raw,Bovini raw/images/Extant/Bovini/Syncerus/caffer/UM2/DSCN5717.JPG
DSCN5718.JPG,Bovini raw,Bovini raw/images/Extant/Bovini/Syncerus/caffer/UM1/DSCN5718.JPG
DSCN5720.JPG,Bovini raw,Bovini raw/images/Extant/Bovini/Syncerus/caffer/UM3/DSCN5720.JPG
DSCN5721.JPG,Bovini raw,Bovini raw/images/Extant/Bovini/Syncerus/caffer/UM2/DSCN5721.JPG
DSCN5722.JPG,Bovini raw,Bovini raw/images/Extant/Bovini/Syncerus/caffer/UM1/DSCN5722.JPG
DSCN5724.JPG,Bovini raw,Bovini raw/images/Extant/Bovini/Syncerus/caffer/UM3/DSCN5724.JPG
DSCN5725.JPG,Bovini raw,Bovini raw/images/Extant/Bovini/Syncerus/caffer/UM2/DSCN5725.JPG
DSCN5726.JPG,Bovini raw,Bovini raw/images/Extant/Bovini/Syncerus/caffer/UM1/DSCN5726.JPG
DSCN5728.JPG,Bovini raw,Bovini raw/images/Extant/Bovini/Syncerus/caffer/UM3/DSCN5728.JPG
DSCN5729.JPG,Bovini raw,Bovini raw/images/Extant/Bovini/Syncerus/caffer/UM2/DSCN5729.JPG
DSCN5730.JPG,Bovini raw,Bovini raw/images/Extant/Bovini/Syncerus/caffer/UM1/DSCN5730.JPG
DSCN5732.JPG,Bovini raw,Bovini raw/images/Extant/Bovini/Syncerus/caffer/UM3/DSCN5732.JPG
DSCN5733.JPG,Bovini raw,Bovini raw/images/Extant/Bovini/Syncerus/caffer/UM2/DSCN5733.JPG
DSCN5734.JPG,Bovini raw,Bovini raw/images/Extant/Bovini/Syncerus/caffer/UM1/DSCN5734.JPG
DSCN5736.JPG,Bovini raw,Bovini raw/images/Extant/Bovini/Syncerus/caffer/UM3/DSCN5736.JPG
DSCN5737L.JPG,Bovini raw,Bovini raw/images/Extant/Bovini/Syncerus/caffer/UM2/DSCN5737L.JPG
DSCN5738.JPG,Bovini raw,Bovini raw/images/Extant/Bovini/Syncerus/caffer/UM1/DSCN5738.JPG
DSCN5739.JPG,Bovini raw,Bovini raw/images/Extant/Bovini/Syncerus/caffer/UM3/DSCN5739.JPG
DSCN5741.JPG,Bovini raw,Bovini raw/images/Extant/Bovini/Syncerus/caffer/UM2/DSCN5741.JPG
DSCN5742.JPG,Bovini raw,Bovini raw/images/Extant/Bovini/Syncerus/caffer/UM1/DSCN5742.JPG
DSCN5744.JPG,Bovini raw,Bovini raw/images/Extant/Bovini/Syncerus/caffer/UM1/DSCN5744.JPG
DSCN5745.JPG,Bovini raw,Bovini raw/images/Extant/Bovini/Syncerus/caffer/LM3/DSCN5745.JPG
DSCN5746.JPG,Bovini raw,Bovini raw/images/Extant/Bovini/Syncerus/caffer/LM2/DSCN5746.JPG
DSCN5747.JPG,Bovini raw,Bovini raw/images/Extant/Bovini/Syncerus/caffer/LM1/DSCN5747.JPG
DSCN5749.JPG,Bovini raw,Bovini raw/images/Extant/Bovini/Syncerus/caffer/LM3/DSCN5749.JPG
DSCN5752.JPG,Bovini raw,Bovini raw/images/Extant/Bovini/Syncerus/caffer/LM1/DSCN5752.JPG
DSCN5753.JPG,Bovini raw,Bovini raw/images/Extant/Bovini/Syncerus/caffer/LM2/DSCN5753.JPG
DSCN5755.JPG,Bovini raw,Bovini raw/images/Extant/Bovini/Syncerus/caffer/LM3/DSCN5755.JPG
DSCN5756.JPG,Bovini raw,Bovini raw/images/Extant/Bovini/Syncerus/caffer/LM2/DSCN5756.JPG
DSCN5757.JPG,Bovini raw,Bovini raw/images/Extant/Bovini/Syncerus/caffer/LM1/DSCN5757.JPG
DSCN5759.JPG,Bovini raw,Bovini raw/images/Extant/Bovini/Syncerus/caffer/LM3/DSCN5759.JPG
DSCN5760.JPG,Bovini raw,Bovini raw/images/Extant/Bovini/Syncerus/caffer/LM2/DSCN5760.JPG
DSCN5761.JPG,Bovini raw,Bovini raw/images/Extant/Bovini/Syncerus/caffer/LM1/DSCN5761.JPG
DSCN5763.JPG,Bovini raw,Bovini raw/images/Extant/Bovini/Syncerus/caffer/LM3/DSCN5763.JPG
DSCN5764.JPG,Bovini raw,Bovini raw/images/Extant/Bovini/Syncerus/caffer/LM2/DSCN5764.JPG
DSCN5765.JPG,Bovini raw,Bovini raw/images/Extant/Bovini/Syncerus/caffer/LM1/DSCN5765.JPG
DSCN5767.JPG,Hippotragini raw,Hippotragini raw/images/Extant/Hippotragini/Hippotragus/equinus/UM3/DSCN5767.JPG
DSCN5768.JPG,Hippotragini raw,Hippotragini raw/images/Extant/Hippotragini/Hippotragus/equinus/UM2/DSCN5768.JPG
DSCN5769.JPG,Hippotragini raw,Hippotragini raw/images/Extant/Hippotragini/Hippotragus/equinus/UM1/DSCN5769.JPG
DSCN5771.JPG,Hippotragini raw,Hippotragini raw/images/Extant/Hippotragini/Hippotragus/equinus/UM3/DSCN5771.JPG
DSCN5772.JPG,Hippotragini raw,Hippotragini raw/images/Extant/Hippotragini/Hippotragus/equinus/UM2/DSCN5772.JPG
DSCN5774.JPG,Hippotragini raw,Hippotragini raw/images/Extant/Hippotragini/Hippotragus/equinus/UM3/DSCN5774.JPG
DSCN5775.JPG,Hippotragini raw,Hippotragini raw/images/Extant/Hippotragini/Hippotragus/equinus/UM2/DSCN5775.JPG
DSCN5776.JPG,Hippotragini raw,Hippotragini raw/images/Extant/Hippotragini/Hippotragus/equinus/UM1/DSCN5776.JPG
DSCN5778.JPG,Hippotragini raw,Hippotragini raw/images/Extant/Hippotragini/Hippotragus/equinus/UM3/DSCN5778.JPG
DSCN5779.JPG,Hippotragini raw,Hippotragini raw/images/Extant/Hippotragini/Hippotragus/equinus/UM2/DSCN5779.JPG
DSCN5780.JPG,Hippotragini raw,Hippotragini raw/images/Extant/Hippotragini/Hippotragus/equinus/UM1/DSCN5780.JPG
DSCN5782.JPG,Hippotragini raw,Hippotragini raw/images/Extant/Hippotragini/Hippotragus/equinus/UM3/DSCN5782.JPG
DSCN5783.JPG,Hippotragini raw,Hippotragini raw/images/Extant/Hippotragini/Hippotragus/equinus/UM1/DSCN5783.JPG
DSCN5785.JPG,Hippotragini raw,Hippotragini raw/images/Extant/Hippotragini/Hippotragus/equinus/UM3/DSCN5785.JPG
DSCN5786.JPG,Hippotragini raw,Hippotragini raw/images/Extant/Hippotragini/Hippotragus/equinus/UM2/DSCN5786.JPG
DSCN5787.JPG,Hippotragini raw,Hippotragini raw/images/Extant/Hippotragini/Hippotragus/equinus/UM1/DSCN5787.JPG
DSCN5789.JPG,Hippotragini raw,Hippotragini raw/images/Extant/Hippotragini/Hippotragus/equinus/UM3/DSCN5789.JPG
DSCN5790.JPG,Hippotragini raw,Hippotragini raw/images/Extant/Hippotragini/Hippotragus/equinus/UM2/DSCN5790.JPG
DSCN5791.JPG,Hippotragini raw,Hippotragini raw/images/Extant/Hippotragini/Hippotragus/equinus/UM1/DSCN5791.JPG
DSCN5793.JPG,Hippotragini raw,Hippotragini raw/images/Extant/Hippotragini/Hippotragus/equinus/UM3/DSCN5793.JPG
DSCN5794.JPG,Hippotragini raw,Hippotragini raw/images/Extant/Hippotragini/Hippotragus/equinus/UM2/DSCN5794.JPG
DSCN5795.JPG,Hippotragini raw,Hippotragini raw/images/Extant/Hippotragini/Hippotragus/equinus/UM1/DSCN5795.JPG
DSCN5797.JPG,Hippotragini raw,Hippotragini raw/images/Extant/Hippotragini/Hippotragus/equinus/UM3/DSCN5797.JPG
DSCN5798.JPG,Hippotragini raw,Hippotragini raw/images/Extant/Hippotragini/Hippotragus/equinus/UM2/DSCN5798.JPG
DSCN5799.JPG,Hippotragini raw,Hippotragini raw/images/Extant/Hippotragini/Hippotragus/equinus/UM1/DSCN5799.JPG
DSCN5800.JPG,Hippotragini raw,Hippotragini raw/images/Extant/Hippotragini/Hippotragus/equinus/UM3/DSCN5800.JPG
DSCN5801.JPG,Hippotragini raw,Hippotragini raw/images/Extant/Hippotragini/Hippotragus/equinus/UM2/DSCN5801.JPG
DSCN5802.JPG,Hippotragini raw,Hippotragini raw/images/Extant/Hippotragini/Hippotragus/equinus/UM1/DSCN5802.JPG
DSCN5804.JPG,Hippotragini raw,Hippotragini raw/images/Extant/Hippotragini/Hippotragus/equinus/UM3/DSCN5804.JPG
DSCN5805.JPG,Hippotragini raw,Hippotragini raw/images/Extant/Hippotragini/Hippotragus/equinus/UM2/DSCN5805.JPG
DSCN5806.JPG,Hippotragini raw,Hippotragini raw/images/Extant/Hippotragini/Hippotragus/equinus/UM1/DSCN5806.JPG
DSCN5808.JPG,Hippotragini raw,Hippotragini raw/images/Extant/Hippotragini/Hippotragus/equinus/LM3/DSCN5808.JPG
DSCN5809.JPG,Hippotragini raw,Hippotragini raw/images/Extant/Hippotragini/Hippotragus/equinus/LM2/DSCN5809.JPG
DSCN5810.JPG,Hippotragini raw,Hippotragini raw/images/Extant/Hippotragini/Hippotragus/equinus/LM1/DSCN5810.JPG
DSCN5812.JPG,Hippotragini raw,Hippotragini raw/images/Extant/Hippotragini/Hippotragus/equinus/LM3/DSCN5812.JPG
DSCN5813.JPG,Hippotragini raw,Hippotragini raw/images/Extant/Hippotragini/Hippotragus/equinus/LM2/DSCN5813.JPG
DSCN5814.JPG,Hippotragini raw,Hippotragini raw/images/Extant/Hippotragini/Hippotragus/equinus/LM1/DSCN5814.JPG
DSCN5816.JPG,Hippotragini raw,Hippotragini raw/images/Extant/Hippotragini/Hippotragus/equinus/LM3/DSCN5816.JPG
DSCN5817.JPG,Hippotragini raw,Hippotragini raw/images/Extant/Hippotragini/Hippotragus/equinus/LM2/DSCN5817.JPG
DSCN5818.JPG,Hippotragini raw,Hippotragini raw/images/Extant/Hippotragini/Hippotragus/equinus/LM1/DSCN5818.JPG
DSCN5820.JPG,Hippotragini raw,Hippotragini raw/images/Extant/Hippotragini/Hippotragus/equinus/LM3/DSCN5820.JPG
DSCN5821.JPG,Hippotragini raw,Hippotragini raw/images/Extant/Hippotragini/Hippotragus/equinus/LM2/DSCN5821.JPG
DSCN5822.JPG,Hippotragini raw,Hippotragini raw/images/Extant/Hippotragini/Hippotragus/equinus/LM1/DSCN5822.JPG
DSCN5825.JPG,Hippotragini raw,Hippotragini raw/images/Extant/Hippotragini/Hippotragus/equinus/LM3/DSCN5825.JPG
DSCN5826.JPG,Hippotragini raw,Hippotragini raw/images/Extant/Hippotragini/Hippotragus/equinus/LM2/DSCN5826.JPG
DSCN5827.JPG,Hippotragini raw,Hippotragini raw/images/Extant/Hippotragini/Hippotragus/equinus/LM1/DSCN5827.JPG
DSCN5828.JPG,Hippotragini raw,Hippotragini raw/images/Extant/Hippotragini/Hippotragus/equinus/LM3/DSCN5828.JPG
DSCN5829.JPG,Hippotragini raw,Hippotragini raw/images/Extant/Hippotragini/Hippotragus/equinus/LM2/DSCN5829.JPG
DSCN5830.JPG,Hippotragini raw,Hippotragini raw/images/Extant/Hippotragini/Hippotragus/equinus/LM1/DSCN5830.JPG
DSCN5832.JPG,Hippotragini raw,Hippotragini raw/images/Extant/Hippotragini/Hippotragus/equinus/LM3/DSCN5832.JPG
DSCN5833.JPG,Hippotragini raw,Hippotragini raw/images/Extant/Hippotragini/Hippotragus/equinus/LM2/DSCN5833.JPG
DSCN5834.JPG,Hippotragini raw,Hippotragini raw/images/Extant/Hippotragini/Hippotragus/equinus/LM1/DSCN5834.JPG
DSCN5836.JPG,Hippotragini raw,Hippotragini raw/images/Extant/Hippotragini/Hippotragus/equinus/LM3/DSCN5836.JPG
DSCN5837.JPG,Hippotragini raw,Hippotragini raw/images/Extant/Hippotragini/Hippotragus/equinus/LM2/DSCN5837.JPG
DSCN5838.JPG,Hippotragini raw,Hippotragini raw/images/Extant/Hippotragini/Hippotragus/equinus/LM1/DSCN5838.JPG
DSCN5840.JPG,Hippotragini raw,Hippotragini raw/images/Extant/Hippotragini/Hippotragus/equinus/LM3/DSCN5840.JPG
DSCN5841.JPG,Hippotragini raw,Hippotragini raw/images/Extant/Hippotragini/Hippotragus/equinus/LM2/DSCN5841.JPG
DSCN5842.JPG,Hippotragini raw,Hippotragini raw/images/Extant/Hippotragini/Hippotragus/equinus/LM3/DSCN5842.JPG
DSCN5843.JPG,Hippotragini raw,Hippotragini raw/images/Extant/Hippotragini/Hippotragus/equinus/LM2/DSCN5843.JPG
DSCN5844.JPG,Hippotragini raw,Hippotragini raw/images/Extant/Hippotragini/Hippotragus/equinus/LM1/DSCN5844.JPG
DSCN5846.JPG,Hippotragini raw,Hippotragini raw/images/Extant/Hippotragini/Hippotragus/equinus/LM3/DSCN5846.JPG
DSCN5847.JPG,Hippotragini raw,Hippotragini raw/images/Extant/Hippotragini/Hippotragus/equinus/LM2/DSCN5847.JPG
DSCN5848.JPG,Hippotragini raw,Hippotragini raw/images/Extant/Hippotragini/Hippotragus/equinus/LM1/DSCN5848.JPG
DSCN5850.JPG,Hippotragini raw,Hippotragini raw/images/Extant/Hippotragini/Hippotragus/niger/UM3/DSCN5850.JPG
DSCN5852.JPG,Hippotragini raw,Hippotragini raw/images/Extant/Hippotragini/Hippotragus/niger/UM1/DSCN5852.JPG
DSCN5853.JPG,Hippotragini raw,Hippotragini raw/images/Extant/Hippotragini/Hippotragus/niger/UM3/DSCN5853.JPG
DSCN5854.JPG,Hippotragini raw,Hippotragini raw/images/Extant/Hippotragini/Hippotragus/niger/UM2/DSCN5854.JPG
DSCN5855.JPG,Hippotragini raw,Hippotragini raw/images/Extant/Hippotragini/Hippotragus/niger/UM1/DSCN5855.JPG
DSCN5857.JPG,Hippotragini raw,Hippotragini raw/images/Extant/Hippotragini/Hippotragus/niger/UM3/DSCN5857.JPG
DSCN5858.JPG,Hippotragini raw,Hippotragini raw/images/Extant/Hippotragini/Hippotragus/niger/UM2/DSCN5858.JPG
DSCN5859.JPG,Hippotragini raw,Hippotragini raw/images/Extant/Hippotragini/Hippotragus/niger/UM1/DSCN5859.JPG
DSCN5861.JPG,Hippotragini raw,Hippotragini raw/images/Extant/Hippotragini/Hippotragus/niger/UM3/DSCN5861.JPG
DSCN5862.JPG,Hippotragini raw,Hippotragini raw/images/Extant/Hippotragini/Hippotragus/niger/UM2/DSCN5862.JPG
DSCN5863.JPG,Hippotragini raw,Hippotragini raw/images/Extant/Hippotragini/Hippotragus/niger/UM1/DSCN5863.JPG
DSCN5865.JPG,Hippotragini raw,Hippotragini raw/images/Extant/Hippotragini/Hippotragus/niger/UM3/DSCN5865.JPG
DSCN5866.JPG,Hippotragini raw,Hippotragini raw/images/Extant/Hippotragini/Hippotragus/niger/UM2/DSCN5866.JPG
DSCN5867.JPG,Hippotragini raw,Hippotragini raw/images/Extant/Hippotragini/Hippotragus/niger/UM1/DSCN5867.JPG
DSCN5869.JPG,Hippotragini raw,Hippotragini raw/images/Extant/Hippotragini/Hippotragus/niger/UM3/DSCN5869.JPG
DSCN5870.JPG,Hippotragini raw,Hippotragini raw/images/Extant/Hippotragini/Hippotragus/niger/UM2/DSCN5870.JPG
DSCN5871.JPG,Hippotragini raw,Hippotragini raw/images/Extant/Hippotragini/Hippotragus/niger/UM1/DSCN5871.JPG
DSCN5873.JPG,Hippotragini raw,Hippotragini raw/images/Extant/Hippotragini/Hippotragus/niger/UM3/DSCN5873.JPG
DSCN5874.JPG,Hippotragini raw,Hippotragini raw/images/Extant/Hippotragini/Hippotragus/niger/UM2/DSCN5874.JPG
DSCN5875.JPG,Hippotragini raw,Hippotragini raw/images/Extant/Hippotragini/Hippotragus/niger/UM1/DSCN5875.JPG
DSCN5877.JPG,Hippotragini raw,Hippotragini raw/images/Extant/Hippotragini/Hippotragus/niger/UM3/DSCN5877.JPG
DSCN5878.JPG,Hippotragini raw,Hippotragini raw/images/Extant/Hippotragini/Hippotragus/niger/UM2/DSCN5878.JPG
DSCN5879.JPG,Hippotragini raw,Hippotragini raw/images/Extant/Hippotragini/Hippotragus/niger/UM1/DSCN5879.JPG
DSCN5881.JPG,Hippotragini raw,Hippotragini raw/images/Extant/Hippotragini/Hippotragus/niger/UM3/DSCN5881.JPG
DSCN5882.JPG,Hippotragini raw,Hippotragini raw/images/Extant/Hippotragini/Hippotragus/niger/UM2/DSCN5882.JPG
DSCN5883.JPG,Hippotragini raw,Hippotragini raw/images/Extant/Hippotragini/Hippotragus/niger/UM1/DSCN5883.JPG
DSCN5885.JPG,Hippotragini raw,Hippotragini raw/images/Extant/Hippotragini/Hippotragus/niger/UM3/DSCN5885.JPG
DSCN5886.JPG,Hippotragini raw,Hippotragini raw/images/Extant/Hippotragini/Hippotragus/niger/UM2/DSCN5886.JPG
DSCN5887.JPG,Hippotragini raw,Hippotragini raw/images/Extant/Hippotragini/Hippotragus/niger/UM1/DSCN5887.JPG
DSCN5889.JPG,Hippotragini raw,Hippotragini raw/images/Extant/Hippotragini/Hippotragus/niger/UM3/DSCN5889.JPG
DSCN5890.JPG,Hippotragini raw,Hippotragini raw/images/Extant/Hippotragini/Hippotragus/niger/UM2/DSCN5890.JPG
DSCN5891.JPG,Hippotragini raw,Hippotragini raw/images/Extant/Hippotragini/Hippotragus/niger/UM1/DSCN5891.JPG
DSCN5894.JPG,Hippotragini raw,Hippotragini raw/images/Extant/Hippotragini/Hippotragus/niger/UM3/DSCN5894.JPG
DSCN5895.JPG,Hippotragini raw,Hippotragini raw/images/Extant/Hippotragini/Hippotragus/niger/UM2/DSCN5895.JPG
DSCN5896.JPG,Hippotragini raw,Hippotragini raw/images/Extant/Hippotragini/Hippotragus/niger/UM3/DSCN5896.JPG
DSCN5897.JPG,Hippotragini raw,Hippotragini raw/images/Extant/Hippotragini/Hippotragus/niger/UM2/DSCN5897.JPG
DSCN5898.JPG,Hippotragini raw,Hippotragini raw/images/Extant/Hippotragini/Hippotragus/niger/UM1/DSCN5898.JPG
DSCN5900.JPG,Hippotragini raw,Hippotragini raw/images/Extant/Hippotragini/Hippotragus/niger/UM3/DSCN5900.JPG
DSCN5901.JPG,Hippotragini raw,Hippotragini raw/images/Extant/Hippotragini/Hippotragus/niger/UM2/DSCN5901.JPG
DSCN5902.JPG,Hippotragini raw,Hippotragini raw/images/Extant/Hippotragini/Hippotragus/niger/UM1/DSCN5902.JPG
DSCN5903.JPG,Hippotragini raw,Hippotragini raw/images/Extant/Hippotragini/Hippotragus/niger/UM3/DSCN5903.JPG
DSCN5904.JPG,Hippotragini raw,Hippotragini raw/images/Extant/Hippotragini/Hippotragus/niger/UM2/DSCN5904.JPG
DSCN5905.JPG,Hippotragini raw,Hippotragini raw/images/Extant/Hippotragini/Hippotragus/niger/UM1/DSCN5905.JPG
DSCN5907.JPG,Hippotragini raw,Hippotragini raw/images/Extant/Hippotragini/Hippotragus/niger/UM3/DSCN5907.JPG
DSCN5908.JPG,Hippotragini raw,Hippotragini raw/images/Extant/Hippotragini/Hippotragus/niger/UM2/DSCN5908.JPG
DSCN5909.JPG,Hippotragini raw,Hippotragini raw/images/Extant/Hippotragini/Hippotragus/niger/UM1/DSCN5909.JPG
DSCN5911.JPG,Hippotragini raw,Hippotragini raw/images/Extant/Hippotragini/Hippotragus/niger/UM3/DSCN5911.JPG
DSCN5912.JPG,Hippotragini raw,Hippotragini raw/images/Extant/Hippotragini/Hippotragus/niger/UM2/DSCN5912.JPG
DSCN5913.JPG,Hippotragini raw,Hippotragini raw/images/Extant/Hippotragini/Hippotragus/niger/UM1/DSCN5913.JPG
DSCN5915.JPG,Hippotragini raw,Hippotragini raw/images/Extant/Hippotragini/Hippotragus/niger/UM3/DSCN5915.JPG
DSCN5916.JPG,Hippotragini raw,Hippotragini raw/images/Extant/Hippotragini/Hippotragus/niger/UM2/DSCN5916.JPG
DSCN5917.JPG,Hippotragini raw,Hippotragini raw/images/Extant/Hippotragini/Hippotragus/niger/UM1/DSCN5917.JPG
DSCN5920.JPG,Hippotragini raw,Hippotragini raw/images/Extant/Hippotragini/Hippotragus/niger/UM3/DSCN5920.JPG
DSCN5921.JPG,Hippotragini raw,Hippotragini raw/images/Extant/Hippotragini/Hippotragus/niger/UM2/DSCN5921.JPG
DSCN5922.JPG,Hippotragini raw,Hippotragini raw/images/Extant/Hippotragini/Hippotragus/niger/UM1/DSCN5922.JPG
DSCN5924.JPG,Hippotragini raw,Hippotragini raw/images/Extant/Hippotragini/Hippotragus/niger/UM3/DSCN5924.JPG
DSCN5925.JPG,Hippotragini raw,Hippotragini raw/images/Extant/Hippotragini/Hippotragus/niger/UM2/DSCN5925.JPG
DSCN5926.JPG,Hippotragini raw,Hippotragini raw/images/Extant/Hippotragini/Hippotragus/niger/UM1/DSCN5926.JPG
DSCN5927.JPG,Hippotragini raw,Hippotragini raw/images/Extant/Hippotragini/Hippotragus/niger/UM3/DSCN5927.JPG
DSCN5928.JPG,Hippotragini raw,Hippotragini raw/images/Extant/Hippotragini/Hippotragus/niger/UM2/DSCN5928.JPG
DSCN5929.JPG,Hippotragini raw,Hippotragini raw/images/Extant/Hippotragini/Hippotragus/niger/UM1/DSCN5929.JPG
DSCN5931.JPG,Hippotragini raw,Hippotragini raw/images/Extant/Hippotragini/Hippotragus/niger/UM3/DSCN5931.JPG
DSCN5932.JPG,Hippotragini raw,Hippotragini raw/images/Extant/Hippotragini/Hippotragus/niger/UM2/DSCN5932.JPG
DSCN5933.JPG,Hippotragini raw,Hippotragini raw/images/Extant/Hippotragini/Hippotragus/niger/UM1/DSCN5933.JPG
DSCN5935.JPG,Hippotragini raw,Hippotragini raw/images/Extant/Hippotragini/Hippotragus/niger/UM3/DSCN5935.JPG
DSCN5936.JPG,Hippotragini raw,Hippotragini raw/images/Extant/Hippotragini/Hippotragus/niger/UM2/DSCN5936.JPG
DSCN5937.JPG,Hippotragini raw,Hippotragini raw/images/Extant/Hippotragini/Hippotragus/niger/UM1/DSCN5937.JPG
DSCN5939.JPG,Hippotragini raw,Hippotragini raw/images/Extant/Hippotragini/Hippotragus/niger/UM3/DSCN5939.JPG
DSCN5940.JPG,Hippotragini raw,Hippotragini raw/images/Extant/Hippotragini/Hippotragus/niger/UM2/DSCN5940.JPG
DSCN5941.JPG,Hippotragini raw,Hippotragini raw/images/Extant/Hippotragini/Hippotragus/niger/UM1/DSCN5941.JPG
DSCN5969.JPG,Hippotragini raw,Hippotragini raw/images/Extant/Hippotragini/Hippotragus/niger/LM3/DSCN5969.JPG
DSCN5970.JPG,Hippotragini raw,Hippotragini raw/images/Extant/Hippotragini/Hippotragus/niger/LM2/DSCN5970.JPG
DSCN5971.JPG,Hippotragini raw,Hippotragini raw/images/Extant/Hippotragini/Hippotragus/niger/LM1/DSCN5971.JPG
DSCN5973.JPG,Hippotragini raw,Hippotragini raw/images/Extant/Hippotragini/Hippotragus/niger/LM3/DSCN5973.JPG
DSCN5974.JPG,Hippotragini raw,Hippotragini raw/images/Extant/Hippotragini/Hippotragus/niger/LM2/DSCN5974.JPG
DSCN5976.JPG,Hippotragini raw,Hippotragini raw/images/Extant/Hippotragini/Hippotragus/niger/LM3/DSCN5976.JPG
DSCN5977.JPG,Hippotragini raw,Hippotragini raw/images/Extant/Hippotragini/Hippotragus/niger/LM2/DSCN5977.JPG
DSCN5978.JPG,Hippotragini raw,Hippotragini raw/images/Extant/Hippotragini/Hippotragus/niger/LM1/DSCN5978.JPG
DSCN5980.JPG,Hippotragini raw,Hippotragini raw/images/Extant/Hippotragini/Hippotragus/niger/LM3/DSCN5980.JPG
DSCN5981.JPG,Hippotragini raw,Hippotragini raw/images/Extant/Hippotragini/Hippotragus/niger/LM2/DSCN5981.JPG
DSCN5982.JPG,Hippotragini raw,Hippotragini raw/images/Extant/Hippotragini/Hippotragus/niger/LM1/DSCN5982.JPG
DSCN5984.JPG,Hippotragini raw,Hippotragini raw/images/Extant/Hippotragini/Hippotragus/niger/LM3/DSCN5984.JPG
DSCN5985.JPG,Hippotragini raw,Hippotragini raw/images/Extant/Hippotragini/Hippotragus/niger/LM2/DSCN5985.JPG
DSCN5986.JPG,Hippotragini raw,Hippotragini raw/images/Extant/Hippotragini/Hippotragus/niger/LM1/DSCN5986.JPG
DSCN5988.JPG,Hippotragini raw,Hippotragini raw/images/Extant/Hippotragini/Hippotragus/niger/LM3/DSCN5988.JPG
DSCN5989.JPG,Hippotragini raw,Hippotragini raw/images/Extant/Hippotragini/Hippotragus/niger/LM2/DSCN5989.JPG
DSCN5990.JPG,Hippotragini raw,Hippotragini raw/images/Extant/Hippotragini/Hippotragus/niger/LM1/DSCN5990.JPG
DSCN5992.JPG,Hippotragini raw,Hippotragini raw/images/Extant/Hippotragini/Hippotragus/niger/LM3/DSCN5992.JPG
DSCN5993.JPG,Hippotragini raw,Hippotragini raw/images/Extant/Hippotragini/Hippotragus/niger/LM2/DSCN5993.JPG
DSCN5994.JPG,Hippotragini raw,Hippotragini raw/images/Extant/Hippotragini/Hippotragus/niger/LM1/DSCN5994.JPG
DSCN5997.JPG,Hippotragini raw,Hippotragini raw/images/Extant/Hippotragini/Hippotragus/niger/LM2/DSCN5997.JPG
DSCN5998.JPG,Hippotragini raw,Hippotragini raw/images/Extant/Hippotragini/Hippotragus/niger/LM1/DSCN5998.JPG
DSCN6000.JPG,Hippotragini raw,Hippotragini raw/images/Extant/Hippotragini/Hippotragus/niger/LM3/DSCN6000.JPG
DSCN6001.JPG,Hippotragini raw,Hippotragini raw/images/Extant/Hippotragini/Hippotragus/niger/LM2/DSCN6001.JPG
DSCN6003.JPG,Hippotragini raw,Hippotragini raw/images/Extant/Hippotragini/Hippotragus/niger/LM3/DSCN6003.JPG
DSCN6004.JPG,Hippotragini raw,Hippotragini raw/images/Extant/Hippotragini/Hippotragus/niger/LM2/DSCN6004.JPG
DSCN6005.JPG,Hippotragini raw,Hippotragini raw/images/Extant/Hippotragini/Hippotragus/niger/LM1/DSCN6005.JPG
DSCN6007.JPG,Hippotragini raw,Hippotragini raw/images/Extant/Hippotragini/Hippotragus/niger/LM3/DSCN6007.JPG
DSCN6008.JPG,Hippotragini raw,Hippotragini raw/images/Extant/Hippotragini/Hippotragus/niger/LM2/DSCN6008.JPG
DSCN6009.JPG,Hippotragini raw,Hippotragini raw/images/Extant/Hippotragini/Hippotragus/niger/LM1/DSCN6009.JPG
DSCN6011.JPG,Hippotragini raw,Hippotragini raw/images/Extant/Hippotragini/Hippotragus/niger/LM3/DSCN6011.JPG
DSCN6012.JPG,Hippotragini raw,Hippotragini raw/images/Extant/Hippotragini/Hippotragus/niger/LM2/DSCN6012.JPG
DSCN6014.JPG,Hippotragini raw,Hippotragini raw/images/Extant/Hippotragini/Hippotragus/niger/LM1/DSCN6014.JPG
DSCN6015.JPG,Hippotragini raw,Hippotragini raw/images/Extant/Hippotragini/Hippotragus/niger/LM3/DSCN6015.JPG
DSCN6016.JPG,Hippotragini raw,Hippotragini raw/images/Extant/Hippotragini/Hippotragus/niger/LM2/DSCN6016.JPG
DSCN6017.JPG,Hippotragini raw,Hippotragini raw/images/Extant/Hippotragini/Hippotragus/niger/LM1/DSCN6017.JPG
DSCN6019.JPG,Hippotragini raw,Hippotragini raw/images/Extant/Hippotragini/Hippotragus/niger/LM3/DSCN6019.JPG
DSCN6020.JPG,Hippotragini raw,Hippotragini raw/images/Extant/Hippotragini/Hippotragus/niger/LM2/DSCN6020.JPG
DSCN6022.JPG,Hippotragini raw,Hippotragini raw/images/Extant/Hippotragini/Hippotragus/niger/LM1/DSCN6022.JPG
DSCN6024.JPG,Hippotragini raw,Hippotragini raw/images/Extant/Hippotragini/Hippotragus/niger/LM3/DSCN6024.JPG
DSCN6025.JPG,Hippotragini raw,Hippotragini raw/images/Extant/Hippotragini/Hippotragus/niger/LM2/DSCN6025.JPG
DSCN6026.JPG,Hippotragini raw,Hippotragini raw/images/Extant/Hippotragini/Hippotragus/niger/LM1/DSCN6026.JPG
DSCN6028.JPG,Hippotragini raw,Hippotragini raw/images/Extant/Hippotragini/Hippotragus/niger/LM3/DSCN6028.JPG
DSCN6029.JPG,Hippotragini raw,Hippotragini raw/images/Extant/Hippotragini/Hippotragus/niger/LM2/DSCN6029.JPG
DSCN6030.JPG,Hippotragini raw,Hippotragini raw/images/Extant/Hippotragini/Hippotragus/niger/LM1/DSCN6030.JPG
DSCN6032.JPG,Hippotragini raw,Hippotragini raw/images/Extant/Hippotragini/Oryx/gazella/UM3/DSCN6032.JPG
DSCN6033.JPG,Hippotragini raw,Hippotragini raw/images/Extant/Hippotragini/Oryx/gazella/UM2/DSCN6033.JPG
DSCN6034.JPG,Hippotragini raw,Hippotragini raw/images/Extant/Hippotragini/Oryx/gazella/UM1/DSCN6034.JPG
DSCN6036.JPG,Hippotragini raw,Hippotragini raw/images/Extant/Hippotragini/Oryx/gazella/UM3/DSCN6036.JPG
DSCN6037.JPG,Hippotragini raw,Hippotragini raw/images/Extant/Hippotragini/Oryx/gazella/UM2/DSCN6037.JPG
DSCN6039.JPG,Hippotragini raw,Hippotragini raw/images/Extant/Hippotragini/Oryx/gazella/UM3/DSCN6039.JPG
DSCN6040.JPG,Hippotragini raw,Hippotragini raw/images/Extant/Hippotragini/Oryx/gazella/UM2/DSCN6040.JPG
DSCN6041.JPG,Hippotragini raw,Hippotragini raw/images/Extant/Hippotragini/Oryx/gazella/UM1/DSCN6041.JPG
DSCN6042.JPG,Hippotragini raw,Hippotragini raw/images/Extant/Hippotragini/Oryx/gazella/UM3/DSCN6042.JPG
DSCN6043.JPG,Hippotragini raw,Hippotragini raw/images/Extant/Hippotragini/Oryx/gazella/UM2/DSCN6043.JPG
DSCN6044.JPG,Hippotragini raw,Hippotragini raw/images/Extant/Hippotragini/Oryx/gazella/UM1/DSCN6044.JPG
DSCN6046.JPG,Hippotragini raw,Hippotragini raw/images/Extant/Hippotragini/Oryx/gazella/LM3/DSCN6046.JPG
DSCN6047.JPG,Hippotragini raw,Hippotragini raw/images/Extant/Hippotragini/Oryx/gazella/LM2/DSCN6047.JPG
DSCN6048.JPG,Hippotragini raw,Hippotragini raw/images/Extant/Hippotragini/Oryx/gazella/LM1/DSCN6048.JPG
DSCN6050.JPG,Hippotragini raw,Hippotragini raw/images/Extant/Hippotragini/Oryx/gazella/LM3/DSCN6050.JPG
DSCN6051.JPG,Hippotragini raw,Hippotragini raw/images/Extant/Hippotragini/Oryx/gazella/LM2/DSCN6051.JPG
DSCN6052.JPG,Hippotragini raw,Hippotragini raw/images/Extant/Hippotragini/Oryx/gazella/LM1/DSCN6052.JPG
DSCN6055.JPG,Hippotragini raw,Hippotragini raw/images/Extant/Hippotragini/Oryx/gazella/LM3/DSCN6055.JPG
DSCN6056.JPG,Hippotragini raw,Hippotragini raw/images/Extant/Hippotragini/Oryx/gazella/LM2/DSCN6056.JPG
DSCN6057.JPG,Hippotragini raw,Hippotragini raw/images/Extant/Hippotragini/Oryx/gazella/LM1/DSCN6057.JPG
DSCN6059.JPG,Bovini raw,Bovini raw/images/Extant/Bovini/Syncerus/caffer/LM3/DSCN6059.JPG
DSCN6060.JPG,Bovini raw,Bovini raw/images/Extant/Bovini/Syncerus/caffer/LM2/DSCN6060.JPG
DSCN6061.JPG,Bovini raw,Bovini raw/images/Extant/Bovini/Syncerus/caffer/LM1/DSCN6061.JPG
DSCN6063.JPG,Bovini raw,Bovini raw/images/Extant/Bovini/Syncerus/caffer/LM3/DSCN6063.JPG
DSCN6064.JPG,Bovini raw,Bovini raw/images/Extant/Bovini/Syncerus/caffer/LM2/DSCN6064.JPG
DSCN6065.JPG,Bovini raw,Bovini raw/images/Extant/Bovini/Syncerus/caffer/LM1/DSCN6065.JPG
DSCN6067.JPG,Bovini raw,Bovini raw/images/Extant/Bovini/Syncerus/caffer/LM3/DSCN6067.JPG
DSCN6068.JPG,Bovini raw,Bovini raw/images/Extant/Bovini/Syncerus/caffer/LM2/DSCN6068.JPG
DSCN6069.JPG,Reduncini raw,Reduncini raw/images/Extant/Reduncini/Redunca/fulvorufulva/UM2/DSCN6069.JPG
DSCN6070.JPG,Reduncini raw,Reduncini raw/images/Extant/Reduncini/Redunca/fulvorufulva/UM1/DSCN6070.JPG
DSCN6072.JPG,Reduncini raw,Reduncini raw/images/Extant/Reduncini/Redunca/fulvorufulva/UM3/DSCN6072.JPG
DSCN6073.JPG,Reduncini raw,Reduncini raw/images/Extant/Reduncini/Redunca/fulvorufulva/UM2/DSCN6073.JPG
DSCN6074.JPG,Reduncini raw,Reduncini raw/images/Extant/Reduncini/Redunca/fulvorufulva/UM1/DSCN6074.JPG
DSCN6076.JPG,Reduncini raw,Reduncini raw/images/Extant/Reduncini/Redunca/fulvorufulva/UM3/DSCN6076.JPG
DSCN6077.JPG,Reduncini raw,Reduncini raw/images/Extant/Reduncini/Redunca/fulvorufulva/UM2/DSCN6077.JPG
DSCN6078.JPG,Reduncini raw,Reduncini raw/images/Extant/Reduncini/Redunca/fulvorufulva/UM1/DSCN6078.JPG
DSCN6080.JPG,Reduncini raw,Reduncini raw/images/Extant/Reduncini/Redunca/fulvorufulva/UM3/DSCN6080.JPG
DSCN6081.JPG,Reduncini raw,Reduncini raw/images/Extant/Reduncini/Redunca/fulvorufulva/UM2/DSCN6081.JPG
DSCN6082.JPG,Reduncini raw,Reduncini raw/images/Extant/Reduncini/Redunca/fulvorufulva/UM1/DSCN6082.JPG
DSCN6084.JPG,Reduncini raw,Reduncini raw/images/Extant/Reduncini/Redunca/fulvorufulva/UM3/DSCN6084.JPG
DSCN6085.JPG,Reduncini raw,Reduncini raw/images/Extant/Reduncini/Redunca/fulvorufulva/UM2/DSCN6085.JPG
DSCN6086.JPG,Reduncini raw,Reduncini raw/images/Extant/Reduncini/Redunca/fulvorufulva/UM1/DSCN6086.JPG
DSCN6088.JPG,Reduncini raw,Reduncini raw/images/Extant/Reduncini/Redunca/fulvorufulva/UM3/DSCN6088.JPG
DSCN6089.JPG,Reduncini raw,Reduncini raw/images/Extant/Reduncini/Redunca/fulvorufulva/UM2/DSCN6089.JPG
DSCN6090.JPG,Reduncini raw,Reduncini raw/images/Extant/Reduncini/Redunca/fulvorufulva/UM1/DSCN6090.JPG
DSCN6092.JPG,Reduncini raw,Reduncini raw/images/Extant/Reduncini/Redunca/fulvorufulva/UM3/DSCN6092.JPG
DSCN6093.JPG,Reduncini raw,Reduncini raw/images/Extant/Reduncini/Redunca/fulvorufulva/UM2/DSCN6093.JPG
DSCN6094.JPG,Reduncini raw,Reduncini raw/images/Extant/Reduncini/Redunca/fulvorufulva/UM1/DSCN6094.JPG
DSCN6096.JPG,Reduncini raw,Reduncini raw/images/Extant/Reduncini/Redunca/fulvorufulva/UM3/DSCN6096.JPG
DSCN6097.JPG,Reduncini raw,Reduncini raw/images/Extant/Reduncini/Redunca/fulvorufulva/UM2/DSCN6097.JPG
DSCN6098.JPG,Reduncini raw,Reduncini raw/images/Extant/Reduncini/Redunca/fulvorufulva/UM1/DSCN6098.JPG
DSCN6100.JPG,Reduncini raw,Reduncini raw/images/Extant/Reduncini/Redunca/fulvorufulva/UM3/DSCN6100.JPG
DSCN6101.JPG,Reduncini raw,Reduncini raw/images/Extant/Reduncini/Redunca/fulvorufulva/UM2/DSCN6101.JPG
DSCN6102.JPG,Reduncini raw,Reduncini raw/images/Extant/Reduncini/Redunca/fulvorufulva/UM1/DSCN6102.JPG
DSCN6103.JPG,Reduncini raw,Reduncini raw/images/Extant/Reduncini/Redunca/fulvorufulva/UM1/DSCN6103.JPG
DSCN6105.JPG,Reduncini raw,Reduncini raw/images/Extant/Reduncini/Redunca/fulvorufulva/UM3/DSCN6105.JPG
DSCN6106.JPG,Reduncini raw,Reduncini raw/images/Extant/Reduncini/Redunca/fulvorufulva/UM2/DSCN6106.JPG
DSCN6107.JPG,Reduncini raw,Reduncini raw/images/Extant/Reduncini/Redunca/fulvorufulva/UM1/DSCN6107.JPG
DSCN6109.JPG,Reduncini raw,Reduncini raw/images/Extant/Reduncini/Redunca/fulvorufulva/UM3/DSCN6109.JPG
DSCN6110.JPG,Reduncini raw,Reduncini raw/images/Extant/Reduncini/Redunca/fulvorufulva/UM2/DSCN6110.JPG
DSCN6111.JPG,Reduncini raw,Reduncini raw/images/Extant/Reduncini/Redunca/fulvorufulva/UM1/DSCN6111.JPG
DSCN6113.JPG,Reduncini raw,Reduncini raw/images/Extant/Reduncini/Redunca/fulvorufulva/UM3/DSCN6113.JPG
DSCN6114.JPG,Reduncini raw,Reduncini raw/images/Extant/Reduncini/Redunca/fulvorufulva/UM2/DSCN6114.JPG
DSCN6115.JPG,Reduncini raw,Reduncini raw/images/Extant/Reduncini/Redunca/fulvorufulva/UM1/DSCN6115.JPG
DSCN6118.JPG,Reduncini raw,Reduncini raw/images/Extant/Reduncini/Redunca/fulvorufulva/UM3/DSCN6118.JPG
DSCN6119.JPG,Reduncini raw,Reduncini raw/images/Extant/Reduncini/Redunca/fulvorufulva/UM2/DSCN6119.JPG
DSCN6120.JPG,Reduncini raw,Reduncini raw/images/Extant/Reduncini/Redunca/fulvorufulva/UM1/DSCN6120.JPG
DSCN6123.JPG,Reduncini raw,Reduncini raw/images/Extant/Reduncini/Redunca/fulvorufulva/UM3/DSCN6123.JPG
DSCN6125.JPG,Reduncini raw,Reduncini raw/images/Extant/Reduncini/Redunca/fulvorufulva/UM2/DSCN6125.JPG
DSCN6126.JPG,Reduncini raw,Reduncini raw/images/Extant/Reduncini/Redunca/fulvorufulva/UM1/DSCN6126.JPG
DSCN6128.JPG,Reduncini raw,Reduncini raw/images/Extant/Reduncini/Redunca/fulvorufulva/UM3/DSCN6128.JPG
DSCN6129.JPG,Reduncini raw,Reduncini raw/images/Extant/Reduncini/Redunca/fulvorufulva/UM2/DSCN6129.JPG
DSCN6130.JPG,Reduncini raw,Reduncini raw/images/Extant/Reduncini/Redunca/fulvorufulva/UM1/DSCN6130.JPG
DSCN6132.JPG,Reduncini raw,Reduncini raw/images/Extant/Reduncini/Redunca/fulvorufulva/UM3/DSCN6132.JPG
DSCN6133.JPG,Reduncini raw,Reduncini raw/images/Extant/Reduncini/Redunca/fulvorufulva/UM2/DSCN6133.JPG
DSCN6135.JPG,Reduncini raw,Reduncini raw/images/Extant/Reduncini/Redunca/fulvorufulva/UM1/DSCN6135.JPG
DSCN6137.JPG,Reduncini raw,Reduncini raw/images/Extant/Reduncini/Redunca/fulvorufulva/UM3/DSCN6137.JPG
DSCN6138.JPG,Reduncini raw,Reduncini raw/images/Extant/Reduncini/Redunca/fulvorufulva/UM2/DSCN6138.JPG
DSCN6139.JPG,Reduncini raw,Reduncini raw/images/Extant/Reduncini/Redunca/fulvorufulva/UM1/DSCN6139.JPG
DSCN6141.JPG,Reduncini raw,Reduncini raw/images/Extant/Reduncini/Redunca/fulvorufulva/UM3/DSCN6141.JPG
DSCN6142.JPG,Reduncini raw,Reduncini raw/images/Extant/Reduncini/Redunca/fulvorufulva/UM2/DSCN6142.JPG
DSCN6143.JPG,Reduncini raw,Reduncini raw/images/Extant/Reduncini/Redunca/fulvorufulva/UM1/DSCN6143.JPG
DSCN6145.JPG,Reduncini raw,Reduncini raw/images/Extant/Reduncini/Redunca/fulvorufulva/UM3/DSCN6145.JPG
DSCN6146.JPG,Reduncini raw,Reduncini raw/images/Extant/Reduncini/Redunca/fulvorufulva/UM2/DSCN6146.JPG
DSCN6147.JPG,Reduncini raw,Reduncini raw/images/Extant/Reduncini/Redunca/fulvorufulva/UM1/DSCN6147.JPG
DSCN6149.JPG,Reduncini raw,Reduncini raw/images/Extant/Reduncini/Redunca/fulvorufulva/UM3/DSCN6149.JPG
DSCN6150.JPG,Reduncini raw,Reduncini raw/images/Extant/Reduncini/Redunca/fulvorufulva/UM2/DSCN6150.JPG
DSCN6151.JPG,Reduncini raw,Reduncini raw/images/Extant/Reduncini/Redunca/fulvorufulva/UM1/DSCN6151.JPG
DSCN6153.JPG,Reduncini raw,Reduncini raw/images/Extant/Reduncini/Redunca/fulvorufulva/UM3/DSCN6153.JPG
DSCN6154.JPG,Reduncini raw,Reduncini raw/images/Extant/Reduncini/Redunca/fulvorufulva/UM2/DSCN6154.JPG
DSCN6155.JPG,Reduncini raw,Reduncini raw/images/Extant/Reduncini/Redunca/fulvorufulva/UM1/DSCN6155.JPG
DSCN6157.JPG,Reduncini raw,Reduncini raw/images/Extant/Reduncini/Redunca/fulvorufulva/UM3/DSCN6157.JPG
DSCN6158.JPG,Reduncini raw,Reduncini raw/images/Extant/Reduncini/Redunca/fulvorufulva/UM2/DSCN6158.JPG
DSCN6159.JPG,Reduncini raw,Reduncini raw/images/Extant/Reduncini/Redunca/fulvorufulva/UM1/DSCN6159.JPG
DSCN6161.JPG,Reduncini raw,Reduncini raw/images/Extant/Reduncini/Redunca/fulvorufulva/UM3/DSCN6161.JPG
DSCN6162.JPG,Reduncini raw,Reduncini raw/images/Extant/Reduncini/Redunca/fulvorufulva/UM2/DSCN6162.JPG
DSCN6163.JPG,Reduncini raw,Reduncini raw/images/Extant/Reduncini/Redunca/fulvorufulva/UM1/DSCN6163.JPG
DSCN6165.JPG,Reduncini raw,Reduncini raw/images/Extant/Reduncini/Redunca/fulvorufulva/UM3/DSCN6165.JPG
DSCN6167.JPG,Reduncini raw,Reduncini raw/images/Extant/Reduncini/Redunca/fulvorufulva/UM1/DSCN6167.JPG
DSCN6169.JPG,Reduncini raw,Reduncini raw/images/Extant/Reduncini/Redunca/fulvorufulva/UM3/DSCN6169.JPG
DSCN6171.JPG,Reduncini raw,Reduncini raw/images/Extant/Reduncini/Redunca/fulvorufulva/UM1/DSCN6171.JPG
DSCN6173.JPG,Reduncini raw,Reduncini raw/images/Extant/Reduncini/Redunca/fulvorufulva/UM3/DSCN6173.JPG
DSCN6174.JPG,Reduncini raw,Reduncini raw/images/Extant/Reduncini/Redunca/fulvorufulva/UM2/DSCN6174.JPG
DSCN6177.JPG,Reduncini raw,Reduncini raw/images/Extant/Reduncini/Redunca/fulvorufulva/LM3/DSCN6177.JPG
DSCN6178.JPG,Reduncini raw,Reduncini raw/images/Extant/Reduncini/Redunca/fulvorufulva/LM2/DSCN6178.JPG
DSCN6179.JPG,Reduncini raw,Reduncini raw/images/Extant/Reduncini/Redunca/fulvorufulva/LM1/DSCN6179.JPG
DSCN6182.JPG,Reduncini raw,Reduncini raw/images/Extant/Reduncini/Redunca/fulvorufulva/LM3/DSCN6182.JPG
DSCN6183.JPG,Reduncini raw,Reduncini raw/images/Extant/Reduncini/Redunca/fulvorufulva/LM2/DSCN6183.JPG
DSCN6184.JPG,Reduncini raw,Reduncini raw/images/Extant/Reduncini/Redunca/fulvorufulva/LM1/DSCN6184.JPG
DSCN6186.JPG,Reduncini raw,Reduncini raw/images/Extant/Reduncini/Redunca/fulvorufulva/LM3/DSCN6186.JPG
DSCN6188.JPG,Reduncini raw,Reduncini raw/images/Extant/Reduncini/Redunca/fulvorufulva/LM2/DSCN6188.JPG
DSCN6189.JPG,Reduncini raw,Reduncini raw/images/Extant/Reduncini/Redunca/fulvorufulva/LM3/DSCN6189.JPG
DSCN6190.JPG,Reduncini raw,Reduncini raw/images/Extant/Reduncini/Redunca/fulvorufulva/LM2/DSCN6190.JPG
DSCN6191.JPG,Reduncini raw,Reduncini raw/images/Extant/Reduncini/Redunca/fulvorufulva/LM1/DSCN6191.JPG
DSCN6194.JPG,Reduncini raw,Reduncini raw/images/Extant/Reduncini/Redunca/fulvorufulva/LM3/DSCN6194.JPG
DSCN6195.JPG,Reduncini raw,Reduncini raw/images/Extant/Reduncini/Redunca/fulvorufulva/LM2/DSCN6195.JPG
DSCN6196.JPG,Reduncini raw,Reduncini raw/images/Extant/Reduncini/Redunca/fulvorufulva/LM1/DSCN6196.JPG
DSCN6198.JPG,Reduncini raw,Reduncini raw/images/Extant/Reduncini/Redunca/fulvorufulva/LM3/DSCN6198.JPG
DSCN6199.JPG,Reduncini raw,Reduncini raw/images/Extant/Reduncini/Redunca/fulvorufulva/LM2/DSCN6199.JPG
DSCN6200.JPG,Reduncini raw,Reduncini raw/images/Extant/Reduncini/Redunca/fulvorufulva/LM1/DSCN6200.JPG
DSCN6202.JPG,Reduncini raw,Reduncini raw/images/Extant/Reduncini/Redunca/fulvorufulva/LM3/DSCN6202.JPG
DSCN6203.JPG,Reduncini raw,Reduncini raw/images/Extant/Reduncini/Redunca/fulvorufulva/LM2/DSCN6203.JPG
DSCN6204.JPG,Reduncini raw,Reduncini raw/images/Extant/Reduncini/Redunca/fulvorufulva/LM1/DSCN6204.JPG
DSCN6206.JPG,Reduncini raw,Reduncini raw/images/Extant/Reduncini/Redunca/fulvorufulva/LM3/DSCN6206.JPG
DSCN6208.JPG,Reduncini raw,Reduncini raw/images/Extant/Reduncini/Redunca/fulvorufulva/LM2/DSCN6208.JPG
DSCN6209.JPG,Reduncini raw,Reduncini raw/images/Extant/Reduncini/Redunca/fulvorufulva/LM1/DSCN6209.JPG
DSCN6211.JPG,Reduncini raw,Reduncini raw/images/Extant/Reduncini/Redunca/fulvorufulva/LM3/DSCN6211.JPG
DSCN6212.JPG,Reduncini raw,Reduncini raw/images/Extant/Reduncini/Redunca/fulvorufulva/LM2/DSCN6212.JPG
DSCN6213.JPG,Reduncini raw,Reduncini raw/images/Extant/Reduncini/Redunca/fulvorufulva/LM1/DSCN6213.JPG
DSCN6215.JPG,Reduncini raw,Reduncini raw/images/Extant/Reduncini/Redunca/fulvorufulva/LM3/DSCN6215.JPG
DSCN6216.JPG,Reduncini raw,Reduncini raw/images/Extant/Reduncini/Redunca/fulvorufulva/LM2/DSCN6216.JPG
DSCN6217.JPG,Reduncini raw,Reduncini raw/images/Extant/Reduncini/Redunca/fulvorufulva/LM1/DSCN6217.JPG
DSCN6219L.JPG,Reduncini raw,Reduncini raw/images/Extant/Reduncini/Redunca/fulvorufulva/LM3/DSCN6219L.JPG
DSCN6221.JPG,Reduncini raw,Reduncini raw/images/Extant/Reduncini/Redunca/fulvorufulva/LM2/DSCN6221.JPG
DSCN6222.JPG,Reduncini raw,Reduncini raw/images/Extant/Reduncini/Redunca/fulvorufulva/LM1/DSCN6222.JPG
DSCN6224.JPG,Reduncini raw,Reduncini raw/images/Extant/Reduncini/Redunca/fulvorufulva/LM3/DSCN6224.JPG
DSCN6225.JPG,Reduncini raw,Reduncini raw/images/Extant/Reduncini/Redunca/fulvorufulva/LM2/DSCN6225.JPG
DSCN6226.JPG,Reduncini raw,Reduncini raw/images/Extant/Reduncini/Redunca/fulvorufulva/LM1/DSCN6226.JPG
DSCN6228.JPG,Reduncini raw,Reduncini raw/images/Extant/Reduncini/Redunca/fulvorufulva/LM3/DSCN6228.JPG
DSCN6229.JPG,Reduncini raw,Reduncini raw/images/Extant/Reduncini/Redunca/fulvorufulva/LM2/DSCN6229.JPG
DSCN6230.JPG,Reduncini raw,Reduncini raw/images/Extant/Reduncini/Redunca/fulvorufulva/LM1/DSCN6230.JPG
DSCN6232.JPG,Reduncini raw,Reduncini raw/images/Extant/Reduncini/Redunca/fulvorufulva/LM3/DSCN6232.JPG
DSCN6233.JPG,Reduncini raw,Reduncini raw/images/Extant/Reduncini/Redunca/fulvorufulva/LM2/DSCN6233.JPG
DSCN6234.JPG,Reduncini raw,Reduncini raw/images/Extant/Reduncini/Redunca/fulvorufulva/LM1/DSCN6234.JPG
DSCN6236.JPG,Reduncini raw,Reduncini raw/images/Extant/Reduncini/Redunca/fulvorufulva/LM3/DSCN6236.JPG
DSCN6237.JPG,Reduncini raw,Reduncini raw/images/Extant/Reduncini/Redunca/fulvorufulva/LM2/DSCN6237.JPG
DSCN6238.JPG,Reduncini raw,Reduncini raw/images/Extant/Reduncini/Redunca/fulvorufulva/LM1/DSCN6238.JPG
DSCN6240.JPG,Reduncini raw,Reduncini raw/images/Extant/Reduncini/Redunca/fulvorufulva/LM3/DSCN6240.JPG
DSCN6241.JPG,Reduncini raw,Reduncini raw/images/Extant/Reduncini/Redunca/fulvorufulva/LM2/DSCN6241.JPG
DSCN6242.JPG,Reduncini raw,Reduncini raw/images/Extant/Reduncini/Redunca/fulvorufulva/LM1/DSCN6242.JPG
DSCN6244.JPG,Reduncini raw,Reduncini raw/images/Extant/Reduncini/Redunca/fulvorufulva/LM3/DSCN6244.JPG
DSCN6245.JPG,Reduncini raw,Reduncini raw/images/Extant/Reduncini/Redunca/fulvorufulva/LM2/DSCN6245.JPG
DSCN6246.JPG,Reduncini raw,Reduncini raw/images/Extant/Reduncini/Redunca/fulvorufulva/LM1/DSCN6246.JPG
DSCN6252.JPG,Reduncini raw,Reduncini raw/images/Extant/Reduncini/Redunca/fulvorufulva/LM3/DSCN6252.JPG
DSCN6253.JPG,Reduncini raw,Reduncini raw/images/Extant/Reduncini/Redunca/fulvorufulva/LM2/DSCN6253.JPG
DSCN6254.JPG,Reduncini raw,Reduncini raw/images/Extant/Reduncini/Redunca/fulvorufulva/LM1/DSCN6254.JPG
DSCN6256.JPG,Reduncini raw,Reduncini raw/images/Extant/Reduncini/Redunca/fulvorufulva/LM3/DSCN6256.JPG
DSCN6257.JPG,Reduncini raw,Reduncini raw/images/Extant/Reduncini/Redunca/fulvorufulva/LM2/DSCN6257.JPG
DSCN6258.JPG,Reduncini raw,Reduncini raw/images/Extant/Reduncini/Redunca/fulvorufulva/LM1/DSCN6258.JPG
DSCN6260.JPG,Reduncini raw,Reduncini raw/images/Extant/Reduncini/Redunca/fulvorufulva/LM3/DSCN6260.JPG
DSCN6261.JPG,Reduncini raw,Reduncini raw/images/Extant/Reduncini/Redunca/fulvorufulva/LM2/DSCN6261.JPG
DSCN6262.JPG,Reduncini raw,Reduncini raw/images/Extant/Reduncini/Redunca/fulvorufulva/LM1/DSCN6262.JPG
DSCN6264.JPG,Reduncini raw,Reduncini raw/images/Extant/Reduncini/Redunca/fulvorufulva/LM3/DSCN6264.JPG
DSCN6265.JPG,Reduncini raw,Reduncini raw/images/Extant/Reduncini/Redunca/fulvorufulva/LM2/DSCN6265.JPG
DSCN6266.JPG,Reduncini raw,Reduncini raw/images/Extant/Reduncini/Redunca/fulvorufulva/LM1/DSCN6266.JPG
DSCN6268.JPG,Reduncini raw,Reduncini raw/images/Extant/Reduncini/Redunca/fulvorufulva/LM3/DSCN6268.JPG
DSCN6269.JPG,Reduncini raw,Reduncini raw/images/Extant/Reduncini/Redunca/fulvorufulva/LM2/DSCN6269.JPG
DSCN6270.JPG,Reduncini raw,Reduncini raw/images/Extant/Reduncini/Redunca/fulvorufulva/LM1/DSCN6270.JPG
DSCN6273.JPG,Reduncini raw,Reduncini raw/images/Extant/Reduncini/Redunca/fulvorufulva/LM3/DSCN6273.JPG
DSCN6274.JPG,Reduncini raw,Reduncini raw/images/Extant/Reduncini/Redunca/fulvorufulva/LM2/DSCN6274.JPG
DSCN6275.JPG,Reduncini raw,Reduncini raw/images/Extant/Reduncini/Redunca/fulvorufulva/LM1/DSCN6275.JPG
DSCN6277.JPG,Reduncini raw,Reduncini raw/images/Extant/Reduncini/Redunca/fulvorufulva/LM3/DSCN6277.JPG
DSCN6278.JPG,Reduncini raw,Reduncini raw/images/Extant/Reduncini/Redunca/fulvorufulva/LM2/DSCN6278.JPG
DSCN6279.JPG,Reduncini raw,Reduncini raw/images/Extant/Reduncini/Redunca/fulvorufulva/LM1/DSCN6279.JPG
DSCN6283.JPG,Reduncini raw,Reduncini raw/images/Extant/Reduncini/Redunca/fulvorufulva/LM1/DSCN6283.JPG
DSCN6285.JPG,Reduncini raw,Reduncini raw/images/Extant/Reduncini/Redunca/arundinum/UM3/DSCN6285.JPG
DSCN6286.JPG,Reduncini raw,Reduncini raw/images/Extant/Reduncini/Redunca/arundinum/UM2/DSCN6286.JPG
DSCN6287.JPG,Reduncini raw,Reduncini raw/images/Extant/Reduncini/Redunca/arundinum/UM1/DSCN6287.JPG
DSCN6289.JPG,Reduncini raw,Reduncini raw/images/Extant/Reduncini/Redunca/arundinum/UM3/DSCN6289.JPG
DSCN6290.JPG,Reduncini raw,Reduncini raw/images/Extant/Reduncini/Redunca/arundinum/UM2/DSCN6290.JPG
DSCN6291.JPG,Reduncini raw,Reduncini raw/images/Extant/Reduncini/Redunca/arundinum/UM1/DSCN6291.JPG
DSCN6309.JPG,Reduncini raw,Reduncini raw/images/Extant/Reduncini/Redunca/arundinum/UM3/DSCN6309.JPG
DSCN6310.JPG,Reduncini raw,Reduncini raw/images/Extant/Reduncini/Redunca/arundinum/UM2/DSCN6310.JPG
DSCN6311.JPG,Reduncini raw,Reduncini raw/images/Extant/Reduncini/Redunca/arundinum/UM1/DSCN6311.JPG
DSCN6313.JPG,Reduncini raw,Reduncini raw/images/Extant/Reduncini/Redunca/arundinum/UM3/DSCN6313.JPG
DSCN6314.JPG,Reduncini raw,Reduncini raw/images/Extant/Reduncini/Redunca/arundinum/UM2/DSCN6314.JPG
DSCN6315.JPG,Reduncini raw,Reduncini raw/images/Extant/Reduncini/Redunca/arundinum/UM1/DSCN6315.JPG
DSCN6317.JPG,Reduncini raw,Reduncini raw/images/Extant/Reduncini/Redunca/arundinum/UM3/DSCN6317.JPG
DSCN6318.JPG,Reduncini raw,Reduncini raw/images/Extant/Reduncini/Redunca/arundinum/UM2/DSCN6318.JPG
DSCN6319.JPG,Reduncini raw,Reduncini raw/images/Extant/Reduncini/Redunca/arundinum/UM1/DSCN6319.JPG
DSCN6321.JPG,Reduncini raw,Reduncini raw/images/Extant/Reduncini/Redunca/arundinum/UM3/DSCN6321.JPG
DSCN6322.JPG,Reduncini raw,Reduncini raw/images/Extant/Reduncini/Redunca/arundinum/UM2/DSCN6322.JPG
DSCN6323.JPG,Reduncini raw,Reduncini raw/images/Extant/Reduncini/Redunca/arundinum/UM1/DSCN6323.JPG
DSCN6325.JPG,Reduncini raw,Reduncini raw/images/Extant/Reduncini/Redunca/arundinum/UM3/DSCN6325.JPG
DSCN6326.JPG,Reduncini raw,Reduncini raw/images/Extant/Reduncini/Redunca/arundinum/UM2/DSCN6326.JPG
DSCN6327.JPG,Reduncini raw,Reduncini raw/images/Extant/Reduncini/Redunca/arundinum/UM1/DSCN6327.JPG
DSCN6329.JPG,Reduncini raw,Reduncini raw/images/Extant/Reduncini/Redunca/arundinum/UM3/DSCN6329.JPG
DSCN6330.JPG,Reduncini raw,Reduncini raw/images/Extant/Reduncini/Redunca/arundinum/UM2/DSCN6330.JPG
DSCN6331.JPG,Reduncini raw,Reduncini raw/images/Extant/Reduncini/Redunca/arundinum/UM1/DSCN6331.JPG
DSCN6333.JPG,Reduncini raw,Reduncini raw/images/Extant/Reduncini/Redunca/arundinum/UM3/DSCN6333.JPG
DSCN6334.JPG,Reduncini raw,Reduncini raw/images/Extant/Reduncini/Redunca/arundinum/UM2/DSCN6334.JPG
DSCN6335.JPG,Reduncini raw,Reduncini raw/images/Extant/Reduncini/Redunca/arundinum/UM1/DSCN6335.JPG
DSCN6336.JPG,Reduncini raw,Reduncini raw/images/Extant/Reduncini/Redunca/arundinum/UM3/DSCN6336.JPG
DSCN6337.JPG,Reduncini raw,Reduncini raw/images/Extant/Reduncini/Redunca/arundinum/UM2/DSCN6337.JPG
DSCN6338.JPG,Reduncini raw,Reduncini raw/images/Extant/Reduncini/Redunca/arundinum/UM1/DSCN6338.JPG
DSCN6340.JPG,Reduncini raw,Reduncini raw/images/Extant/Reduncini/Redunca/arundinum/UM3/DSCN6340.JPG
DSCN6341.JPG,Reduncini raw,Reduncini raw/images/Extant/Reduncini/Redunca/arundinum/UM2/DSCN6341.JPG
DSCN6342.JPG,Reduncini raw,Reduncini raw/images/Extant/Reduncini/Redunca/arundinum/UM1/DSCN6342.JPG
DSCN6344.JPG,Reduncini raw,Reduncini raw/images/Extant/Reduncini/Redunca/arundinum/UM3/DSCN6344.JPG
DSCN6345.JPG,Reduncini raw,Reduncini raw/images/Extant/Reduncini/Redunca/arundinum/UM2/DSCN6345.JPG
DSCN6346.JPG,Reduncini raw,Reduncini raw/images/Extant/Reduncini/Redunca/arundinum/UM1/DSCN6346.JPG
DSCN6348.JPG,Reduncini raw,Reduncini raw/images/Extant/Reduncini/Redunca/arundinum/UM3/DSCN6348.JPG
DSCN6349.JPG,Reduncini raw,Reduncini raw/images/Extant/Reduncini/Redunca/arundinum/UM1/DSCN6349.JPG
DSCN6351.JPG,Reduncini raw,Reduncini raw/images/Extant/Reduncini/Redunca/arundinum/UM3/DSCN6351.JPG
DSCN6352.JPG,Reduncini raw,Reduncini raw/images/Extant/Reduncini/Redunca/arundinum/UM2/DSCN6352.JPG
DSCN6353.JPG,Reduncini raw,Reduncini raw/images/Extant/Reduncini/Redunca/arundinum/UM1/DSCN6353.JPG
DSCN6354.JPG,Reduncini raw,Reduncini raw/images/Extant/Reduncini/Redunca/arundinum/UM3/DSCN6354.JPG
DSCN6355.JPG,Reduncini raw,Reduncini raw/images/Extant/Reduncini/Redunca/arundinum/UM2/DSCN6355.JPG
DSCN6356.JPG,Reduncini raw,Reduncini raw/images/Extant/Reduncini/Redunca/arundinum/UM1/DSCN6356.JPG
DSCN6357.JPG,Reduncini raw,Reduncini raw/images/Extant/Reduncini/Redunca/arundinum/UM3/DSCN6357.JPG
DSCN6358.JPG,Reduncini raw,Reduncini raw/images/Extant/Reduncini/Redunca/arundinum/UM2/DSCN6358.JPG
DSCN6360.JPG,Reduncini raw,Reduncini raw/images/Extant/Reduncini/Redunca/arundinum/UM3/DSCN6360.JPG
DSCN6361.JPG,Reduncini raw,Reduncini raw/images/Extant/Reduncini/Redunca/arundinum/UM2/DSCN6361.JPG
DSCN6363.JPG,Reduncini raw,Reduncini raw/images/Extant/Reduncini/Redunca/arundinum/UM3/DSCN6363.JPG
DSCN6364.JPG,Reduncini raw,Reduncini raw/images/Extant/Reduncini/Redunca/arundinum/UM2/DSCN6364.JPG
DSCN6365.JPG,Reduncini raw,Reduncini raw/images/Extant/Reduncini/Redunca/arundinum/UM1/DSCN6365.JPG
DSCN6370.JPG,Reduncini raw,Reduncini raw/images/Extant/Reduncini/Redunca/arundinum/UM1/DSCN6370.JPG
DSCN6374.JPG,Reduncini raw,Reduncini raw/images/Extant/Reduncini/Redunca/arundinum/UM1/DSCN6374.JPG
DSCN6376.JPG,Reduncini raw,Reduncini raw/images/Extant/Reduncini/Redunca/arundinum/LM3/DSCN6376.JPG
DSCN6377.JPG,Reduncini raw,Reduncini raw/images/Extant/Reduncini/Redunca/arundinum/LM2/DSCN6377.JPG
DSCN6378.JPG,Reduncini raw,Reduncini raw/images/Extant/Reduncini/Redunca/arundinum/LM1/DSCN6378.JPG
DSCN6380.JPG,Reduncini raw,Reduncini raw/images/Extant/Reduncini/Redunca/arundinum/LM3/DSCN6380.JPG
DSCN6381.JPG,Reduncini raw,Reduncini raw/images/Extant/Reduncini/Redunca/arundinum/LM2/DSCN6381.JPG
DSCN6382.JPG,Reduncini raw,Reduncini raw/images/Extant/Reduncini/Redunca/arundinum/LM1/DSCN6382.JPG
DSCN6384.JPG,Reduncini raw,Reduncini raw/images/Extant/Reduncini/Redunca/arundinum/LM3/DSCN6384.JPG
DSCN6385.JPG,Reduncini raw,Reduncini raw/images/Extant/Reduncini/Redunca/arundinum/LM2/DSCN6385.JPG
DSCN6386.JPG,Reduncini raw,Reduncini raw/images/Extant/Reduncini/Redunca/arundinum/LM1/DSCN6386.JPG
DSCN6388L.JPG,Reduncini raw,Reduncini raw/images/Extant/Reduncini/Redunca/arundinum/LM3/DSCN6388L.JPG
DSCN6389.JPG,Reduncini raw,Reduncini raw/images/Extant/Reduncini/Redunca/arundinum/LM2/DSCN6389.JPG
DSCN6390.JPG,Reduncini raw,Reduncini raw/images/Extant/Reduncini/Redunca/arundinum/LM1/DSCN6390.JPG
DSCN6391.JPG,Reduncini raw,Reduncini raw/images/Extant/Reduncini/Redunca/arundinum/LM3/DSCN6391.JPG
DSCN6392.JPG,Reduncini raw,Reduncini raw/images/Extant/Reduncini/Redunca/arundinum/LM2/DSCN6392.JPG
DSCN6393.JPG,Reduncini raw,Reduncini raw/images/Extant/Reduncini/Redunca/arundinum/LM1/DSCN6393.JPG
DSCN6395.JPG,Reduncini raw,Reduncini raw/images/Extant/Reduncini/Redunca/arundinum/LM3/DSCN6395.JPG
DSCN6396.JPG,Reduncini raw,Reduncini raw/images/Extant/Reduncini/Redunca/arundinum/LM2/DSCN6396.JPG
DSCN6397.JPG,Reduncini raw,Reduncini raw/images/Extant/Reduncini/Redunca/arundinum/LM1/DSCN6397.JPG
DSCN6401.JPG,Reduncini raw,Reduncini raw/images/Extant/Reduncini/Redunca/arundinum/LM3/DSCN6401.JPG
DSCN6402.JPG,Reduncini raw,Reduncini raw/images/Extant/Reduncini/Redunca/arundinum/LM2/DSCN6402.JPG
DSCN6403.JPG,Reduncini raw,Reduncini raw/images/Extant/Reduncini/Redunca/arundinum/LM1/DSCN6403.JPG
DSCN6405.JPG,Reduncini raw,Reduncini raw/images/Extant/Reduncini/Redunca/arundinum/LM3/DSCN6405.JPG
DSCN6406.JPG,Reduncini raw,Reduncini raw/images/Extant/Reduncini/Redunca/arundinum/LM2/DSCN6406.JPG
DSCN6407.JPG,Reduncini raw,Reduncini raw/images/Extant/Reduncini/Redunca/arundinum/LM1/DSCN6407.JPG
DSCN6409.JPG,Reduncini raw,Reduncini raw/images/Extant/Reduncini/Redunca/arundinum/LM3/DSCN6409.JPG
DSCN6410.JPG,Reduncini raw,Reduncini raw/images/Extant/Reduncini/Redunca/arundinum/LM2/DSCN6410.JPG
DSCN6411.JPG,Reduncini raw,Reduncini raw/images/Extant/Reduncini/Redunca/arundinum/LM1/DSCN6411.JPG
DSCN6413.JPG,Reduncini raw,Reduncini raw/images/Extant/Reduncini/Redunca/arundinum/LM3/DSCN6413.JPG
DSCN6414.JPG,Reduncini raw,Reduncini raw/images/Extant/Reduncini/Redunca/arundinum/LM2/DSCN6414.JPG
DSCN6415.JPG,Reduncini raw,Reduncini raw/images/Extant/Reduncini/Redunca/arundinum/LM1/DSCN6415.JPG
DSCN6417.JPG,Reduncini raw,Reduncini raw/images/Extant/Reduncini/Redunca/arundinum/LM3/DSCN6417.JPG
DSCN6418.JPG,Reduncini raw,Reduncini raw/images/Extant/Reduncini/Redunca/arundinum/LM2/DSCN6418.JPG
DSCN6419.JPG,Reduncini raw,Reduncini raw/images/Extant/Reduncini/Redunca/arundinum/LM1/DSCN6419.JPG
DSCN6421.JPG,Reduncini raw,Reduncini raw/images/Extant/Reduncini/Redunca/arundinum/LM3/DSCN6421.JPG
DSCN6422.JPG,Reduncini raw,Reduncini raw/images/Extant/Reduncini/Redunca/arundinum/LM2/DSCN6422.JPG
DSCN6423.JPG,Reduncini raw,Reduncini raw/images/Extant/Reduncini/Redunca/arundinum/LM1/DSCN6423.JPG
DSCN6425.JPG,Reduncini raw,Reduncini raw/images/Extant/Reduncini/Kobus/ellipsiprymnus/UM3/DSCN6425.JPG
DSCN6426.JPG,Reduncini raw,Reduncini raw/images/Extant/Reduncini/Kobus/ellipsiprymnus/UM2/DSCN6426.JPG
DSCN6427.JPG,Reduncini raw,Reduncini raw/images/Extant/Reduncini/Kobus/ellipsiprymnus/UM1/DSCN6427.JPG
DSCN6429.JPG,Reduncini raw,Reduncini raw/images/Extant/Reduncini/Kobus/ellipsiprymnus/UM3/DSCN6429.JPG
DSCN6431.JPG,Reduncini raw,Reduncini raw/images/Extant/Reduncini/Kobus/ellipsiprymnus/UM1/DSCN6431.JPG
DSCN6433.JPG,Reduncini raw,Reduncini raw/images/Extant/Reduncini/Kobus/ellipsiprymnus/UM3/DSCN6433.JPG
DSCN6434.JPG,Reduncini raw,Reduncini raw/images/Extant/Reduncini/Kobus/ellipsiprymnus/UM2/DSCN6434.JPG
DSCN6435.JPG,Reduncini raw,Reduncini raw/images/Extant/Reduncini/Kobus/ellipsiprymnus/UM1/DSCN6435.JPG
DSCN6437.JPG,Reduncini raw,Reduncini raw/images/Extant/Reduncini/Kobus/ellipsiprymnus/UM3/DSCN6437.JPG
DSCN6438.JPG,Reduncini raw,Reduncini raw/images/Extant/Reduncini/Kobus/ellipsiprymnus/UM2/DSCN6438.JPG
DSCN6439.JPG,Reduncini raw,Reduncini raw/images/Extant/Reduncini/Kobus/ellipsiprymnus/UM1/DSCN6439.JPG
DSCN6441.JPG,Reduncini raw,Reduncini raw/images/Extant/Reduncini/Kobus/ellipsiprymnus/UM3/DSCN6441.JPG
DSCN6442.JPG,Reduncini raw,Reduncini raw/images/Extant/Reduncini/Kobus/ellipsiprymnus/UM2/DSCN6442.JPG
DSCN6443.JPG,Reduncini raw,Reduncini raw/images/Extant/Reduncini/Kobus/ellipsiprymnus/UM1/DSCN6443.JPG
DSCN6445.JPG,Reduncini raw,Reduncini raw/images/Extant/Reduncini/Kobus/ellipsiprymnus/UM3/DSCN6445.JPG
DSCN6446.JPG,Reduncini raw,Reduncini raw/images/Extant/Reduncini/Kobus/ellipsiprymnus/UM2/DSCN6446.JPG
DSCN6447.JPG,Reduncini raw,Reduncini raw/images/Extant/Reduncini/Kobus/ellipsiprymnus/UM1/DSCN6447.JPG
DSCN6449.JPG,Reduncini raw,Reduncini raw/images/Extant/Reduncini/Kobus/ellipsiprymnus/UM3/DSCN6449.JPG
DSCN6450.JPG,Reduncini raw,Reduncini raw/images/Extant/Reduncini/Kobus/ellipsiprymnus/UM2/DSCN6450.JPG
DSCN6451.JPG,Reduncini raw,Reduncini raw/images/Extant/Reduncini/Kobus/ellipsiprymnus/UM1/DSCN6451.JPG
DSCN6453.JPG,Reduncini raw,Reduncini raw/images/Extant/Reduncini/Kobus/ellipsiprymnus/UM3/DSCN6453.JPG
DSCN6454.JPG,Reduncini raw,Reduncini raw/images/Extant/Reduncini/Kobus/ellipsiprymnus/UM2/DSCN6454.JPG
DSCN6455.JPG,Reduncini raw,Reduncini raw/images/Extant/Reduncini/Kobus/ellipsiprymnus/UM1/DSCN6455.JPG
DSCN6457.JPG,Reduncini raw,Reduncini raw/images/Extant/Reduncini/Kobus/ellipsiprymnus/UM3/DSCN6457.JPG
DSCN6458.JPG,Reduncini raw,Reduncini raw/images/Extant/Reduncini/Kobus/ellipsiprymnus/UM2/DSCN6458.JPG
DSCN6459.JPG,Reduncini raw,Reduncini raw/images/Extant/Reduncini/Kobus/ellipsiprymnus/UM1/DSCN6459.JPG
DSCN6461.JPG,Reduncini raw,Reduncini raw/images/Extant/Reduncini/Kobus/ellipsiprymnus/UM3/DSCN6461.JPG
DSCN6462.JPG,Reduncini raw,Reduncini raw/images/Extant/Reduncini/Kobus/ellipsiprymnus/UM2/DSCN6462.JPG
DSCN6463.JPG,Reduncini raw,Reduncini raw/images/Extant/Reduncini/Kobus/ellipsiprymnus/UM1/DSCN6463.JPG
DSCN6465.JPG,Reduncini raw,Reduncini raw/images/Extant/Reduncini/Kobus/ellipsiprymnus/UM3/DSCN6465.JPG
DSCN6466.JPG,Reduncini raw,Reduncini raw/images/Extant/Reduncini/Kobus/ellipsiprymnus/UM2/DSCN6466.JPG
DSCN6467.JPG,Reduncini raw,Reduncini raw/images/Extant/Reduncini/Kobus/ellipsiprymnus/UM1/DSCN6467.JPG
DSCN6468.JPG,Reduncini raw,Reduncini raw/images/Extant/Reduncini/Kobus/ellipsiprymnus/UM3/DSCN6468.JPG
DSCN6469.JPG,Reduncini raw,Reduncini raw/images/Extant/Reduncini/Kobus/ellipsiprymnus/UM2/DSCN6469.JPG
DSCN6470.JPG,Reduncini raw,Reduncini raw/images/Extant/Reduncini/Kobus/ellipsiprymnus/UM1/DSCN6470.JPG
DSCN6472.JPG,Reduncini raw,Reduncini raw/images/Extant/Reduncini/Kobus/ellipsiprymnus/UM3/DSCN6472.JPG
DSCN6473.JPG,Reduncini raw,Reduncini raw/images/Extant/Reduncini/Kobus/ellipsiprymnus/UM2/DSCN6473.JPG
DSCN6474.JPG,Reduncini raw,Reduncini raw/images/Extant/Reduncini/Kobus/ellipsiprymnus/UM1/DSCN6474.JPG
DSCN6476.JPG,Reduncini raw,Reduncini raw/images/Extant/Reduncini/Kobus/ellipsiprymnus/UM3/DSCN6476.JPG
DSCN6477.JPG,Reduncini raw,Reduncini raw/images/Extant/Reduncini/Kobus/ellipsiprymnus/UM2/DSCN6477.JPG
DSCN6478.JPG,Reduncini raw,Reduncini raw/images/Extant/Reduncini/Kobus/ellipsiprymnus/UM1/DSCN6478.JPG
DSCN6480.JPG,Reduncini raw,Reduncini raw/images/Extant/Reduncini/Kobus/ellipsiprymnus/UM3/DSCN6480.JPG
DSCN6481.JPG,Reduncini raw,Reduncini raw/images/Extant/Reduncini/Kobus/ellipsiprymnus/UM2/DSCN6481.JPG
DSCN6482.JPG,Reduncini raw,Reduncini raw/images/Extant/Reduncini/Kobus/ellipsiprymnus/UM1/DSCN6482.JPG
DSCN6483.JPG,Reduncini raw,Reduncini raw/images/Extant/Reduncini/Kobus/ellipsiprymnus/UM3/DSCN6483.JPG
DSCN6505.JPG,Reduncini raw,Reduncini raw/images/Extant/Reduncini/Kobus/ellipsiprymnus/UM3/DSCN6505.JPG
DSCN6506.JPG,Reduncini raw,Reduncini raw/images/Extant/Reduncini/Kobus/ellipsiprymnus/UM2/DSCN6506.JPG
DSCN6507.JPG,Reduncini raw,Reduncini raw/images/Extant/Reduncini/Kobus/ellipsiprymnus/UM1/DSCN6507.JPG
DSCN6509.JPG,Reduncini raw,Reduncini raw/images/Extant/Reduncini/Kobus/ellipsiprymnus/UM3/DSCN6509.JPG
DSCN6510.JPG,Reduncini raw,Reduncini raw/images/Extant/Reduncini/Kobus/ellipsiprymnus/UM2/DSCN6510.JPG
DSCN6511.JPG,Reduncini raw,Reduncini raw/images/Extant/Reduncini/Kobus/ellipsiprymnus/UM1/DSCN6511.JPG
DSCN6513.JPG,Reduncini raw,Reduncini raw/images/Extant/Reduncini/Kobus/ellipsiprymnus/UM3/DSCN6513.JPG
DSCN6514.JPG,Reduncini raw,Reduncini raw/images/Extant/Reduncini/Kobus/ellipsiprymnus/UM2/DSCN6514.JPG
DSCN6515.JPG,Reduncini raw,Reduncini raw/images/Extant/Reduncini/Kobus/ellipsiprymnus/UM1/DSCN6515.JPG
DSCN6517.JPG,Reduncini raw,Reduncini raw/images/Extant/Reduncini/Kobus/ellipsiprymnus/UM3/DSCN6517.JPG
DSCN6518.JPG,Reduncini raw,Reduncini raw/images/Extant/Reduncini/Kobus/ellipsiprymnus/UM2/DSCN6518.JPG
DSCN6519.JPG,Reduncini raw,Reduncini raw/images/Extant/Reduncini/Kobus/ellipsiprymnus/UM1/DSCN6519.JPG
DSCN6521.JPG,Reduncini raw,Reduncini raw/images/Extant/Reduncini/Kobus/ellipsiprymnus/UM3/DSCN6521.JPG
DSCN6522.JPG,Reduncini raw,Reduncini raw/images/Extant/Reduncini/Kobus/ellipsiprymnus/UM2/DSCN6522.JPG
DSCN6523.JPG,Reduncini raw,Reduncini raw/images/Extant/Reduncini/Kobus/ellipsiprymnus/UM1/DSCN6523.JPG
DSCN6524.JPG,Reduncini raw,Reduncini raw/images/Extant/Reduncini/Kobus/ellipsiprymnus/LM3/DSCN6524.JPG
DSCN6525.JPG,Reduncini raw,Reduncini raw/images/Extant/Reduncini/Kobus/ellipsiprymnus/LM2/DSCN6525.JPG
DSCN6526.JPG,Reduncini raw,Reduncini raw/images/Extant/Reduncini/Kobus/ellipsiprymnus/LM1/DSCN6526.JPG
DSCN6527.JPG,Reduncini raw,Reduncini raw/images/Extant/Reduncini/Kobus/ellipsiprymnus/LM3/DSCN6527.JPG
DSCN6528.JPG,Reduncini raw,Reduncini raw/images/Extant/Reduncini/Kobus/ellipsiprymnus/LM2/DSCN6528.JPG
DSCN6529.JPG,Reduncini raw,Reduncini raw/images/Extant/Reduncini/Kobus/ellipsiprymnus/LM1/DSCN6529.JPG
DSCN6531.JPG,Reduncini raw,Reduncini raw/images/Extant/Reduncini/Kobus/ellipsiprymnus/LM3/DSCN6531.JPG
DSCN6532.JPG,Reduncini raw,Reduncini raw/images/Extant/Reduncini/Kobus/ellipsiprymnus/LM2/DSCN6532.JPG
DSCN6533.JPG,Reduncini raw,Reduncini raw/images/Extant/Reduncini/Kobus/ellipsiprymnus/LM1/DSCN6533.JPG
DSCN6535.JPG,Reduncini raw,Reduncini raw/images/Extant/Reduncini/Kobus/ellipsiprymnus/LM3/DSCN6535.JPG
DSCN6536.JPG,Reduncini raw,Reduncini raw/images/Extant/Reduncini/Kobus/ellipsiprymnus/LM2/DSCN6536.JPG
DSCN6537.JPG,Reduncini raw,Reduncini raw/images/Extant/Reduncini/Kobus/ellipsiprymnus/LM1/DSCN6537.JPG
DSCN6539.JPG,Reduncini raw,Reduncini raw/images/Extant/Reduncini/Kobus/ellipsiprymnus/LM3/DSCN6539.JPG
DSCN6540.JPG,Reduncini raw,Reduncini raw/images/Extant/Reduncini/Kobus/ellipsiprymnus/LM2/DSCN6540.JPG
DSCN6541.JPG,Reduncini raw,Reduncini raw/images/Extant/Reduncini/Kobus/ellipsiprymnus/LM1/DSCN6541.JPG
DSCN6543.JPG,Reduncini raw,Reduncini raw/images/Extant/Reduncini/Kobus/ellipsiprymnus/LM3/DSCN6543.JPG
DSCN6544.JPG,Reduncini raw,Reduncini raw/images/Extant/Reduncini/Kobus/ellipsiprymnus/LM2/DSCN6544.JPG
DSCN6545.JPG,Reduncini raw,Reduncini raw/images/Extant/Reduncini/Kobus/ellipsiprymnus/LM1/DSCN6545.JPG
DSCN6547.JPG,Reduncini raw,Reduncini raw/images/Extant/Reduncini/Kobus/ellipsiprymnus/LM3/DSCN6547.JPG
DSCN6548.JPG,Reduncini raw,Reduncini raw/images/Extant/Reduncini/Kobus/ellipsiprymnus/LM2/DSCN6548.JPG
DSCN6549.JPG,Reduncini raw,Reduncini raw/images/Extant/Reduncini/Kobus/ellipsiprymnus/LM1/DSCN6549.JPG
DSCN6551.JPG,Reduncini raw,Reduncini raw/images/Extant/Reduncini/Kobus/ellipsiprymnus/LM3/DSCN6551.JPG
DSCN6552.JPG,Reduncini raw,Reduncini raw/images/Extant/Reduncini/Kobus/ellipsiprymnus/LM2/DSCN6552.JPG
DSCN6553.JPG,Reduncini raw,Reduncini raw/images/Extant/Reduncini/Kobus/ellipsiprymnus/LM1/DSCN6553.JPG
DSCN6555.JPG,Reduncini raw,Reduncini raw/images/Extant/Reduncini/Kobus/ellipsiprymnus/LM3/DSCN6555.JPG
DSCN6556.JPG,Reduncini raw,Reduncini raw/images/Extant/Reduncini/Kobus/ellipsiprymnus/LM2/DSCN6556.JPG
DSCN6557.JPG,Reduncini raw,Reduncini raw/images/Extant/Reduncini/Kobus/ellipsiprymnus/LM1/DSCN6557.JPG
DSCN6559.JPG,Reduncini raw,Reduncini raw/images/Extant/Reduncini/Kobus/ellipsiprymnus/LM3/DSCN6559.JPG
DSCN6560.JPG,Reduncini raw,Reduncini raw/images/Extant/Reduncini/Kobus/ellipsiprymnus/LM2/DSCN6560.JPG
DSCN6561.JPG,Reduncini raw,Reduncini raw/images/Extant/Reduncini/Kobus/ellipsiprymnus/LM1/DSCN6561.JPG
DSCN6563.JPG,Reduncini raw,Reduncini raw/images/Extant/Reduncini/Kobus/ellipsiprymnus/LM3/DSCN6563.JPG
DSCN6564.JPG,Reduncini raw,Reduncini raw/images/Extant/Reduncini/Kobus/ellipsiprymnus/LM2/DSCN6564.JPG
DSCN6565.JPG,Reduncini raw,Reduncini raw/images/Extant/Reduncini/Kobus/ellipsiprymnus/LM1/DSCN6565.JPG
DSCN6567.JPG,Reduncini raw,Reduncini raw/images/Extant/Reduncini/Kobus/ellipsiprymnus/LM3/DSCN6567.JPG
DSCN6568.JPG,Reduncini raw,Reduncini raw/images/Extant/Reduncini/Kobus/ellipsiprymnus/LM2/DSCN6568.JPG
DSCN6569.JPG,Reduncini raw,Reduncini raw/images/Extant/Reduncini/Kobus/ellipsiprymnus/LM1/DSCN6569.JPG
DSCN6571.JPG,Reduncini raw,Reduncini raw/images/Extant/Reduncini/Kobus/ellipsiprymnus/LM3/DSCN6571.JPG
DSCN6572.JPG,Reduncini raw,Reduncini raw/images/Extant/Reduncini/Kobus/ellipsiprymnus/LM2/DSCN6572.JPG
DSCN6573.JPG,Reduncini raw,Reduncini raw/images/Extant/Reduncini/Kobus/ellipsiprymnus/LM1/DSCN6573.JPG
DSCN6575.JPG,Reduncini raw,Reduncini raw/images/Extant/Reduncini/Kobus/ellipsiprymnus/UM3/DSCN6575.JPG
DSCN6576.JPG,Reduncini raw,Reduncini raw/images/Extant/Reduncini/Kobus/ellipsiprymnus/UM2/DSCN6576.JPG
DSCN6577.JPG,Reduncini raw,Reduncini raw/images/Extant/Reduncini/Kobus/ellipsiprymnus/UM1/DSCN6577.JPG
DSCN6578.JPG,Reduncini raw,Reduncini raw/images/Extant/Reduncini/Kobus/ellipsiprymnus/UM2/DSCN6578.JPG
DSCN6579.JPG,Reduncini raw,Reduncini raw/images/Extant/Reduncini/Kobus/ellipsiprymnus/UM1/DSCN6579.JPG
DSCN6581.JPG,Reduncini raw,Reduncini raw/images/Extant/Reduncini/Kobus/leche/UM3/DSCN6581.JPG
DSCN6582.JPG,Reduncini raw,Reduncini raw/images/Extant/Reduncini/Kobus/leche/UM2/DSCN6582.JPG
DSCN6583.JPG,Reduncini raw,Reduncini raw/images/Extant/Reduncini/Kobus/leche/UM1/DSCN6583.JPG
DSCN6585.JPG,Reduncini raw,Reduncini raw/images/Extant/Reduncini/Kobus/leche/UM3/DSCN6585.JPG
DSCN6586.JPG,Reduncini raw,Reduncini raw/images/Extant/Reduncini/Kobus/leche/UM2/DSCN6586.JPG
DSCN6587.JPG,Reduncini raw,Reduncini raw/images/Extant/Reduncini/Kobus/leche/UM1/DSCN6587.JPG
DSCN6589.JPG,Reduncini raw,Reduncini raw/images/Extant/Reduncini/Kobus/leche/UM3/DSCN6589.JPG
DSCN6590.JPG,Reduncini raw,Reduncini raw/images/Extant/Reduncini/Kobus/leche/UM2/DSCN6590.JPG
DSCN6591.JPG,Reduncini raw,Reduncini raw/images/Extant/Reduncini/Kobus/leche/UM1/DSCN6591.JPG
DSCN6593.JPG,Reduncini raw,Reduncini raw/images/Extant/Reduncini/Kobus/leche/UM3/DSCN6593.JPG
DSCN6594.JPG,Reduncini raw,Reduncini raw/images/Extant/Reduncini/Kobus/leche/UM2/DSCN6594.JPG
DSCN6595.JPG,Reduncini raw,Reduncini raw/images/Extant/Reduncini/Kobus/leche/UM1/DSCN6595.JPG
DSCN6597.JPG,Reduncini raw,Reduncini raw/images/Extant/Reduncini/Kobus/leche/UM3/DSCN6597.JPG
DSCN6598.JPG,Reduncini raw,Reduncini raw/images/Extant/Reduncini/Kobus/leche/UM2/DSCN6598.JPG
DSCN6599.JPG,Reduncini raw,Reduncini raw/images/Extant/Reduncini/Kobus/leche/UM1/DSCN6599.JPG
DSCN6600.JPG,Reduncini raw,Reduncini raw/images/Extant/Reduncini/Kobus/leche/UM3/DSCN6600.JPG
DSCN6601.JPG,Reduncini raw,Reduncini raw/images/Extant/Reduncini/Kobus/leche/UM2/DSCN6601.JPG
DSCN6602.JPG,Reduncini raw,Reduncini raw/images/Extant/Reduncini/Kobus/leche/UM1/DSCN6602.JPG
DSCN6604.JPG,Reduncini raw,Reduncini raw/images/Extant/Reduncini/Kobus/leche/UM3/DSCN6604.JPG
DSCN6605.JPG,Reduncini raw,Reduncini raw/images/Extant/Reduncini/Kobus/leche/UM2/DSCN6605.JPG
DSCN6606.JPG,Reduncini raw,Reduncini raw/images/Extant/Reduncini/Kobus/leche/UM1/DSCN6606.JPG
DSCN6607.JPG,Reduncini raw,Reduncini raw/images/Extant/Reduncini/Kobus/leche/UM3/DSCN6607.JPG
DSCN6608.JPG,Reduncini raw,Reduncini raw/images/Extant/Reduncini/Kobus/leche/UM2/DSCN6608.JPG
DSCN6609.JPG,Reduncini raw,Reduncini raw/images/Extant/Reduncini/Kobus/leche/UM1/DSCN6609.JPG
DSCN6611.JPG,Reduncini raw,Reduncini raw/images/Extant/Reduncini/Kobus/leche/UM3/DSCN6611.JPG
DSCN6612.JPG,Reduncini raw,Reduncini raw/images/Extant/Reduncini/Kobus/leche/UM2/DSCN6612.JPG
DSCN6613.JPG,Reduncini raw,Reduncini raw/images/Extant/Reduncini/Kobus/leche/UM1/DSCN6613.JPG
DSCN6615.JPG,Reduncini raw,Reduncini raw/images/Extant/Reduncini/Kobus/leche/UM3/DSCN6615.JPG
DSCN6616.JPG,Reduncini raw,Reduncini raw/images/Extant/Reduncini/Kobus/leche/UM2/DSCN6616.JPG
DSCN6617.JPG,Reduncini raw,Reduncini raw/images/Extant/Reduncini/Kobus/leche/UM1/DSCN6617.JPG
DSCN6619.JPG,Reduncini raw,Reduncini raw/images/Extant/Reduncini/Kobus/leche/UM3/DSCN6619.JPG
DSCN6620.JPG,Reduncini raw,Reduncini raw/images/Extant/Reduncini/Kobus/leche/UM2/DSCN6620.JPG
DSCN6621.JPG,Reduncini raw,Reduncini raw/images/Extant/Reduncini/Kobus/leche/UM1/DSCN6621.JPG
DSCN6623.JPG,Reduncini raw,Reduncini raw/images/Extant/Reduncini/Kobus/leche/UM3/DSCN6623.JPG
DSCN6624.JPG,Reduncini raw,Reduncini raw/images/Extant/Reduncini/Kobus/leche/UM2/DSCN6624.JPG
DSCN6625.JPG,Reduncini raw,Reduncini raw/images/Extant/Reduncini/Kobus/leche/UM1/DSCN6625.JPG
DSCN6627.JPG,Reduncini raw,Reduncini raw/images/Extant/Reduncini/Kobus/leche/UM3/DSCN6627.JPG
DSCN6628.JPG,Reduncini raw,Reduncini raw/images/Extant/Reduncini/Kobus/leche/UM2/DSCN6628.JPG
DSCN6629.JPG,Reduncini raw,Reduncini raw/images/Extant/Reduncini/Kobus/leche/UM1/DSCN6629.JPG
DSCN6631.JPG,Reduncini raw,Reduncini raw/images/Extant/Reduncini/Kobus/leche/UM3/DSCN6631.JPG
DSCN6632.JPG,Reduncini raw,Reduncini raw/images/Extant/Reduncini/Kobus/leche/UM2/DSCN6632.JPG
DSCN6633.JPG,Reduncini raw,Reduncini raw/images/Extant/Reduncini/Kobus/leche/UM1/DSCN6633.JPG
DSCN6635.JPG,Reduncini raw,Reduncini raw/images/Extant/Reduncini/Kobus/leche/UM3/DSCN6635.JPG
DSCN6636.JPG,Reduncini raw,Reduncini raw/images/Extant/Reduncini/Kobus/leche/UM2/DSCN6636.JPG
DSCN6637.JPG,Reduncini raw,Reduncini raw/images/Extant/Reduncini/Kobus/leche/UM1/DSCN6637.JPG
DSCN6639.JPG,Reduncini raw,Reduncini raw/images/Extant/Reduncini/Kobus/leche/UM3/DSCN6639.JPG
DSCN6640.JPG,Reduncini raw,Reduncini raw/images/Extant/Reduncini/Kobus/leche/UM2/DSCN6640.JPG
DSCN6641.JPG,Reduncini raw,Reduncini raw/images/Extant/Reduncini/Kobus/leche/UM1/DSCN6641.JPG
DSCN6642.JPG,Reduncini raw,Reduncini raw/images/Extant/Reduncini/Kobus/leche/UM3/DSCN6642.JPG
DSCN6643.JPG,Reduncini raw,Reduncini raw/images/Extant/Reduncini/Kobus/leche/UM2/DSCN6643.JPG
DSCN6644.JPG,Reduncini raw,Reduncini raw/images/Extant/Reduncini/Kobus/leche/UM1/DSCN6644.JPG
DSCN6647.JPG,Reduncini raw,Reduncini raw/images/Extant/Reduncini/Kobus/leche/UM3/DSCN6647.JPG
DSCN6648.JPG,Reduncini raw,Reduncini raw/images/Extant/Reduncini/Kobus/leche/UM2/DSCN6648.JPG
DSCN6649.JPG,Reduncini raw,Reduncini raw/images/Extant/Reduncini/Kobus/leche/UM1/DSCN6649.JPG
DSCN6650.JPG,Reduncini raw,Reduncini raw/images/Extant/Reduncini/Kobus/leche/UM3/DSCN6650.JPG
DSCN6651.JPG,Reduncini raw,Reduncini raw/images/Extant/Reduncini/Kobus/leche/UM2/DSCN6651.JPG
DSCN6652.JPG,Reduncini raw,Reduncini raw/images/Extant/Reduncini/Kobus/leche/UM1/DSCN6652.JPG
DSCN6653.JPG,Reduncini raw,Reduncini raw/images/Extant/Reduncini/Kobus/leche/UM3/DSCN6653.JPG
DSCN6654.JPG,Reduncini raw,Reduncini raw/images/Extant/Reduncini/Kobus/leche/UM2/DSCN6654.JPG
DSCN6655.JPG,Reduncini raw,Reduncini raw/images/Extant/Reduncini/Kobus/leche/UM1/DSCN6655.JPG
DSCN6657.JPG,Reduncini raw,Reduncini raw/images/Extant/Reduncini/Kobus/leche/UM3/DSCN6657.JPG
DSCN6658.JPG,Reduncini raw,Reduncini raw/images/Extant/Reduncini/Kobus/leche/UM2/DSCN6658.JPG
DSCN6659.JPG,Reduncini raw,Reduncini raw/images/Extant/Reduncini/Kobus/leche/UM1/DSCN6659.JPG
DSCN6661.JPG,Reduncini raw,Reduncini raw/images/Extant/Reduncini/Kobus/leche/UM3/DSCN6661.JPG
DSCN6662.JPG,Reduncini raw,Reduncini raw/images/Extant/Reduncini/Kobus/leche/UM2/DSCN6662.JPG
DSCN6663.JPG,Reduncini raw,Reduncini raw/images/Extant/Reduncini/Kobus/leche/UM1/DSCN6663.JPG
DSCN6665.JPG,Reduncini raw,Reduncini raw/images/Extant/Reduncini/Kobus/leche/UM3/DSCN6665.JPG
DSCN6666.JPG,Reduncini raw,Reduncini raw/images/Extant/Reduncini/Kobus/leche/UM2/DSCN6666.JPG
DSCN6667.JPG,Reduncini raw,Reduncini raw/images/Extant/Reduncini/Kobus/leche/UM1/DSCN6667.JPG
DSCN6669.JPG,Reduncini raw,Reduncini raw/images/Extant/Reduncini/Kobus/leche/LM3/DSCN6669.JPG
DSCN6670.JPG,Reduncini raw,Reduncini raw/images/Extant/Reduncini/Kobus/leche/LM2/DSCN6670.JPG
DSCN6671.JPG,Reduncini raw,Reduncini raw/images/Extant/Reduncini/Kobus/leche/LM1/DSCN6671.JPG
DSCN6673.JPG,Reduncini raw,Reduncini raw/images/Extant/Reduncini/Kobus/leche/LM3/DSCN6673.JPG
DSCN6674.JPG,Reduncini raw,Reduncini raw/images/Extant/Reduncini/Kobus/leche/LM2/DSCN6674.JPG
DSCN6675.JPG,Reduncini raw,Reduncini raw/images/Extant/Reduncini/Kobus/leche/LM1/DSCN6675.JPG
DSCN6677.JPG,Reduncini raw,Reduncini raw/images/Extant/Reduncini/Kobus/leche/LM3/DSCN6677.JPG
DSCN6678.JPG,Reduncini raw,Reduncini raw/images/Extant/Reduncini/Kobus/leche/LM2/DSCN6678.JPG
DSCN6679.JPG,Reduncini raw,Reduncini raw/images/Extant/Reduncini/Kobus/leche/LM1/DSCN6679.JPG
DSCN6681.JPG,Reduncini raw,Reduncini raw/images/Extant/Reduncini/Kobus/leche/LM3/DSCN6681.JPG
DSCN6682.JPG,Reduncini raw,Reduncini raw/images/Extant/Reduncini/Kobus/leche/LM2/DSCN6682.JPG
DSCN6684.JPG,Reduncini raw,Reduncini raw/images/Extant/Reduncini/Kobus/leche/LM3/DSCN6684.JPG
DSCN6685.JPG,Reduncini raw,Reduncini raw/images/Extant/Reduncini/Kobus/leche/LM2/DSCN6685.JPG
DSCN6686.JPG,Reduncini raw,Reduncini raw/images/Extant/Reduncini/Kobus/leche/LM1/DSCN6686.JPG
DSCN6688.JPG,Reduncini raw,Reduncini raw/images/Extant/Reduncini/Kobus/leche/LM1/DSCN6688.JPG
DSCN6689.JPG,Reduncini raw,Reduncini raw/images/Extant/Reduncini/Kobus/leche/LM3/DSCN6689.JPG
DSCN6690.JPG,Reduncini raw,Reduncini raw/images/Extant/Reduncini/Kobus/leche/LM1/DSCN6690.JPG
DSCN6692.JPG,Reduncini raw,Reduncini raw/images/Extant/Reduncini/Kobus/leche/LM3/DSCN6692.JPG
DSCN6693.JPG,Reduncini raw,Reduncini raw/images/Extant/Reduncini/Kobus/leche/LM2/DSCN6693.JPG
DSCN6694.JPG,Reduncini raw,Reduncini raw/images/Extant/Reduncini/Kobus/leche/LM1/DSCN6694.JPG
DSCN6696.JPG,Reduncini raw,Reduncini raw/images/Extant/Reduncini/Kobus/leche/LM3/DSCN6696.JPG
DSCN6697.JPG,Reduncini raw,Reduncini raw/images/Extant/Reduncini/Kobus/leche/LM2/DSCN6697.JPG
DSCN6698.JPG,Reduncini raw,Reduncini raw/images/Extant/Reduncini/Kobus/leche/LM1/DSCN6698.JPG
DSCN6700.JPG,Reduncini raw,Reduncini raw/images/Extant/Reduncini/Kobus/leche/LM3/DSCN6700.JPG
DSCN6701.JPG,Reduncini raw,Reduncini raw/images/Extant/Reduncini/Kobus/leche/LM2/DSCN6701.JPG
DSCN6702.JPG,Reduncini raw,Reduncini raw/images/Extant/Reduncini/Kobus/leche/LM1/DSCN6702.JPG
DSCN6704.JPG,Reduncini raw,Reduncini raw/images/Extant/Reduncini/Kobus/leche/LM3/DSCN6704.JPG
DSCN6705.JPG,Reduncini raw,Reduncini raw/images/Extant/Reduncini/Kobus/leche/LM2/DSCN6705.JPG
DSCN6706.JPG,Reduncini raw,Reduncini raw/images/Extant/Reduncini/Kobus/leche/LM1/DSCN6706.JPG
DSCN6708.JPG,Reduncini raw,Reduncini raw/images/Extant/Reduncini/Kobus/leche/LM3/DSCN6708.JPG
DSCN6709.JPG,Reduncini raw,Reduncini raw/images/Extant/Reduncini/Kobus/leche/LM2/DSCN6709.JPG
DSCN6710.JPG,Reduncini raw,Reduncini raw/images/Extant/Reduncini/Kobus/leche/LM1/DSCN6710.JPG
DSCN6712.JPG,Reduncini raw,Reduncini raw/images/Extant/Reduncini/Kobus/leche/LM3/DSCN6712.JPG
DSCN6713.JPG,Reduncini raw,Reduncini raw/images/Extant/Reduncini/Kobus/leche/LM2/DSCN6713.JPG
DSCN6714.JPG,Reduncini raw,Reduncini raw/images/Extant/Reduncini/Kobus/leche/LM1/DSCN6714.JPG
DSCN6716.JPG,Reduncini raw,Reduncini raw/images/Extant/Reduncini/Kobus/leche/LM3/DSCN6716.JPG
DSCN6717.JPG,Reduncini raw,Reduncini raw/images/Extant/Reduncini/Kobus/leche/LM2/DSCN6717.JPG
DSCN6718.JPG,Reduncini raw,Reduncini raw/images/Extant/Reduncini/Kobus/leche/LM1/DSCN6718.JPG
DSCN6720.JPG,Reduncini raw,Reduncini raw/images/Extant/Reduncini/Kobus/leche/LM3/DSCN6720.JPG
DSCN6721.JPG,Reduncini raw,Reduncini raw/images/Extant/Reduncini/Kobus/leche/LM2/DSCN6721.JPG
DSCN6722.JPG,Reduncini raw,Reduncini raw/images/Extant/Reduncini/Kobus/leche/LM1/DSCN6722.JPG
DSCN6723.JPG,Reduncini raw,Reduncini raw/images/Extant/Reduncini/Kobus/leche/LM3/DSCN6723.JPG
DSCN6724.JPG,Reduncini raw,Reduncini raw/images/Extant/Reduncini/Kobus/leche/LM2/DSCN6724.JPG
DSCN6725.JPG,Reduncini raw,Reduncini raw/images/Extant/Reduncini/Kobus/leche/LM1/DSCN6725.JPG
DSCN6727.JPG,Reduncini raw,Reduncini raw/images/Extant/Reduncini/Kobus/leche/LM3/DSCN6727.JPG
DSCN6728.JPG,Reduncini raw,Reduncini raw/images/Extant/Reduncini/Kobus/leche/LM2/DSCN6728.JPG
DSCN6729.JPG,Reduncini raw,Reduncini raw/images/Extant/Reduncini/Kobus/leche/LM1/DSCN6729.JPG
DSCN6731.JPG,Reduncini raw,Reduncini raw/images/Extant/Reduncini/Kobus/leche/LM3/DSCN6731.JPG
DSCN6732.JPG,Reduncini raw,Reduncini raw/images/Extant/Reduncini/Kobus/leche/LM2/DSCN6732.JPG
DSCN6733.JPG,Reduncini raw,Reduncini raw/images/Extant/Reduncini/Kobus/leche/LM1/DSCN6733.JPG
DSCN6735.JPG,Reduncini raw,Reduncini raw/images/Extant/Reduncini/Kobus/leche/LM3/DSCN6735.JPG
DSCN6736.JPG,Reduncini raw,Reduncini raw/images/Extant/Reduncini/Kobus/leche/LM2/DSCN6736.JPG
DSCN6737.JPG,Reduncini raw,Reduncini raw/images/Extant/Reduncini/Kobus/leche/LM1/DSCN6737.JPG
DSCN6739.JPG,Reduncini raw,Reduncini raw/images/Extant/Reduncini/Kobus/leche/LM3/DSCN6739.JPG
DSCN6740.JPG,Reduncini raw,Reduncini raw/images/Extant/Reduncini/Kobus/leche/LM2/DSCN6740.JPG
DSCN6741.JPG,Reduncini raw,Reduncini raw/images/Extant/Reduncini/Kobus/leche/LM1/DSCN6741.JPG
DSCN6743.JPG,Reduncini raw,Reduncini raw/images/Extant/Reduncini/Kobus/leche/LM3/DSCN6743.JPG
DSCN6744.JPG,Reduncini raw,Reduncini raw/images/Extant/Reduncini/Kobus/leche/LM2/DSCN6744.JPG
DSCN6745.JPG,Reduncini raw,Reduncini raw/images/Extant/Reduncini/Kobus/leche/LM1/DSCN6745.JPG
DSCN6747.JPG,Reduncini raw,Reduncini raw/images/Extant/Reduncini/Kobus/leche/LM3/DSCN6747.JPG
DSCN6748.JPG,Reduncini raw,Reduncini raw/images/Extant/Reduncini/Kobus/leche/LM2/DSCN6748.JPG
DSCN6749.JPG,Reduncini raw,Reduncini raw/images/Extant/Reduncini/Kobus/leche/LM1/DSCN6749.JPG
DSCN6753.JPG,Reduncini raw,Reduncini raw/images/Extant/Reduncini/Kobus/leche/LM3/DSCN6753.JPG
DSCN6755.JPG,Reduncini raw,Reduncini raw/images/Extant/Reduncini/Kobus/leche/LM2/DSCN6755.JPG
DSCN6756.JPG,Reduncini raw,Reduncini raw/images/Extant/Reduncini/Kobus/leche/LM1/DSCN6756.JPG
DSCN6758.JPG,Reduncini raw,Reduncini raw/images/Extant/Reduncini/Kobus/leche/LM3/DSCN6758.JPG
DSCN6759.JPG,Reduncini raw,Reduncini raw/images/Extant/Reduncini/Kobus/leche/LM2/DSCN6759.JPG
DSCN6760.JPG,Reduncini raw,Reduncini raw/images/Extant/Reduncini/Kobus/leche/LM1/DSCN6760.JPG
DSCN7359.JPG,Tragelaphini raw,Tragelaphini raw/images/Extant/Tragelaphini/Taurotragus/oryx/UM3/DSCN7359.JPG
DSCN7360.JPG,Tragelaphini raw,Tragelaphini raw/images/Extant/Tragelaphini/Taurotragus/oryx/UM2/DSCN7360.JPG
DSCN7361.JPG,Tragelaphini raw,Tragelaphini raw/images/Extant/Tragelaphini/Taurotragus/oryx/UM1/DSCN7361.JPG
DSCN7363.JPG,Tragelaphini raw,Tragelaphini raw/images/Extant/Tragelaphini/Taurotragus/oryx/UM3/DSCN7363.JPG
DSCN7364.JPG,Tragelaphini raw,Tragelaphini raw/images/Extant/Tragelaphini/Taurotragus/oryx/UM2/DSCN7364.JPG
DSCN7365.JPG,Tragelaphini raw,Tragelaphini raw/images/Extant/Tragelaphini/Taurotragus/oryx/UM1/DSCN7365.JPG
DSCN7367.JPG,Tragelaphini raw,Tragelaphini raw/images/Extant/Tragelaphini/Taurotragus/oryx/UM3/DSCN7367.JPG
DSCN7368.JPG,Tragelaphini raw,Tragelaphini raw/images/Extant/Tragelaphini/Taurotragus/oryx/UM2/DSCN7368.JPG
DSCN7369.JPG,Tragelaphini raw,Tragelaphini raw/images/Extant/Tragelaphini/Taurotragus/oryx/UM1/DSCN7369.JPG
DSCN7371.JPG,Tragelaphini raw,Tragelaphini raw/images/Extant/Tragelaphini/Taurotragus/oryx/UM3/DSCN7371.JPG
DSCN7372.JPG,Tragelaphini raw,Tragelaphini raw/images/Extant/Tragelaphini/Taurotragus/oryx/UM2/DSCN7372.JPG
DSCN7373.JPG,Tragelaphini raw,Tragelaphini raw/images/Extant/Tragelaphini/Taurotragus/oryx/UM1/DSCN7373.JPG
DSCN7375.JPG,Tragelaphini raw,Tragelaphini raw/images/Extant/Tragelaphini/Taurotragus/oryx/UM3/DSCN7375.JPG
DSCN7376.JPG,Tragelaphini raw,Tragelaphini raw/images/Extant/Tragelaphini/Taurotragus/oryx/UM2/DSCN7376.JPG
DSCN7377.JPG,Tragelaphini raw,Tragelaphini raw/images/Extant/Tragelaphini/Taurotragus/oryx/UM1/DSCN7377.JPG
DSCN7379.JPG,Tragelaphini raw,Tragelaphini raw/images/Extant/Tragelaphini/Taurotragus/oryx/UM3/DSCN7379.JPG
DSCN7380.JPG,Tragelaphini raw,Tragelaphini raw/images/Extant/Tragelaphini/Taurotragus/oryx/UM2/DSCN7380.JPG
DSCN7381.JPG,Tragelaphini raw,Tragelaphini raw/images/Extant/Tragelaphini/Taurotragus/oryx/UM1/DSCN7381.JPG
DSCN7384.JPG,Tragelaphini raw,Tragelaphini raw/images/Extant/Tragelaphini/Taurotragus/oryx/LM3/DSCN7384.JPG
DSCN7385.JPG,Tragelaphini raw,Tragelaphini raw/images/Extant/Tragelaphini/Taurotragus/oryx/LM2/DSCN7385.JPG
DSCN7386.JPG,Tragelaphini raw,Tragelaphini raw/images/Extant/Tragelaphini/Taurotragus/oryx/LM1/DSCN7386.JPG
DSCN7388.JPG,Tragelaphini raw,Tragelaphini raw/images/Extant/Tragelaphini/Taurotragus/oryx/LM3/DSCN7388.JPG
DSCN7389.JPG,Tragelaphini raw,Tragelaphini raw/images/Extant/Tragelaphini/Taurotragus/oryx/LM2/DSCN7389.JPG
DSCN7390.JPG,Tragelaphini raw,Tragelaphini raw/images/Extant/Tragelaphini/Taurotragus/oryx/LM1/DSCN7390.JPG
DSCN7392.JPG,Tragelaphini raw,Tragelaphini raw/images/Extant/Tragelaphini/Taurotragus/oryx/LM3/DSCN7392.JPG
DSCN7393.JPG,Tragelaphini raw,Tragelaphini raw/images/Extant/Tragelaphini/Taurotragus/oryx/LM2/DSCN7393.JPG
DSCN7394.JPG,Tragelaphini raw,Tragelaphini raw/images/Extant/Tragelaphini/Taurotragus/oryx/LM1/DSCN7394.JPG
DSCN7396.JPG,Tragelaphini raw,Tragelaphini raw/images/Extant/Tragelaphini/Taurotragus/oryx/LM3/DSCN7396.JPG
DSCN7397.JPG,Tragelaphini raw,Tragelaphini raw/images/Extant/Tragelaphini/Taurotragus/oryx/LM2/DSCN7397.JPG
DSCN7398.JPG,Tragelaphini raw,Tragelaphini raw/images/Extant/Tragelaphini/Taurotragus/oryx/LM1/DSCN7398.JPG
DSCN7400.JPG,Tragelaphini raw,Tragelaphini raw/images/Extant/Tragelaphini/Taurotragus/oryx/LM3/DSCN7400.JPG
DSCN7401.JPG,Tragelaphini raw,Tragelaphini raw/images/Extant/Tragelaphini/Taurotragus/oryx/LM2/DSCN7401.JPG
DSCN7402.JPG,Tragelaphini raw,Tragelaphini raw/images/Extant/Tragelaphini/Taurotragus/oryx/LM1/DSCN7402.JPG
DSCN7404.JPG,Tragelaphini raw,Tragelaphini raw/images/Extant/Tragelaphini/Taurotragus/oryx/LM3/DSCN7404.JPG
DSCN7405.JPG,Tragelaphini raw,Tragelaphini raw/images/Extant/Tragelaphini/Taurotragus/oryx/LM2/DSCN7405.JPG
DSCN7406.JPG,Tragelaphini raw,Tragelaphini raw/images/Extant/Tragelaphini/Taurotragus/oryx/LM1/DSCN7406.JPG
DSCN7408.JPG,Tragelaphini raw,Tragelaphini raw/images/Extant/Tragelaphini/Taurotragus/oryx/LM3/DSCN7408.JPG
DSCN7409.JPG,Tragelaphini raw,Tragelaphini raw/images/Extant/Tragelaphini/Taurotragus/oryx/LM2/DSCN7409.JPG
DSCN7410.JPG,Tragelaphini raw,Tragelaphini raw/images/Extant/Tragelaphini/Taurotragus/oryx/LM1/DSCN7410.JPG
DSCN7412.JPG,Tragelaphini raw,Tragelaphini raw/images/Extant/Tragelaphini/Taurotragus/oryx/LM3/DSCN7412.JPG
DSCN7413.JPG,Tragelaphini raw,Tragelaphini raw/images/Extant/Tragelaphini/Taurotragus/oryx/LM2/DSCN7413.JPG
DSCN7414.JPG,Tragelaphini raw,Tragelaphini raw/images/Extant/Tragelaphini/Taurotragus/oryx/LM1/DSCN7414.JPG
DSCN7416.JPG,Tragelaphini raw,Tragelaphini raw/images/Extant/Tragelaphini/Taurotragus/oryx/LM3/DSCN7416.JPG
DSCN7417.JPG,Tragelaphini raw,Tragelaphini raw/images/Extant/Tragelaphini/Taurotragus/oryx/LM2/DSCN7417.JPG
DSCN7418.JPG,Tragelaphini raw,Tragelaphini raw/images/Extant/Tragelaphini/Taurotragus/oryx/LM1/DSCN7418.JPG
DSCN7420.JPG,Tragelaphini raw,Tragelaphini raw/images/Extant/Tragelaphini/Taurotragus/oryx/LM3/DSCN7420.JPG
DSCN7421.JPG,Tragelaphini raw,Tragelaphini raw/images/Extant/Tragelaphini/Taurotragus/oryx/LM2/DSCN7421.JPG
DSCN7422.JPG,Tragelaphini raw,Tragelaphini raw/images/Extant/Tragelaphini/Taurotragus/oryx/LM1/DSCN7422.JPG
DSCN7424.JPG,Tragelaphini raw,Tragelaphini raw/images/Extant/Tragelaphini/Taurotragus/oryx/LM3/DSCN7424.JPG
DSCN7425.JPG,Tragelaphini raw,Tragelaphini raw/images/Extant/Tragelaphini/Taurotragus/oryx/LM2/DSCN7425.JPG
DSCN7426.JPG,Tragelaphini raw,Tragelaphini raw/images/Extant/Tragelaphini/Taurotragus/oryx/LM1/DSCN7426.JPG
DSC_0667.JPG,Neotragini raw,Neotragini raw/images/Extant/Neotragini/Ourebia/ourebi/UM3/DSC_0667.JPG
DSC_0668.JPG,Neotragini raw,Neotragini raw/images/Extant/Neotragini/Ourebia/ourebi/UM2/DSC_0668.JPG
DSC_0671.JPG,Neotragini raw,Neotragini raw/images/Extant/Neotragini/Ourebia/ourebi/UM1/DSC_0671.JPG
DSC_0673.JPG,Neotragini raw,Neotragini raw/images/Extant/Neotragini/Raphicerus/campestris/UM3/DSC_0673.JPG
DSC_0674.JPG,Neotragini raw,Neotragini raw/images/Extant/Neotragini/Raphicerus/campestris/UM2/DSC_0674.JPG
DSC_0676.JPG,Neotragini raw,Neotragini raw/images/Extant/Neotragini/Raphicerus/campestris/UM1/DSC_0676.JPG
DSC_0684.JPG,Neotragini raw,Neotragini raw/images/Extant/Neotragini/Raphicerus/campestris/UM3/DSC_0684.JPG
DSC_0685.JPG,Neotragini raw,Neotragini raw/images/Extant/Neotragini/Raphicerus/campestris/UM2/DSC_0685.JPG
DSC_0686.JPG,Neotragini raw,Neotragini raw/images/Extant/Neotragini/Raphicerus/campestris/UM1/DSC_0686.JPG
DSC_0688.JPG,Neotragini raw,Neotragini raw/images/Extant/Neotragini/Raphicerus/campestris/UM3/DSC_0688.JPG
DSC_0689.JPG,Neotragini raw,Neotragini raw/images/Extant/Neotragini/Raphicerus/campestris/UM2/DSC_0689.JPG
DSC_0690.JPG,Neotragini raw,Neotragini raw/images/Extant/Neotragini/Raphicerus/campestris/UM1/DSC_0690.JPG
DSC_0691.JPG,Neotragini raw,Neotragini raw/images/Extant/Neotragini/Raphicerus/campestris/UM3/DSC_0691.JPG
DSC_0692.JPG,Neotragini raw,Neotragini raw/images/Extant/Neotragini/Raphicerus/campestris/UM2/DSC_0692.JPG
DSC_0693.JPG,Neotragini raw,Neotragini raw/images/Extant/Neotragini/Raphicerus/campestris/UM1/DSC_0693.JPG
DSC_0695.JPG,Neotragini raw,Neotragini raw/images/Extant/Neotragini/Raphicerus/campestris/UM3/DSC_0695.JPG
DSC_0696.JPG,Neotragini raw,Neotragini raw/images/Extant/Neotragini/Raphicerus/campestris/UM2/DSC_0696.JPG
DSC_0697.JPG,Neotragini raw,Neotragini raw/images/Extant/Neotragini/Raphicerus/campestris/UM1/DSC_0697.JPG
DSC_0700.JPG,Neotragini raw,Neotragini raw/images/Extant/Neotragini/Raphicerus/campestris/UM1/DSC_0700.JPG
DSC_0701.JPG,Neotragini raw,Neotragini raw/images/Extant/Neotragini/Raphicerus/campestris/UM3/DSC_0701.JPG
DSC_0702.JPG,Neotragini raw,Neotragini raw/images/Extant/Neotragini/Raphicerus/campestris/UM2/DSC_0702.JPG
DSC_0703.JPG,Neotragini raw,Neotragini raw/images/Extant/Neotragini/Raphicerus/campestris/UM1/DSC_0703.JPG
DSC_0707.JPG,Neotragini raw,Neotragini raw/images/Extant/Neotragini/Raphicerus/campestris/UM3/DSC_0707.JPG
DSC_0708.JPG,Neotragini raw,Neotragini raw/images/Extant/Neotragini/Raphicerus/campestris/UM2/DSC_0708.JPG
DSC_0709.JPG,Neotragini raw,Neotragini raw/images/Extant/Neotragini/Raphicerus/campestris/UM1/DSC_0709.JPG
DSC_0714.JPG,Neotragini raw,Neotragini raw/images/Extant/Neotragini/Raphicerus/campestris/UM3/DSC_0714.JPG
DSC_0715.JPG,Neotragini raw,Neotragini raw/images/Extant/Neotragini/Raphicerus/campestris/UM2/DSC_0715.JPG
DSC_0716.JPG,Neotragini raw,Neotragini raw/images/Extant/Neotragini/Raphicerus/campestris/UM1/DSC_0716.JPG
DSC_0720.JPG,Hippotragini raw,Hippotragini raw/images/Extant/Hippotragini/Oryx/gazella/UM3/DSC_0720.JPG
DSC_0721.JPG,Hippotragini raw,Hippotragini raw/images/Extant/Hippotragini/Oryx/gazella/UM2/DSC_0721.JPG
DSC_0722.JPG,Hippotragini raw,Hippotragini raw/images/Extant/Hippotragini/Oryx/gazella/UM1/DSC_0722.JPG
DSC_0727.JPG,Hippotragini raw,Hippotragini raw/images/Extant/Hippotragini/Oryx/gazella/UM3/DSC_0727.JPG
DSC_0728.JPG,Hippotragini raw,Hippotragini raw/images/Extant/Hippotragini/Oryx/gazella/UM2/DSC_0728.JPG
DSC_0729.JPG,Hippotragini raw,Hippotragini raw/images/Extant/Hippotragini/Oryx/gazella/UM1/DSC_0729.JPG
DSC_0734.JPG,Hippotragini raw,Hippotragini raw/images/Extant/Hippotragini/Oryx/gazella/UM1/DSC_0734.JPG
DSC_0735.JPG,Hippotragini raw,Hippotragini raw/images/Extant/Hippotragini/Oryx/gazella/UM2/DSC_0735.JPG
DSC_0736.JPG,Hippotragini raw,Hippotragini raw/images/Extant/Hippotragini/Oryx/gazella/UM1/DSC_0736.JPG
DSC_0737.JPG,Hippotragini raw,Hippotragini raw/images/Extant/Hippotragini/Oryx/gazella/UM3/DSC_0737.JPG
DSC_0738.JPG,Hippotragini raw,Hippotragini raw/images/Extant/Hippotragini/Oryx/gazella/UM2/DSC_0738.JPG
DSC_0739.JPG,Hippotragini raw,Hippotragini raw/images/Extant/Hippotragini/Oryx/gazella/UM1/DSC_0739.JPG
DSC_0743.JPG,Hippotragini raw,Hippotragini raw/images/Extant/Hippotragini/Oryx/gazella/UM3/DSC_0743.JPG
DSC_0744.JPG,Hippotragini raw,Hippotragini raw/images/Extant/Hippotragini/Oryx/gazella/UM2/DSC_0744.JPG
DSC_0745.JPG,Hippotragini raw,Hippotragini raw/images/Extant/Hippotragini/Oryx/gazella/UM1/DSC_0745.JPG
DSC_0749.JPG,Hippotragini raw,Hippotragini raw/images/Extant/Hippotragini/Oryx/gazella/UM1/DSC_0749.JPG
DSC_0750.JPG,Hippotragini raw,Hippotragini raw/images/Extant/Hippotragini/Oryx/gazella/UM3/DSC_0750.JPG
DSC_0751.JPG,Hippotragini raw,Hippotragini raw/images/Extant/Hippotragini/Oryx/gazella/UM2/DSC_0751.JPG
DSC_0752.JPG,Hippotragini raw,Hippotragini raw/images/Extant/Hippotragini/Oryx/gazella/UM1/DSC_0752.JPG
DSC_0756.JPG,Hippotragini raw,Hippotragini raw/images/Extant/Hippotragini/Oryx/gazella/UM3/DSC_0756.JPG
DSC_0757.JPG,Hippotragini raw,Hippotragini raw/images/Extant/Hippotragini/Oryx/gazella/UM2/DSC_0757.JPG
DSC_0758.JPG,Hippotragini raw,Hippotragini raw/images/Extant/Hippotragini/Oryx/gazella/UM1/DSC_0758.JPG
DSC_0762.JPG,Hippotragini raw,Hippotragini raw/images/Extant/Hippotragini/Oryx/gazella/UM2/DSC_0762.JPG
DSC_0763.JPG,Hippotragini raw,Hippotragini raw/images/Extant/Hippotragini/Oryx/gazella/UM1/DSC_0763.JPG
DSC_0764.JPG,Hippotragini raw,Hippotragini raw/images/Extant/Hippotragini/Oryx/gazella/UM3/DSC_0764.JPG
DSC_0765.JPG,Hippotragini raw,Hippotragini raw/images/Extant/Hippotragini/Oryx/gazella/UM2/DSC_0765.JPG
DSC_0766.JPG,Hippotragini raw,Hippotragini raw/images/Extant/Hippotragini/Oryx/gazella/UM1/DSC_0766.JPG
DSC_0770.JPG,Hippotragini raw,Hippotragini raw/images/Extant/Hippotragini/Oryx/gazella/UM3/DSC_0770.JPG
DSC_0771.JPG,Hippotragini raw,Hippotragini raw/images/Extant/Hippotragini/Oryx/gazella/UM2/DSC_0771.JPG
DSC_0772.JPG,Hippotragini raw,Hippotragini raw/images/Extant/Hippotragini/Oryx/gazella/UM1/DSC_0772.JPG
DSC_0776.JPG,Hippotragini raw,Hippotragini raw/images/Extant/Hippotragini/Oryx/gazella/UM3/DSC_0776.JPG
DSC_0777.JPG,Hippotragini raw,Hippotragini raw/images/Extant/Hippotragini/Oryx/gazella/UM2/DSC_0777.JPG
DSC_0778.JPG,Hippotragini raw,Hippotragini raw/images/Extant/Hippotragini/Oryx/gazella/UM1/DSC_0778.JPG
DSC_0781.JPG,Hippotragini raw,Hippotragini raw/images/Extant/Hippotragini/Oryx/gazella/UM3/DSC_0781.JPG
DSC_0782.JPG,Hippotragini raw,Hippotragini raw/images/Extant/Hippotragini/Oryx/gazella/UM2/DSC_0782.JPG
DSC_0783.JPG,Hippotragini raw,Hippotragini raw/images/Extant/Hippotragini/Oryx/gazella/UM1/DSC_0783.JPG
DSC_0787.JPG,Hippotragini raw,Hippotragini raw/images/Extant/Hippotragini/Oryx/gazella/UM3/DSC_0787.JPG
DSC_0788.JPG,Hippotragini raw,Hippotragini raw/images/Extant/Hippotragini/Oryx/gazella/UM2/DSC_0788.JPG
DSC_0789.JPG,Hippotragini raw,Hippotragini raw/images/Extant/Hippotragini/Oryx/gazella/UM1/DSC_0789.JPG
DSC_0793.JPG,Hippotragini raw,Hippotragini raw/images/Extant/Hippotragini/Oryx/gazella/UM3/DSC_0793.JPG
DSC_0794.JPG,Hippotragini raw,Hippotragini raw/images/Extant/Hippotragini/Oryx/gazella/UM2/DSC_0794.JPG
DSC_0795.JPG,Hippotragini raw,Hippotragini raw/images/Extant/Hippotragini/Oryx/gazella/UM1/DSC_0795.JPG
DSC_0798.JPG,Hippotragini raw,Hippotragini raw/images/Extant/Hippotragini/Oryx/gazella/UM3/DSC_0798.JPG
DSC_0799.JPG,Hippotragini raw,Hippotragini raw/images/Extant/Hippotragini/Oryx/gazella/UM2/DSC_0799.JPG
DSC_0800.JPG,Hippotragini raw,Hippotragini raw/images/Extant/Hippotragini/Oryx/gazella/UM1/DSC_0800.JPG
DSC_0804.JPG,Hippotragini raw,Hippotragini raw/images/Extant/Hippotragini/Oryx/gazella/UM3/DSC_0804.JPG
DSC_0805.JPG,Hippotragini raw,Hippotragini raw/images/Extant/Hippotragini/Oryx/gazella/UM2/DSC_0805.JPG
DSC_0806.JPG,Hippotragini raw,Hippotragini raw/images/Extant/Hippotragini/Oryx/gazella/UM1/DSC_0806.JPG
DSC_0813.JPG,Hippotragini raw,Hippotragini raw/images/Extant/Hippotragini/Hippotragus/equinus/UM3/DSC_0813.JPG
DSC_0814.JPG,Hippotragini raw,Hippotragini raw/images/Extant/Hippotragini/Hippotragus/equinus/UM2/DSC_0814.JPG
DSC_0815.JPG,Hippotragini raw,Hippotragini raw/images/Extant/Hippotragini/Hippotragus/equinus/UM1/DSC_0815.JPG
DSC_0819.JPG,Hippotragini raw,Hippotragini raw/images/Extant/Hippotragini/Hippotragus/equinus/UM3/DSC_0819.JPG
DSC_0820.JPG,Hippotragini raw,Hippotragini raw/images/Extant/Hippotragini/Hippotragus/equinus/UM2/DSC_0820.JPG
DSC_0821.JPG,Hippotragini raw,Hippotragini raw/images/Extant/Hippotragini/Hippotragus/equinus/UM1/DSC_0821.JPG
DSC_0826.JPG,Hippotragini raw,Hippotragini raw/images/Extant/Hippotragini/Hippotragus/equinus/UM3/DSC_0826.JPG
DSC_0827.JPG,Hippotragini raw,Hippotragini raw/images/Extant/Hippotragini/Hippotragus/equinus/UM2/DSC_0827.JPG
DSC_0828.JPG,Hippotragini raw,Hippotragini raw/images/Extant/Hippotragini/Hippotragus/equinus/UM1/DSC_0828.JPG
DSC_0832.JPG,Hippotragini raw,Hippotragini raw/images/Extant/Hippotragini/Hippotragus/equinus/UM3/DSC_0832.JPG
DSC_0833.JPG,Hippotragini raw,Hippotragini raw/images/Extant/Hippotragini/Hippotragus/equinus/UM2/DSC_0833.JPG
DSC_0835.JPG,Hippotragini raw,Hippotragini raw/images/Extant/Hippotragini/Hippotragus/equinus/UM3/DSC_0835.JPG
DSC_0836.JPG,Hippotragini raw,Hippotragini raw/images/Extant/Hippotragini/Hippotragus/equinus/UM2/DSC_0836.JPG
DSC_0837.JPG,Hippotragini raw,Hippotragini raw/images/Extant/Hippotragini/Hippotragus/equinus/UM1/DSC_0837.JPG
DSC_0841.JPG,Hippotragini raw,Hippotragini raw/images/Extant/Hippotragini/Hippotragus/equinus/UM3/DSC_0841.JPG
DSC_0842.JPG,Hippotragini raw,Hippotragini raw/images/Extant/Hippotragini/Hippotragus/equinus/UM2/DSC_0842.JPG
DSC_0843.JPG,Hippotragini raw,Hippotragini raw/images/Extant/Hippotragini/Hippotragus/equinus/UM1/DSC_0843.JPG
DSC_0847.JPG,Hippotragini raw,Hippotragini raw/images/Extant/Hippotragini/Hippotragus/equinus/UM3/DSC_0847.JPG
DSC_0848.JPG,Hippotragini raw,Hippotragini raw/images/Extant/Hippotragini/Hippotragus/equinus/UM2/DSC_0848.JPG
DSC_0849.JPG,Hippotragini raw,Hippotragini raw/images/Extant/Hippotragini/Hippotragus/equinus/UM1/DSC_0849.JPG
DSC_0853.JPG,Hippotragini raw,Hippotragini raw/images/Extant/Hippotragini/Hippotragus/equinus/UM3/DSC_0853.JPG
DSC_0854.JPG,Hippotragini raw,Hippotragini raw/images/Extant/Hippotragini/Hippotragus/equinus/UM2/DSC_0854.JPG
DSC_0855.JPG,Hippotragini raw,Hippotragini raw/images/Extant/Hippotragini/Hippotragus/equinus/UM1/DSC_0855.JPG
DSC_0859.JPG,Hippotragini raw,Hippotragini raw/images/Extant/Hippotragini/Hippotragus/equinus/UM3/DSC_0859.JPG
DSC_0860.JPG,Hippotragini raw,Hippotragini raw/images/Extant/Hippotragini/Hippotragus/equinus/UM2/DSC_0860.JPG
DSC_0861.JPG,Hippotragini raw,Hippotragini raw/images/Extant/Hippotragini/Hippotragus/equinus/UM1/DSC_0861.JPG
DSC_0865.JPG,Hippotragini raw,Hippotragini raw/images/Extant/Hippotragini/Hippotragus/equinus/UM3/DSC_0865.JPG
DSC_0866.JPG,Hippotragini raw,Hippotragini raw/images/Extant/Hippotragini/Hippotragus/equinus/UM2/DSC_0866.JPG
DSC_0867.JPG,Hippotragini raw,Hippotragini raw/images/Extant/Hippotragini/Hippotragus/equinus/UM1/DSC_0867.JPG
DSC_0871.JPG,Hippotragini raw,Hippotragini raw/images/Extant/Hippotragini/Hippotragus/niger/UM3/DSC_0871.JPG
DSC_0872.JPG,Hippotragini raw,Hippotragini raw/images/Extant/Hippotragini/Hippotragus/niger/UM2/DSC_0872.JPG
DSC_0873.JPG,Hippotragini raw,Hippotragini raw/images/Extant/Hippotragini/Hippotragus/niger/UM1/DSC_0873.JPG
DSC_0877.JPG,Hippotragini raw,Hippotragini raw/images/Extant/Hippotragini/Hippotragus/niger/UM3/DSC_0877.JPG
DSC_0878.JPG,Hippotragini raw,Hippotragini raw/images/Extant/Hippotragini/Hippotragus/niger/UM2/DSC_0878.JPG
DSC_0879.JPG,Hippotragini raw,Hippotragini raw/images/Extant/Hippotragini/Hippotragus/niger/UM1/DSC_0879.JPG
DSC_0883.JPG,Hippotragini raw,Hippotragini raw/images/Extant/Hippotragini/Hippotragus/niger/UM3/DSC_0883.JPG
DSC_0884.JPG,Hippotragini raw,Hippotragini raw/images/Extant/Hippotragini/Hippotragus/niger/UM2/DSC_0884.JPG
DSC_0885.JPG,Hippotragini raw,Hippotragini raw/images/Extant/Hippotragini/Hippotragus/niger/UM1/DSC_0885.JPG
DSC_0889.JPG,Hippotragini raw,Hippotragini raw/images/Extant/Hippotragini/Hippotragus/niger/UM2/DSC_0889.JPG
DSC_0890.JPG,Hippotragini raw,Hippotragini raw/images/Extant/Hippotragini/Hippotragus/niger/UM1/DSC_0890.JPG
DSC_0891.JPG,Hippotragini raw,Hippotragini raw/images/Extant/Hippotragini/Hippotragus/niger/UM3/DSC_0891.JPG
DSC_0892.JPG,Hippotragini raw,Hippotragini raw/images/Extant/Hippotragini/Hippotragus/niger/UM2/DSC_0892.JPG
DSC_0893.JPG,Hippotragini raw,Hippotragini raw/images/Extant/Hippotragini/Hippotragus/niger/UM1/DSC_0893.JPG
DSC_0897.JPG,Hippotragini raw,Hippotragini raw/images/Extant/Hippotragini/Hippotragus/niger/UM3/DSC_0897.JPG
DSC_0898.JPG,Hippotragini raw,Hippotragini raw/images/Extant/Hippotragini/Hippotragus/niger/UM2/DSC_0898.JPG
DSC_0899.JPG,Hippotragini raw,Hippotragini raw/images/Extant/Hippotragini/Hippotragus/niger/UM1/DSC_0899.JPG
DSC_0903.JPG,Hippotragini raw,Hippotragini raw/images/Extant/Hippotragini/Hippotragus/niger/UM3/DSC_0903.JPG
DSC_0904.JPG,Hippotragini raw,Hippotragini raw/images/Extant/Hippotragini/Hippotragus/niger/UM2/DSC_0904.JPG
DSC_0905.JPG,Hippotragini raw,Hippotragini raw/images/Extant/Hippotragini/Hippotragus/niger/UM1/DSC_0905.JPG
DSC_0909.JPG,Hippotragini raw,Hippotragini raw/images/Extant/Hippotragini/Hippotragus/niger/UM3/DSC_0909.JPG
DSC_0910.JPG,Hippotragini raw,Hippotragini raw/images/Extant/Hippotragini/Hippotragus/niger/UM2/DSC_0910.JPG
DSC_0911.JPG,Hippotragini raw,Hippotragini raw/images/Extant/Hippotragini/Hippotragus/niger/UM1/DSC_0911.JPG
DSC_0914.JPG,Hippotragini raw,Hippotragini raw/images/Extant/Hippotragini/Hippotragus/niger/UM3/DSC_0914.JPG
DSC_0915.JPG,Hippotragini raw,Hippotragini raw/images/Extant/Hippotragini/Hippotragus/niger/UM2/DSC_0915.JPG
DSC_0916.JPG,Hippotragini raw,Hippotragini raw/images/Extant/Hippotragini/Hippotragus/niger/UM1/DSC_0916.JPG
DSC_0920.JPG,Hippotragini raw,Hippotragini raw/images/Extant/Hippotragini/Hippotragus/niger/UM3/DSC_0920.JPG
DSC_0921.JPG,Hippotragini raw,Hippotragini raw/images/Extant/Hippotragini/Hippotragus/niger/UM2/DSC_0921.JPG
DSC_0922.JPG,Hippotragini raw,Hippotragini raw/images/Extant/Hippotragini/Hippotragus/niger/UM1/DSC_0922.JPG
DSC_0926.JPG,Neotragini raw,Neotragini raw/images/Extant/Neotragini/Pelea/capreolus/UM3/DSC_0926.JPG
DSC_0927.JPG,Neotragini raw,Neotragini raw/images/Extant/Neotragini/Pelea/capreolus/UM2/DSC_0927.JPG
DSC_0928.JPG,Neotragini raw,Neotragini raw/images/Extant/Neotragini/Pelea/capreolus/UM1/DSC_0928.JPG
DSC_0934.JPG,Neotragini raw,Neotragini raw/images/Extant/Neotragini/Raphicerus/campestris/LM2/DSC_0934.JPG
DSC_0935.JPG,Neotragini raw,Neotragini raw/images/Extant/Neotragini/Raphicerus/campestris/LM1/DSC_0935.JPG
DSC_0936.JPG,Neotragini raw,Neotragini raw/images/Extant/Neotragini/Raphicerus/campestris/LM3/DSC_0936.JPG
DSC_0937.JPG,Neotragini raw,Neotragini raw/images/Extant/Neotragini/Raphicerus/campestris/LM2/DSC_0937.JPG
DSC_0938.JPG,Neotragini raw,Neotragini raw/images/Extant/Neotragini/Raphicerus/campestris/LM1/DSC_0938.JPG
DSC_0942.JPG,Neotragini raw,Neotragini raw/images/Extant/Neotragini/Raphicerus/campestris/LM1/DSC_0942.JPG
DSC_0943.JPG,Neotragini raw,Neotragini raw/images/Extant/Neotragini/Raphicerus/campestris/LM3/DSC_0943.JPG
DSC_0944.JPG,Neotragini raw,Neotragini raw/images/Extant/Neotragini/Raphicerus/campestris/LM2/DSC_0944.JPG
DSC_0945.JPG,Neotragini raw,Neotragini raw/images/Extant/Neotragini/Raphicerus/campestris/LM1/DSC_0945.JPG
DSC_0947.JPG,Neotragini raw,Neotragini raw/images/Extant/Neotragini/Raphicerus/campestris/LM3/DSC_0947.JPG
DSC_0949.JPG,Neotragini raw,Neotragini raw/images/Extant/Neotragini/Raphicerus/campestris/LM1/DSC_0949.JPG
DSC_0951.JPG,Neotragini raw,Neotragini raw/images/Extant/Neotragini/Raphicerus/campestris/LM3/DSC_0951.JPG
DSC_0952.JPG,Neotragini raw,Neotragini raw/images/Extant/Neotragini/Raphicerus/campestris/LM2/DSC_0952.JPG
DSC_0953.JPG,Neotragini raw,Neotragini raw/images/Extant/Neotragini/Raphicerus/campestris/LM1/DSC_0953.JPG
DSC_0955.JPG,Hippotragini raw,Hippotragini raw/images/Extant/Hippotragini/Oryx/gazella/LM3/DSC_0955.JPG
DSC_0956.JPG,Hippotragini raw,Hippotragini raw/images/Extant/Hippotragini/Oryx/gazella/LM2/DSC_0956.JPG
DSC_0957.JPG,Hippotragini raw,Hippotragini raw/images/Extant/Hippotragini/Oryx/gazella/LM1/DSC_0957.JPG
DSC_0960.JPG,Hippotragini raw,Hippotragini raw/images/Extant/Hippotragini/Oryx/gazella/LM1/DSC_0960.JPG
DSC_0961.JPG,Hippotragini raw,Hippotragini raw/images/Extant/Hippotragini/Oryx/gazella/LM3/DSC_0961.JPG
DSC_0962.JPG,Hippotragini raw,Hippotragini raw/images/Extant/Hippotragini/Oryx/gazella/LM2/DSC_0962.JPG
DSC_0963.JPG,Hippotragini raw,Hippotragini raw/images/Extant/Hippotragini/Oryx/gazella/LM1/DSC_0963.JPG
DSC_0966.JPG,Hippotragini raw,Hippotragini raw/images/Extant/Hippotragini/Oryx/gazella/LM3/DSC_0966.JPG
DSC_0967.JPG,Hippotragini raw,Hippotragini raw/images/Extant/Hippotragini/Oryx/gazella/LM2/DSC_0967.JPG
DSC_0968.JPG,Hippotragini raw,Hippotragini raw/images/Extant/Hippotragini/Oryx/gazella/LM1/DSC_0968.JPG
DSC_0971.JPG,Hippotragini raw,Hippotragini raw/images/Extant/Hippotragini/Oryx/gazella/LM2/DSC_0971.JPG
DSC_0972.JPG,Hippotragini raw,Hippotragini raw/images/Extant/Hippotragini/Oryx/gazella/LM1/DSC_0972.JPG
DSC_0973.JPG,Hippotragini raw,Hippotragini raw/images/Extant/Hippotragini/Oryx/gazella/LM1/DSC_0973.JPG
DSC_0974.JPG,Hippotragini raw,Hippotragini raw/images/Extant/Hippotragini/Oryx/gazella/LM3/DSC_0974.JPG
DSC_0975.JPG,Hippotragini raw,Hippotragini raw/images/Extant/Hippotragini/Oryx/gazella/LM2/DSC_0975.JPG
DSC_0976.JPG,Hippotragini raw,Hippotragini raw/images/Extant/Hippotragini/Oryx/gazella/LM1/DSC_0976.JPG
DSC_0979.JPG,Hippotragini raw,Hippotragini raw/images/Extant/Hippotragini/Oryx/gazella/LM3/DSC_0979.JPG
DSC_0980.JPG,Hippotragini raw,Hippotragini raw/images/Extant/Hippotragini/Oryx/gazella/LM2/DSC_0980.JPG
DSC_0981.JPG,Hippotragini raw,Hippotragini raw/images/Extant/Hippotragini/Oryx/gazella/LM1/DSC_0981.JPG
DSC_0984.JPG,Hippotragini raw,Hippotragini raw/images/Extant/Hippotragini/Oryx/gazella/LM2/DSC_0984.JPG
DSC_0985.JPG,Hippotragini raw,Hippotragini raw/images/Extant/Hippotragini/Oryx/gazella/LM1/DSC_0985.JPG
DSC_0986.JPG,Hippotragini raw,Hippotragini raw/images/Extant/Hippotragini/Oryx/gazella/LM3/DSC_0986.JPG
DSC_0987.JPG,Hippotragini raw,Hippotragini raw/images/Extant/Hippotragini/Oryx/gazella/LM2/DSC_0987.JPG
DSC_0988.JPG,Hippotragini raw,Hippotragini raw/images/Extant/Hippotragini/Oryx/gazella/LM1/DSC_0988.JPG
DSC_0991.JPG,Hippotragini raw,Hippotragini raw/images/Extant/Hippotragini/Oryx/gazella/LM3/DSC_0991.JPG
DSC_0992.JPG,Hippotragini raw,Hippotragini raw/images/Extant/Hippotragini/Oryx/gazella/LM2/DSC_0992.JPG
DSC_0993.JPG,Hippotragini raw,Hippotragini raw/images/Extant/Hippotragini/Oryx/gazella/LM1/DSC_0993.JPG
DSC_0996.JPG,Hippotragini raw,Hippotragini raw/images/Extant/Hippotragini/Oryx/gazella/LM3/DSC_0996.JPG
DSC_0997.JPG,Hippotragini raw,Hippotragini raw/images/Extant/Hippotragini/Oryx/gazella/LM2/DSC_0997.JPG
DSC_0998.JPG,Hippotragini raw,Hippotragini raw/images/Extant/Hippotragini/Oryx/gazella/LM1/DSC_0998.JPG
DSC_1001.JPG,Hippotragini raw,Hippotragini raw/images/Extant/Hippotragini/Hippotragus/equinus/LM3/DSC_1001.JPG
DSC_1002.JPG,Hippotragini raw,Hippotragini raw/images/Extant/Hippotragini/Hippotragus/equinus/LM2/DSC_1002.JPG
DSC_1003.JPG,Hippotragini raw,Hippotragini raw/images/Extant/Hippotragini/Hippotragus/equinus/LM1/DSC_1003.JPG
DSC_1006.JPG,Hippotragini raw,Hippotragini raw/images/Extant/Hippotragini/Hippotragus/equinus/LM3/DSC_1006.JPG
DSC_1007.JPG,Hippotragini raw,Hippotragini raw/images/Extant/Hippotragini/Hippotragus/equinus/LM2/DSC_1007.JPG
DSC_1008.JPG,Hippotragini raw,Hippotragini raw/images/Extant/Hippotragini/Hippotragus/equinus/LM1/DSC_1008.JPG
DSC_1011.JPG,Hippotragini raw,Hippotragini raw/images/Extant/Hippotragini/Hippotragus/equinus/LM3/DSC_1011.JPG
DSC_1012.JPG,Hippotragini raw,Hippotragini raw/images/Extant/Hippotragini/Hippotragus/equinus/LM2/DSC_1012.JPG
DSC_1013.JPG,Hippotragini raw,Hippotragini raw/images/Extant/Hippotragini/Hippotragus/equinus/LM1/DSC_1013.JPG
DSC_1016.JPG,Hippotragini raw,Hippotragini raw/images/Extant/Hippotragini/Hippotragus/equinus/LM3/DSC_1016.JPG
DSC_1017.JPG,Hippotragini raw,Hippotragini raw/images/Extant/Hippotragini/Hippotragus/equinus/LM2/DSC_1017.JPG
DSC_1018.JPG,Hippotragini raw,Hippotragini raw/images/Extant/Hippotragini/Hippotragus/equinus/LM1/DSC_1018.JPG
DSC_1021.JPG,Hippotragini raw,Hippotragini raw/images/Extant/Hippotragini/Hippotragus/equinus/LM3/DSC_1021.JPG
DSC_1022.JPG,Hippotragini raw,Hippotragini raw/images/Extant/Hippotragini/Hippotragus/equinus/LM2/DSC_1022.JPG
DSC_1023.JPG,Hippotragini raw,Hippotragini raw/images/Extant/Hippotragini/Hippotragus/equinus/LM1/DSC_1023.JPG
DSC_1026.JPG,Hippotragini raw,Hippotragini raw/images/Extant/Hippotragini/Hippotragus/equinus/LM3/DSC_1026.JPG
DSC_1027.JPG,Hippotragini raw,Hippotragini raw/images/Extant/Hippotragini/Hippotragus/equinus/LM2/DSC_1027.JPG
DSC_1028.JPG,Hippotragini raw,Hippotragini raw/images/Extant/Hippotragini/Hippotragus/equinus/LM1/DSC_1028.JPG
DSC_1031.JPG,Hippotragini raw,Hippotragini raw/images/Extant/Hippotragini/Hippotragus/niger/LM3/DSC_1031.JPG
DSC_1032.JPG,Hippotragini raw,Hippotragini raw/images/Extant/Hippotragini/Hippotragus/niger/LM2/DSC_1032.JPG
DSC_1033.JPG,Hippotragini raw,Hippotragini raw/images/Extant/Hippotragini/Hippotragus/niger/LM1/DSC_1033.JPG
DSC_1036.JPG,Hippotragini raw,Hippotragini raw/images/Extant/Hippotragini/Hippotragus/niger/LM3/DSC_1036.JPG
DSC_1037.JPG,Hippotragini raw,Hippotragini raw/images/Extant/Hippotragini/Hippotragus/niger/LM2/DSC_1037.JPG
DSC_1038.JPG,Hippotragini raw,Hippotragini raw/images/Extant/Hippotragini/Hippotragus/niger/LM1/DSC_1038.JPG
DSC_1041.JPG,Hippotragini raw,Hippotragini raw/images/Extant/Hippotragini/Hippotragus/niger/LM3/DSC_1041.JPG
DSC_1042.JPG,Hippotragini raw,Hippotragini raw/images/Extant/Hippotragini/Hippotragus/niger/LM2/DSC_1042.JPG
DSC_1043.JPG,Hippotragini raw,Hippotragini raw/images/Extant/Hippotragini/Hippotragus/niger/LM1/DSC_1043.JPG
DSC_1046.JPG,Hippotragini raw,Hippotragini raw/images/Extant/Hippotragini/Hippotragus/niger/LM3/DSC_1046.JPG
DSC_1047.JPG,Hippotragini raw,Hippotragini raw/images/Extant/Hippotragini/Hippotragus/niger/LM2/DSC_1047.JPG
DSC_1048.JPG,Hippotragini raw,Hippotragini raw/images/Extant/Hippotragini/Hippotragus/niger/LM1/DSC_1048.JPG
DSC_1050.JPG,Hippotragini raw,Hippotragini raw/images/Extant/Hippotragini/Hippotragus/niger/LM3/DSC_1050.JPG
DSC_1051.JPG,Hippotragini raw,Hippotragini raw/images/Extant/Hippotragini/Hippotragus/niger/LM2/DSC_1051.JPG
DSC_1052.JPG,Hippotragini raw,Hippotragini raw/images/Extant/Hippotragini/Hippotragus/niger/LM1/DSC_1052.JPG
DSC_1055.JPG,Hippotragini raw,Hippotragini raw/images/Extant/Hippotragini/Hippotragus/niger/LM3/DSC_1055.JPG
DSC_1056.JPG,Hippotragini raw,Hippotragini raw/images/Extant/Hippotragini/Hippotragus/niger/LM2/DSC_1056.JPG
DSC_1057.JPG,Hippotragini raw,Hippotragini raw/images/Extant/Hippotragini/Hippotragus/niger/LM1/DSC_1057.JPG
DSC_1061.JPG,Hippotragini raw,Hippotragini raw/images/Extant/Hippotragini/Hippotragus/niger/LM3/DSC_1061.JPG
DSC_1062.JPG,Hippotragini raw,Hippotragini raw/images/Extant/Hippotragini/Hippotragus/niger/LM2/DSC_1062.JPG
DSC_1063.JPG,Hippotragini raw,Hippotragini raw/images/Extant/Hippotragini/Hippotragus/niger/LM1/DSC_1063.JPG
DSC_1066.JPG,Hippotragini raw,Hippotragini raw/images/Extant/Hippotragini/Hippotragus/niger/LM3/DSC_1066.JPG
DSC_1067.JPG,Hippotragini raw,Hippotragini raw/images/Extant/Hippotragini/Hippotragus/niger/LM2/DSC_1067.JPG
DSC_1068.JPG,Hippotragini raw,Hippotragini raw/images/Extant/Hippotragini/Hippotragus/niger/LM1/DSC_1068.JPG
DSC_1071.JPG,Hippotragini raw,Hippotragini raw/images/Extant/Hippotragini/Hippotragus/niger/LM3/DSC_1071.JPG
DSC_1072.JPG,Hippotragini raw,Hippotragini raw/images/Extant/Hippotragini/Hippotragus/niger/LM2/DSC_1072.JPG
DSC_1073.JPG,Hippotragini raw,Hippotragini raw/images/Extant/Hippotragini/Hippotragus/niger/LM1/DSC_1073.JPG
IMG_0649.JPG,Neotragini raw,Neotragini raw/images/Extant/Neotragini/Pelea/capreolus/UM3/IMG_0649.JPG
IMG_0651.JPG,Neotragini raw,Neotragini raw/images/Extant/Neotragini/Pelea/capreolus/UM2/IMG_0651.JPG
IMG_0654.JPG,Neotragini raw,Neotragini raw/images/Extant/Neotragini/Pelea/capreolus/UM1/IMG_0654.JPG
IMG_0664.JPG,Neotragini raw,Neotragini raw/images/Extant/Neotragini/Pelea/capreolus/UM3/IMG_0664.JPG
IMG_0671.JPG,Neotragini raw,Neotragini raw/images/Extant/Neotragini/Pelea/capreolus/UM2/IMG_0671.JPG
IMG_0672.JPG,Neotragini raw,Neotragini raw/images/Extant/Neotragini/Pelea/capreolus/UM1/IMG_0672.JPG
IMG_0684.JPG,Neotragini raw,Neotragini raw/images/Extant/Neotragini/Pelea/capreolus/UM3/IMG_0684.JPG
IMG_0685.JPG,Neotragini raw,Neotragini raw/images/Extant/Neotragini/Pelea/capreolus/UM1/IMG_0685.JPG
IMG_0687.JPG,Neotragini raw,Neotragini raw/images/Extant/Neotragini/Pelea/capreolus/UM1/IMG_0687.JPG
IMG_0691.JPG,Neotragini raw,Neotragini raw/images/Extant/Neotragini/Pelea/capreolus/UM3/IMG_0691.JPG
IMG_0695.JPG,Neotragini raw,Neotragini raw/images/Extant/Neotragini/Pelea/capreolus/UM2/IMG_0695.JPG
IMG_0697.JPG,Neotragini raw,Neotragini raw/images/Extant/Neotragini/Pelea/capreolus/UM1/IMG_0697.JPG
IMG_0703.JPG,Neotragini raw,Neotragini raw/images/Extant/Neotragini/Pelea/capreolus/UM3/IMG_0703.JPG
IMG_0706.JPG,Neotragini raw,Neotragini raw/images/Extant/Neotragini/Pelea/capreolus/UM2/IMG_0706.JPG
IMG_0707.JPG,Neotragini raw,Neotragini raw/images/Extant/Neotragini/Pelea/capreolus/UM1/IMG_0707.JPG
IMG_0716.JPG,Neotragini raw,Neotragini raw/images/Extant/Neotragini/Pelea/capreolus/UM3/IMG_0716.JPG
IMG_0718.JPG,Neotragini raw,Neotragini raw/images/Extant/Neotragini/Pelea/capreolus/UM2/IMG_0718.JPG
IMG_0719.JPG,Neotragini raw,Neotragini raw/images/Extant/Neotragini/Pelea/capreolus/UM1/IMG_0719.JPG
IMG_0723.JPG,Neotragini raw,Neotragini raw/images/Extant/Neotragini/Pelea/capreolus/LM3/IMG_0723.JPG
IMG_0725.JPG,Neotragini raw,Neotragini raw/images/Extant/Neotragini/Pelea/capreolus/LM2/IMG_0725.JPG
IMG_0727.JPG,Neotragini raw,Neotragini raw/images/Extant/Neotragini/Pelea/capreolus/LM1/IMG_0727.JPG
IMG_0733.JPG,Neotragini raw,Neotragini raw/images/Extant/Neotragini/Pelea/capreolus/LM2/IMG_0733.JPG
IMG_0734.JPG,Neotragini raw,Neotragini raw/images/Extant/Neotragini/Pelea/capreolus/LM1/IMG_0734.JPG
IMG_0739.JPG,Neotragini raw,Neotragini raw/images/Extant/Neotragini/Pelea/capreolus/LM3/IMG_0739.JPG
IMG_0742.JPG,Neotragini raw,Neotragini raw/images/Extant/Neotragini/Pelea/capreolus/LM1/IMG_0742.JPG
IMG_0745.JPG,Neotragini raw,Neotragini raw/images/Extant/Neotragini/Pelea/capreolus/LM3/IMG_0745.JPG
IMG_0748.JPG,Neotragini raw,Neotragini raw/images/Extant/Neotragini/Pelea/capreolus/LM2/IMG_0748.JPG
IMG_0751.JPG,Neotragini raw,Neotragini raw/images/Extant/Neotragini/Pelea/capreolus/LM1/IMG_0751.JPG
IMG_0755.JPG,Neotragini raw,Neotragini raw/images/Extant/Neotragini/Pelea/capreolus/LM3/IMG_0755.JPG
IMG_0758.JPG,Neotragini raw,Neotragini raw/images/Extant/Neotragini/Pelea/capreolus/LM2/IMG_0758.JPG
IMG_0761.JPG,Neotragini raw,Neotragini raw/images/Extant/Neotragini/Pelea/capreolus/LM1/IMG_0761.JPG
IMG_0766.JPG,Neotragini raw,Neotragini raw/images/Extant/Neotragini/Pelea/capreolus/LM3/IMG_0766.JPG
IMG_0768.JPG,Neotragini raw,Neotragini raw/images/Extant/Neotragini/Pelea/capreolus/LM2/IMG_0768.JPG
IMG_0769.JPG,Neotragini raw,Neotragini raw/images/Extant/Neotragini/Pelea/capreolus/LM1/IMG_0769.JPG
IMG_0775.JPG,Neotragini raw,Neotragini raw/images/Extant/Neotragini/Pelea/capreolus/LM3/IMG_0775.JPG
IMG_0777.JPG,Neotragini raw,Neotragini raw/images/Extant/Neotragini/Pelea/capreolus/LM2/IMG_0777.JPG
IMG_0778.JPG,Neotragini raw,Neotragini raw/images/Extant/Neotragini/Pelea/capreolus/LM1/IMG_0778.JPG
IMG_0784.JPG,Neotragini raw,Neotragini raw/images/Extant/Neotragini/Pelea/capreolus/UM2/IMG_0784.JPG
IMG_0785.JPG,Neotragini raw,Neotragini raw/images/Extant/Neotragini/Pelea/capreolus/UM1/IMG_0785.JPG
IMG_0790.JPG,Neotragini raw,Neotragini raw/images/Extant/Neotragini/Pelea/capreolus/UM3/IMG_0790.JPG
IMG_0793.JPG,Neotragini raw,Neotragini raw/images/Extant/Neotragini/Pelea/capreolus/UM2/IMG_0793.JPG
IMG_0796.JPG,Neotragini raw,Neotragini raw/images/Extant/Neotragini/Pelea/capreolus/UM1/IMG_0796.JPG
IMG_0803.JPG,Neotragini raw,Neotragini raw/images/Extant/Neotragini/Pelea/capreolus/UM3/IMG_0803.JPG
IMG_0807.JPG,Neotragini raw,Neotragini raw/images/Extant/Neotragini/Pelea/capreolus/UM2/IMG_0807.JPG
IMG_0810.JPG,Neotragini raw,Neotragini raw/images/Extant/Neotragini/Pelea/capreolus/UM1/IMG_0810.JPG
IMG_0816.JPG,Neotragini raw,Neotragini raw/images/Extant/Neotragini/Pelea/capreolus/UM3/IMG_0816.JPG
IMG_0818.JPG,Neotragini raw,Neotragini raw/images/Extant/Neotragini/Pelea/capreolus/UM2/IMG_0818.JPG
IMG_0821.JPG,Neotragini raw,Neotragini raw/images/Extant/Neotragini/Pelea/capreolus/UM1/IMG_0821.JPG
IMG_0829.JPG,Neotragini raw,Neotragini raw/images/Extant/Neotragini/Pelea/capreolus/UM2/IMG_0829.JPG
IMG_0831.JPG,Neotragini raw,Neotragini raw/images/Extant/Neotragini/Pelea/capreolus/UM1/IMG_0831.JPG
IMG_0841.JPG,Neotragini raw,Neotragini raw/images/Extant/Neotragini/Pelea/capreolus/LM2/IMG_0841.JPG
IMG_0843.JPG,Neotragini raw,Neotragini raw/images/Extant/Neotragini/Pelea/capreolus/LM1/IMG_0843.JPG
IMG_0866.JPG,Neotragini raw,Neotragini raw/images/Extant/Neotragini/Pelea/capreolus/LM3/IMG_0866.JPG
IMG_0870.JPG,Neotragini raw,Neotragini raw/images/Extant/Neotragini/Pelea/capreolus/LM2/IMG_0870.JPG
IMG_0874.JPG,Neotragini raw,Neotragini raw/images/Extant/Neotragini/Pelea/capreolus/LM1/IMG_0874.JPG
IMG_0883.JPG,Neotragini raw,Neotragini raw/images/Extant/Neotragini/Pelea/capreolus/LM2/IMG_0883.JPG
IMG_0885.JPG,Neotragini raw,Neotragini raw/images/Extant/Neotragini/Pelea/capreolus/LM1/IMG_0885.JPG
IMG_0892.JPG,Neotragini raw,Neotragini raw/images/Extant/Neotragini/Ourebia/ourebi/UM3/IMG_0892.JPG
IMG_0898.JPG,Neotragini raw,Neotragini raw/images/Extant/Neotragini/Ourebia/ourebi/UM2/IMG_0898.JPG
IMG_0899.JPG,Neotragini raw,Neotragini raw/images/Extant/Neotragini/Ourebia/ourebi/UM1/IMG_0899.JPG
IMG_0904.JPG,Neotragini raw,Neotragini raw/images/Extant/Neotragini/Ourebia/ourebi/UM3/IMG_0904.JPG
IMG_0905.JPG,Neotragini raw,Neotragini raw/images/Extant/Neotragini/Ourebia/ourebi/UM2/IMG_0905.JPG
IMG_0914.JPG,Neotragini raw,Neotragini raw/images/Extant/Neotragini/Ourebia/ourebi/UM3/IMG_0914.JPG
IMG_0917.JPG,Neotragini raw,Neotragini raw/images/Extant/Neotragini/Ourebia/ourebi/UM2/IMG_0917.JPG
IMG_0918.JPG,Neotragini raw,Neotragini raw/images/Extant/Neotragini/Ourebia/ourebi/UM1/IMG_0918.JPG
IMG_0928.JPG,Neotragini raw,Neotragini raw/images/Extant/Neotragini/Ourebia/ourebi/UM3/IMG_0928.JPG
IMG_0932.JPG,Neotragini raw,Neotragini raw/images/Extant/Neotragini/Ourebia/ourebi/UM2/IMG_0932.JPG
IMG_0933.JPG,Neotragini raw,Neotragini raw/images/Extant/Neotragini/Ourebia/ourebi/UM1/IMG_0933.JPG
IMG_0941.JPG,Neotragini raw,Neotragini raw/images/Extant/Neotragini/Ourebia/ourebi/UM3/IMG_0941.JPG
IMG_0943.JPG,Neotragini raw,Neotragini raw/images/Extant/Neotragini/Ourebia/ourebi/UM2/IMG_0943.JPG
IMG_0944.JPG,Neotragini raw,Neotragini raw/images/Extant/Neotragini/Ourebia/ourebi/UM1/IMG_0944.JPG
IMG_0950.JPG,Neotragini raw,Neotragini raw/images/Extant/Neotragini/Ourebia/ourebi/UM3/IMG_0950.JPG
IMG_0951.JPG,Neotragini raw,Neotragini raw/images/Extant/Neotragini/Ourebia/ourebi/UM2/IMG_0951.JPG
IMG_0953.JPG,Neotragini raw,Neotragini raw/images/Extant/Neotragini/Ourebia/ourebi/UM1/IMG_0953.JPG
IMG_0960.JPG,Neotragini raw,Neotragini raw/images/Extant/Neotragini/Ourebia/ourebi/UM3/IMG_0960.JPG
IMG_0961.JPG,Neotragini raw,Neotragini raw/images/Extant/Neotragini/Ourebia/ourebi/UM2/IMG_0961.JPG
IMG_0962.JPG,Neotragini raw,Neotragini raw/images/Extant/Neotragini/Ourebia/ourebi/UM1/IMG_0962.JPG
IMG_0970.JPG,Neotragini raw,Neotragini raw/images/Extant/Neotragini/Ourebia/ourebi/UM3/IMG_0970.JPG
IMG_0973.JPG,Neotragini raw,Neotragini raw/images/Extant/Neotragini/Ourebia/ourebi/UM2/IMG_0973.JPG
IMG_0974.JPG,Neotragini raw,Neotragini raw/images/Extant/Neotragini/Ourebia/ourebi/UM1/IMG_0974.JPG
IMG_0978.JPG,Neotragini raw,Neotragini raw/images/Extant/Neotragini/Ourebia/ourebi/UM3/IMG_0978.JPG
IMG_0979.JPG,Neotragini raw,Neotragini raw/images/Extant/Neotragini/Ourebia/ourebi/UM2/IMG_0979.JPG
IMG_0980.JPG,Neotragini raw,Neotragini raw/images/Extant/Neotragini/Ourebia/ourebi/UM1/IMG_0980.JPG
IMG_1001.JPG,Neotragini raw,Neotragini raw/images/Extant/Neotragini/Ourebia/ourebi/UM2/IMG_1001.JPG
IMG_1003.JPG,Neotragini raw,Neotragini raw/images/Extant/Neotragini/Ourebia/ourebi/UM1/IMG_1003.JPG
IMG_1009.JPG,Neotragini raw,Neotragini raw/images/Extant/Neotragini/Ourebia/ourebi/UM3/IMG_1009.JPG
IMG_1010.JPG,Neotragini raw,Neotragini raw/images/Extant/Neotragini/Ourebia/ourebi/UM2/IMG_1010.JPG
IMG_1012.JPG,Neotragini raw,Neotragini raw/images/Extant/Neotragini/Ourebia/ourebi/UM1/IMG_1012.JPG
IMG_1018.JPG,Neotragini raw,Neotragini raw/images/Extant/Neotragini/Ourebia/ourebi/UM3/IMG_1018.JPG
IMG_1019.JPG,Neotragini raw,Neotragini raw/images/Extant/Neotragini/Ourebia/ourebi/UM2/IMG_1019.JPG
IMG_1021.JPG,Neotragini raw,Neotragini raw/images/Extant/Neotragini/Ourebia/ourebi/UM1/IMG_1021.JPG
IMG_1028.JPG,Neotragini raw,Neotragini raw/images/Extant/Neotragini/Ourebia/ourebi/UM3/IMG_1028.JPG
IMG_1029.JPG,Neotragini raw,Neotragini raw/images/Extant/Neotragini/Ourebia/ourebi/UM2/IMG_1029.JPG
IMG_1032.JPG,Neotragini raw,Neotragini raw/images/Extant/Neotragini/Ourebia/ourebi/UM1/IMG_1032.JPG
IMG_1062.JPG,Neotragini raw,Neotragini raw/images/Extant/Neotragini/Ourebia/ourebi/LM2/IMG_1062.JPG
IMG_1063.JPG,Neotragini raw,Neotragini raw/images/Extant/Neotragini/Ourebia/ourebi/LM1/IMG_1063.JPG
IMG_1072.JPG,Neotragini raw,Neotragini raw/images/Extant/Neotragini/Ourebia/ourebi/LM3/IMG_1072.JPG
IMG_1075.JPG,Neotragini raw,Neotragini raw/images/Extant/Neotragini/Ourebia/ourebi/LM2/IMG_1075.JPG
IMG_1079.JPG,Neotragini raw,Neotragini raw/images/Extant/Neotragini/Ourebia/ourebi/LM1/IMG_1079.JPG
IMG_1084.JPG,Neotragini raw,Neotragini raw/images/Extant/Neotragini/Ourebia/ourebi/LM3/IMG_1084.JPG
IMG_1085.JPG,Neotragini raw,Neotragini raw/images/Extant/Neotragini/Ourebia/ourebi/LM2/IMG_1085.JPG
IMG_1086.JPG,Neotragini raw,Neotragini raw/images/Extant/Neotragini/Ourebia/ourebi/LM1/IMG_1086.JPG
IMG_1092.JPG,Neotragini raw,Neotragini raw/images/Extant/Neotragini/Ourebia/ourebi/LM3/IMG_1092.JPG
IMG_1093.JPG,Neotragini raw,Neotragini raw/images/Extant/Neotragini/Ourebia/ourebi/LM2/IMG_1093.JPG
IMG_1094.JPG,Neotragini raw,Neotragini raw/images/Extant/Neotragini/Ourebia/ourebi/LM1/IMG_1094.JPG
IMG_1098.JPG,Neotragini raw,Neotragini raw/images/Extant/Neotragini/Ourebia/ourebi/LM3/IMG_1098.JPG
IMG_1102.JPG,Neotragini raw,Neotragini raw/images/Extant/Neotragini/Ourebia/ourebi/LM2/IMG_1102.JPG
IMG_1107.JPG,Neotragini raw,Neotragini raw/images/Extant/Neotragini/Ourebia/ourebi/LM1/IMG_1107.JPG
IMG_1110.JPG,Neotragini raw,Neotragini raw/images/Extant/Neotragini/Ourebia/ourebi/LM3/IMG_1110.JPG
IMG_1112.JPG,Neotragini raw,Neotragini raw/images/Extant/Neotragini/Ourebia/ourebi/LM2/IMG_1112.JPG
IMG_1115.JPG,Neotragini raw,Neotragini raw/images/Extant/Neotragini/Ourebia/ourebi/LM1/IMG_1115.JPG
IMG_1120.JPG,Neotragini raw,Neotragini raw/images/Extant/Neotragini/Ourebia/ourebi/LM3/IMG_1120.JPG
IMG_1122.JPG,Neotragini raw,Neotragini raw/images/Extant/Neotragini/Ourebia/ourebi/LM2/IMG_1122.JPG
IMG_1123.JPG,Neotragini raw,Neotragini raw/images/Extant/Neotragini/Ourebia/ourebi/LM1/IMG_1123.JPG
IMG_1129.JPG,Neotragini raw,Neotragini raw/images/Extant/Neotragini/Ourebia/ourebi/LM3/IMG_1129.JPG
IMG_1130.JPG,Neotragini raw,Neotragini raw/images/Extant/Neotragini/Ourebia/ourebi/LM2/IMG_1130.JPG
IMG_1131.JPG,Neotragini raw,Neotragini raw/images/Extant/Neotragini/Ourebia/ourebi/LM1/IMG_1131.JPG
IMG_1136.JPG,Neotragini raw,Neotragini raw/images/Extant/Neotragini/Ourebia/ourebi/LM3/IMG_1136.JPG
IMG_1137.JPG,Neotragini raw,Neotragini raw/images/Extant/Neotragini/Ourebia/ourebi/LM2/IMG_1137.JPG
IMG_1139.JPG,Neotragini raw,Neotragini raw/images/Extant/Neotragini/Ourebia/ourebi/LM1/IMG_1139.JPG
IMG_1145.JPG,Neotragini raw,Neotragini raw/images/Extant/Neotragini/Ourebia/ourebi/LM3/IMG_1145.JPG
IMG_1146.JPG,Neotragini raw,Neotragini raw/images/Extant/Neotragini/Ourebia/ourebi/LM2/IMG_1146.JPG
IMG_1147.JPG,Neotragini raw,Neotragini raw/images/Extant/Neotragini/Ourebia/ourebi/LM1/IMG_1147.JPG
IMG_1152.JPG,Neotragini raw,Neotragini raw/images/Extant/Neotragini/Ourebia/ourebi/UM3/IMG_1152.JPG
IMG_1153.JPG,Neotragini raw,Neotragini raw/images/Extant/Neotragini/Ourebia/ourebi/UM2/IMG_1153.JPG
IMG_1154.JPG,Neotragini raw,Neotragini raw/images/Extant/Neotragini/Ourebia/ourebi/UM1/IMG_1154.JPG
IMG_1158.JPG,Neotragini raw,Neotragini raw/images/Extant/Neotragini/Ourebia/ourebi/UM2/IMG_1158.JPG
IMG_1161.JPG,Neotragini raw,Neotragini raw/images/Extant/Neotragini/Ourebia/ourebi/UM1/IMG_1161.JPG
IMG_1164.JPG,Neotragini raw,Neotragini raw/images/Extant/Neotragini/Ourebia/ourebi/UM3/IMG_1164.JPG
IMG_1165.JPG,Neotragini raw,Neotragini raw/images/Extant/Neotragini/Ourebia/ourebi/UM2/IMG_1165.JPG
IMG_1167.JPG,Neotragini raw,Neotragini raw/images/Extant/Neotragini/Ourebia/ourebi/UM1/IMG_1167.JPG
IMG_1172.JPG,Neotragini raw,Neotragini raw/images/Extant/Neotragini/Ourebia/ourebi/UM3/IMG_1172.JPG
IMG_1173.JPG,Neotragini raw,Neotragini raw/images/Extant/Neotragini/Ourebia/ourebi/UM2/IMG_1173.JPG
IMG_1174.JPG,Neotragini raw,Neotragini raw/images/Extant/Neotragini/Ourebia/ourebi/UM1/IMG_1174.JPG
IMG_1177.JPG,Neotragini raw,Neotragini raw/images/Extant/Neotragini/Ourebia/ourebi/UM3/IMG_1177.JPG
IMG_1179.JPG,Neotragini raw,Neotragini raw/images/Extant/Neotragini/Ourebia/ourebi/UM2/IMG_1179.JPG
IMG_1180.JPG,Neotragini raw,Neotragini raw/images/Extant/Neotragini/Ourebia/ourebi/UM1/IMG_1180.JPG
IMG_1188.JPG,Neotragini raw,Neotragini raw/images/Extant/Neotragini/Ourebia/ourebi/UM3/IMG_1188.JPG
IMG_1190.JPG,Neotragini raw,Neotragini raw/images/Extant/Neotragini/Ourebia/ourebi/UM2/IMG_1190.JPG
IMG_1192.JPG,Neotragini raw,Neotragini raw/images/Extant/Neotragini/Ourebia/ourebi/UM1/IMG_1192.JPG
IMG_1197.JPG,Neotragini raw,Neotragini raw/images/Extant/Neotragini/Ourebia/ourebi/UM3/IMG_1197.JPG
IMG_1198.JPG,Neotragini raw,Neotragini raw/images/Extant/Neotragini/Ourebia/ourebi/UM2/IMG_1198.JPG
IMG_1199.JPG,Neotragini raw,Neotragini raw/images/Extant/Neotragini/Ourebia/ourebi/UM1/IMG_1199.JPG
IMG_1206.JPG,Neotragini raw,Neotragini raw/images/Extant/Neotragini/Oreotragus/oreotragus/UM3/IMG_1206.JPG
IMG_1207.JPG,Neotragini raw,Neotragini raw/images/Extant/Neotragini/Oreotragus/oreotragus/UM2/IMG_1207.JPG
IMG_1211.JPG,Neotragini raw,Neotragini raw/images/Extant/Neotragini/Oreotragus/oreotragus/UM1/IMG_1211.JPG
IMG_1222.JPG,Neotragini raw,Neotragini raw/images/Extant/Neotragini/Oreotragus/oreotragus/UM3/IMG_1222.JPG
IMG_1224.JPG,Neotragini raw,Neotragini raw/images/Extant/Neotragini/Oreotragus/oreotragus/UM2/IMG_1224.JPG
IMG_1225.JPG,Neotragini raw,Neotragini raw/images/Extant/Neotragini/Oreotragus/oreotragus/UM1/IMG_1225.JPG
IMG_1233.JPG,Neotragini raw,Neotragini raw/images/Extant/Neotragini/Oreotragus/oreotragus/UM3/IMG_1233.JPG
IMG_1234.JPG,Neotragini raw,Neotragini raw/images/Extant/Neotragini/Oreotragus/oreotragus/UM2/IMG_1234.JPG
IMG_1235.JPG,Neotragini raw,Neotragini raw/images/Extant/Neotragini/Oreotragus/oreotragus/UM1/IMG_1235.JPG
IMG_1239.JPG,Neotragini raw,Neotragini raw/images/Extant/Neotragini/Oreotragus/oreotragus/UM2/IMG_1239.JPG
IMG_1241.JPG,Neotragini raw,Neotragini raw/images/Extant/Neotragini/Oreotragus/oreotragus/UM1/IMG_1241.JPG
IMG_1244.JPG,Neotragini raw,Neotragini raw/images/Extant/Neotragini/Oreotragus/oreotragus/LM3/IMG_1244.JPG
IMG_1246.JPG,Neotragini raw,Neotragini raw/images/Extant/Neotragini/Oreotragus/oreotragus/LM2/IMG_1246.JPG
IMG_1247.JPG,Neotragini raw,Neotragini raw/images/Extant/Neotragini/Oreotragus/oreotragus/LM1/IMG_1247.JPG
IMG_1253.JPG,Neotragini raw,Neotragini raw/images/Extant/Neotragini/Oreotragus/oreotragus/LM3/IMG_1253.JPG
IMG_1254.JPG,Neotragini raw,Neotragini raw/images/Extant/Neotragini/Oreotragus/oreotragus/LM2/IMG_1254.JPG
IMG_1255.JPG,Neotragini raw,Neotragini raw/images/Extant/Neotragini/Oreotragus/oreotragus/LM1/IMG_1255.JPG
IMG_1264.JPG,Neotragini raw,Neotragini raw/images/Extant/Neotragini/Oreotragus/oreotragus/LM3/IMG_1264.JPG
IMG_1266.JPG,Neotragini raw,Neotragini raw/images/Extant/Neotragini/Oreotragus/oreotragus/LM2/IMG_1266.JPG
IMG_1268.JPG,Neotragini raw,Neotragini raw/images/Extant/Neotragini/Oreotragus/oreotragus/LM1/IMG_1268.JPG
IMG_1272.JPG,Neotragini raw,Neotragini raw/images/Extant/Neotragini/Oreotragus/oreotragus/LM2/IMG_1272.JPG
IMG_1273.JPG,Neotragini raw,Neotragini raw/images/Extant/Neotragini/Oreotragus/oreotragus/LM1/IMG_1273.JPG
IMG_1277.JPG,Neotragini raw,Neotragini raw/images/Extant/Neotragini/Oreotragus/oreotragus/LM3/IMG_1277.JPG
IMG_1278.JPG,Neotragini raw,Neotragini raw/images/Extant/Neotragini/Oreotragus/oreotragus/LM2/IMG_1278.JPG
IMG_1280.JPG,Neotragini raw,Neotragini raw/images/Extant/Neotragini/Oreotragus/oreotragus/LM1/IMG_1280.JPG
IMG_1286.JPG,Neotragini raw,Neotragini raw/images/Extant/Neotragini/Oreotragus/oreotragus/LM3/IMG_1286.JPG
IMG_1288.JPG,Neotragini raw,Neotragini raw/images/Extant/Neotragini/Oreotragus/oreotragus/LM2/IMG_1288.JPG
IMG_1290.JPG,Neotragini raw,Neotragini raw/images/Extant/Neotragini/Oreotragus/oreotragus/LM1/IMG_1290.JPG
IMG_1293.JPG,Neotragini raw,Neotragini raw/images/Extant/Neotragini/Oreotragus/oreotragus/UM3/IMG_1293.JPG
IMG_1295.JPG,Neotragini raw,Neotragini raw/images/Extant/Neotragini/Oreotragus/oreotragus/UM2/IMG_1295.JPG
IMG_1297.JPG,Neotragini raw,Neotragini raw/images/Extant/Neotragini/Oreotragus/oreotragus/UM1/IMG_1297.JPG
IMG_1302.JPG,Neotragini raw,Neotragini raw/images/Extant/Neotragini/Oreotragus/oreotragus/UM3/IMG_1302.JPG
IMG_1304.JPG,Neotragini raw,Neotragini raw/images/Extant/Neotragini/Oreotragus/oreotragus/UM2/IMG_1304.JPG
IMG_1305.JPG,Neotragini raw,Neotragini raw/images/Extant/Neotragini/Oreotragus/oreotragus/UM1/IMG_1305.JPG
IMG_1314.JPG,Neotragini raw,Neotragini raw/images/Extant/Neotragini/Oreotragus/oreotragus/LM3/IMG_1314.JPG
IMG_1315.JPG,Neotragini raw,Neotragini raw/images/Extant/Neotragini/Oreotragus/oreotragus/LM2/IMG_1315.JPG
IMG_1316.JPG,Neotragini raw,Neotragini raw/images/Extant/Neotragini/Oreotragus/oreotragus/LM1/IMG_1316.JPG
IMG_1322.JPG,Neotragini raw,Neotragini raw/images/Extant/Neotragini/Oreotragus/oreotragus/LM3/IMG_1322.JPG
IMG_1323.JPG,Neotragini raw,Neotragini raw/images/Extant/Neotragini/Oreotragus/oreotragus/LM2/IMG_1323.JPG
IMG_1326.JPG,Neotragini raw,Neotragini raw/images/Extant/Neotragini/Oreotragus/oreotragus/LM1/IMG_1326.JPG
IMG_1332.JPG,Neotragini raw,Neotragini raw/images/Extant/Neotragini/Oreotragus/oreotragus/LM3/IMG_1332.JPG
IMG_1334.JPG,Neotragini raw,Neotragini raw/images/Extant/Neotragini/Oreotragus/oreotragus/LM2/IMG_1334.JPG
IMG_1340.JPG,Neotragini raw,Neotragini raw/images/Extant/Neotragini/Oreotragus/oreotragus/UM3/IMG_1340.JPG
IMG_1341.JPG,Neotragini raw,Neotragini raw/images/Extant/Neotragini/Oreotragus/oreotragus/UM2/IMG_1341.JPG
IMG_1342.JPG,Neotragini raw,Neotragini raw/images/Extant/Neotragini/Oreotragus/oreotragus/UM1/IMG_1342.JPG
IMG_1345.JPG,Neotragini raw,Neotragini raw/images/Extant/Neotragini/Oreotragus/oreotragus/UM3/IMG_1345.JPG
IMG_1347.JPG,Neotragini raw,Neotragini raw/images/Extant/Neotragini/Oreotragus/oreotragus/UM2/IMG_1347.JPG
IMG_1348.JPG,Neotragini raw,Neotragini raw/images/Extant/Neotragini/Oreotragus/oreotragus/UM1/IMG_1348.JPG
IMG_1355.JPG,Neotragini raw,Neotragini raw/images/Extant/Neotragini/Oreotragus/oreotragus/LM3/IMG_1355.JPG
IMG_1359.JPG,Neotragini raw,Neotragini raw/images/Extant/Neotragini/Oreotragus/oreotragus/LM2/IMG_1359.JPG
IMG_1360.JPG,Neotragini raw,Neotragini raw/images/Extant/Neotragini/Oreotragus/oreotragus/LM1/IMG_1360.JPG
IMG_1365.JPG,Tragelaphini raw,Tragelaphini raw/images/Extant/Tragelaphini/Tragelaphus/scriptus/LM3/IMG_1365.JPG
IMG_1366.JPG,Tragelaphini raw,Tragelaphini raw/images/Extant/Tragelaphini/Tragelaphus/scriptus/LM2/IMG_1366.JPG
IMG_1367.JPG,Tragelaphini raw,Tragelaphini raw/images/Extant/Tragelaphini/Tragelaphus/scriptus/LM1/IMG_1367.JPG
IMG_1372.JPG,Tragelaphini raw,Tragelaphini raw/images/Extant/Tragelaphini/Tragelaphus/scriptus/LM3/IMG_1372.JPG
IMG_1373.JPG,Tragelaphini raw,Tragelaphini raw/images/Extant/Tragelaphini/Tragelaphus/scriptus/LM2/IMG_1373.JPG
IMG_1374.JPG,Tragelaphini raw,Tragelaphini raw/images/Extant/Tragelaphini/Tragelaphus/scriptus/LM1/IMG_1374.JPG
IMG_1375.JPG,Tragelaphini raw,Tragelaphini raw/images/Extant/Tragelaphini/Tragelaphus/scriptus/LM1/IMG_1375.JPG
IMG_1379.JPG,Tragelaphini raw,Tragelaphini raw/images/Extant/Tragelaphini/Tragelaphus/scriptus/LM2/IMG_1379.JPG
IMG_1382.JPG,Tragelaphini raw,Tragelaphini raw/images/Extant/Tragelaphini/Tragelaphus/scriptus/LM1/IMG_1382.JPG
IMG_1387.JPG,Tragelaphini raw,Tragelaphini raw/images/Extant/Tragelaphini/Tragelaphus/scriptus/LM2/IMG_1387.JPG
IMG_1388.JPG,Tragelaphini raw,Tragelaphini raw/images/Extant/Tragelaphini/Tragelaphus/scriptus/LM1/IMG_1388.JPG
IMG_1390.JPG,Tragelaphini raw,Tragelaphini raw/images/Extant/Tragelaphini/Tragelaphus/scriptus/LM3/IMG_1390.JPG
IMG_1391.JPG,Tragelaphini raw,Tragelaphini raw/images/Extant/Tragelaphini/Tragelaphus/scriptus/LM2/IMG_1391.JPG
IMG_1393.JPG,Tragelaphini raw,Tragelaphini raw/images/Extant/Tragelaphini/Tragelaphus/scriptus/LM1/IMG_1393.JPG
IMG_1398.JPG,Tragelaphini raw,Tragelaphini raw/images/Extant/Tragelaphini/Tragelaphus/scriptus/LM3/IMG_1398.JPG
IMG_1401.JPG,Tragelaphini raw,Tragelaphini raw/images/Extant/Tragelaphini/Tragelaphus/scriptus/LM2/IMG_1401.JPG
IMG_1403.JPG,Tragelaphini raw,Tragelaphini raw/images/Extant/Tragelaphini/Tragelaphus/scriptus/LM1/IMG_1403.JPG
IMG_1407.JPG,Tragelaphini raw,Tragelaphini raw/images/Extant/Tragelaphini/Tragelaphus/scriptus/LM2/IMG_1407.JPG
IMG_1413.JPG,Tragelaphini raw,Tragelaphini raw/images/Extant/Tragelaphini/Tragelaphus/scriptus/LM3/IMG_1413.JPG
IMG_1415.JPG,Tragelaphini raw,Tragelaphini raw/images/Extant/Tragelaphini/Tragelaphus/scriptus/LM2/IMG_1415.JPG
IMG_1417.JPG,Tragelaphini raw,Tragelaphini raw/images/Extant/Tragelaphini/Tragelaphus/scriptus/LM1/IMG_1417.JPG
IMG_1421.JPG,Tragelaphini raw,Tragelaphini raw/images/Extant/Tragelaphini/Tragelaphus/scriptus/LM3/IMG_1421.JPG
IMG_1424.JPG,Tragelaphini raw,Tragelaphini raw/images/Extant/Tragelaphini/Tragelaphus/scriptus/LM2/IMG_1424.JPG
IMG_1425.JPG,Tragelaphini raw,Tragelaphini raw/images/Extant/Tragelaphini/Tragelaphus/scriptus/LM1/IMG_1425.JPG
IMG_1446.JPG,Antilopini raw,Antilopini raw/images/Extant/Antilopini/Antidorcas/marsupialis/LM3/IMG_1446.JPG
IMG_1448.JPG,Antilopini raw,Antilopini raw/images/Extant/Antilopini/Antidorcas/marsupialis/LM2/IMG_1448.JPG
IMG_1450.JPG,Antilopini raw,Antilopini raw/images/Extant/Antilopini/Antidorcas/marsupialis/LM1/IMG_1450.JPG
IMG_1454.JPG,Antilopini raw,Antilopini raw/images/Extant/Antilopini/Antidorcas/marsupialis/LM1/IMG_1454.JPG
IMG_1456.JPG,Antilopini raw,Antilopini raw/images/Extant/Antilopini/Antidorcas/marsupialis/LM3/IMG_1456.JPG
IMG_1457.JPG,Antilopini raw,Antilopini raw/images/Extant/Antilopini/Antidorcas/marsupialis/LM2/IMG_1457.JPG
IMG_1459.JPG,Antilopini raw,Antilopini raw/images/Extant/Antilopini/Antidorcas/marsupialis/LM1/IMG_1459.JPG
IMG_1463.JPG,Antilopini raw,Antilopini raw/images/Extant/Antilopini/Antidorcas/marsupialis/LM3/IMG_1463.JPG
IMG_1465.JPG,Antilopini raw,Antilopini raw/images/Extant/Antilopini/Antidorcas/marsupialis/LM2/IMG_1465.JPG
IMG_1466.JPG,Antilopini raw,Antilopini raw/images/Extant/Antilopini/Antidorcas/marsupialis/LM1/IMG_1466.JPG
IMG_1471.JPG,Antilopini raw,Antilopini raw/images/Extant/Antilopini/Antidorcas/marsupialis/LM3/IMG_1471.JPG
IMG_1473.JPG,Antilopini raw,Antilopini raw/images/Extant/Antilopini/Antidorcas/marsupialis/LM2/IMG_1473.JPG
IMG_1475.JPG,Antilopini raw,Antilopini raw/images/Extant/Antilopini/Antidorcas/marsupialis/LM1/IMG_1475.JPG
IMG_1478.JPG,Antilopini raw,Antilopini raw/images/Extant/Antilopini/Antidorcas/marsupialis/LM3/IMG_1478.JPG
IMG_1480.JPG,Antilopini raw,Antilopini raw/images/Extant/Antilopini/Antidorcas/marsupialis/LM2/IMG_1480.JPG
IMG_1481.JPG,Antilopini raw,Antilopini raw/images/Extant/Antilopini/Antidorcas/marsupialis/LM1/IMG_1481.JPG
IMG_1486.JPG,Antilopini raw,Antilopini raw/images/Extant/Antilopini/Antidorcas/marsupialis/LM3/IMG_1486.JPG
IMG_1487.JPG,Antilopini raw,Antilopini raw/images/Extant/Antilopini/Antidorcas/marsupialis/LM2/IMG_1487.JPG
IMG_1490.JPG,Antilopini raw,Antilopini raw/images/Extant/Antilopini/Antidorcas/marsupialis/LM1/IMG_1490.JPG
IMG_1498.JPG,Hippotragini raw,Hippotragini raw/images/Extant/Hippotragini/Hippotragus/niger/LM3/IMG_1498.JPG
IMG_1501.JPG,Hippotragini raw,Hippotragini raw/images/Extant/Hippotragini/Hippotragus/niger/LM2/IMG_1501.JPG
IMG_1504.JPG,Hippotragini raw,Hippotragini raw/images/Extant/Hippotragini/Hippotragus/niger/LM1/IMG_1504.JPG
IMG_1516.JPG,Tragelaphini raw,Tragelaphini raw/images/Extant/Tragelaphini/Tragelaphus/strepsiceros/LM3/IMG_1516.JPG
IMG_1518.JPG,Tragelaphini raw,Tragelaphini raw/images/Extant/Tragelaphini/Tragelaphus/strepsiceros/LM2/IMG_1518.JPG
IMG_1519.JPG,Tragelaphini raw,Tragelaphini raw/images/Extant/Tragelaphini/Tragelaphus/strepsiceros/LM1/IMG_1519.JPG
IMG_4643.JPG,Neotragini raw,Neotragini raw/images/Extant/Neotragini/Oreotragus/oreotragus/UM2/IMG_4643.JPG
IMG_4644.JPG,Neotragini raw,Neotragini raw/images/Extant/Neotragini/Oreotragus/oreotragus/UM1/IMG_4644.JPG
IMG_4650.JPG,Neotragini raw,Neotragini raw/images/Extant/Neotragini/Oreotragus/oreotragus/UM3/IMG_4650.JPG
IMG_4653.JPG,Neotragini raw,Neotragini raw/images/Extant/Neotragini/Oreotragus/oreotragus/UM2/IMG_4653.JPG
IMG_4655.JPG,Neotragini raw,Neotragini raw/images/Extant/Neotragini/Oreotragus/oreotragus/UM1/IMG_4655.JPG
IMG_4659.JPG,Neotragini raw,Neotragini raw/images/Extant/Neotragini/Oreotragus/oreotragus/UM3/IMG_4659.JPG
IMG_4662.JPG,Neotragini raw,Neotragini raw/images/Extant/Neotragini/Oreotragus/oreotragus/UM2/IMG_4662.JPG
IMG_4665.JPG,Neotragini raw,Neotragini raw/images/Extant/Neotragini/Oreotragus/oreotragus/UM1/IMG_4665.JPG
IMG_4668.JPG,Neotragini raw,Neotragini raw/images/Extant/Neotragini/Oreotragus/oreotragus/UM1/IMG_4668.JPG
IMG_4671.JPG,Neotragini raw,Neotragini raw/images/Extant/Neotragini/Oreotragus/oreotragus/UM2/IMG_4671.JPG
IMG_4674.JPG,Neotragini raw,Neotragini raw/images/Extant/Neotragini/Oreotragus/oreotragus/UM3/IMG_4674.JPG
IMG_4679.JPG,Neotragini raw,Neotragini raw/images/Extant/Neotragini/Oreotragus/oreotragus/UM2/IMG_4679.JPG
IMG_4683.JPG,Neotragini raw,Neotragini raw/images/Extant/Neotragini/Oreotragus/oreotragus/UM1/IMG_4683.JPG
IMG_4686.JPG,Neotragini raw,Neotragini raw/images/Extant/Neotragini/Oreotragus/oreotragus/UM2/IMG_4686.JPG
IMG_4687.JPG,Neotragini raw,Neotragini raw/images/Extant/Neotragini/Oreotragus/oreotragus/UM3/IMG_4687.JPG
IMG_4690.JPG,Neotragini raw,Neotragini raw/images/Extant/Neotragini/Oreotragus/oreotragus/UM1/IMG_4690.JPG
IMG_4692.JPG,Neotragini raw,Neotragini raw/images/Extant/Neotragini/Oreotragus/oreotragus/UM2/IMG_4692.JPG
IMG_4695.JPG,Neotragini raw,Neotragini raw/images/Extant/Neotragini/Oreotragus/oreotragus/UM3/IMG_4695.JPG
IMG_4699.JPG,Neotragini raw,Neotragini raw/images/Extant/Neotragini/Oreotragus/oreotragus/UM1/IMG_4699.JPG
IMG_4701.JPG,Neotragini raw,Neotragini raw/images/Extant/Neotragini/Oreotragus/oreotragus/UM2/IMG_4701.JPG
IMG_4703.JPG,Neotragini raw,Neotragini raw/images/Extant/Neotragini/Oreotragus/oreotragus/UM3/IMG_4703.JPG
IMG_4707.JPG,Neotragini raw,Neotragini raw/images/Extant/Neotragini/Oreotragus/oreotragus/UM1/IMG_4707.JPG
IMG_4709.JPG,Neotragini raw,Neotragini raw/images/Extant/Neotragini/Oreotragus/oreotragus/UM2/IMG_4709.JPG
IMG_4710.JPG,Neotragini raw,Neotragini raw/images/Extant/Neotragini/Oreotragus/oreotragus/UM3/IMG_4710.JPG
IMG_4714.JPG,Neotragini raw,Neotragini raw/images/Extant/Neotragini/Oreotragus/oreotragus/UM1/IMG_4714.JPG
IMG_4716.JPG,Neotragini raw,Neotragini raw/images/Extant/Neotragini/Oreotragus/oreotragus/UM2/IMG_4716.JPG
IMG_4717.JPG,Neotragini raw,Neotragini raw/images/Extant/Neotragini/Oreotragus/oreotragus/UM3/IMG_4717.JPG
IMG_4721.JPG,Neotragini raw,Neotragini raw/images/Extant/Neotragini/Ourebia/ourebi/UM1/IMG_4721.JPG
IMG_4723.JPG,Neotragini raw,Neotragini raw/images/Extant/Neotragini/Ourebia/ourebi/UM2/IMG_4723.JPG
IMG_4726.JPG,Neotragini raw,Neotragini raw/images/Extant/Neotragini/Ourebia/ourebi/UM3/IMG_4726.JPG
IMG_4729.JPG,Neotragini raw,Neotragini raw/images/Extant/Neotragini/Ourebia/ourebi/UM3/IMG_4729.JPG
IMG_4730.JPG,Neotragini raw,Neotragini raw/images/Extant/Neotragini/Ourebia/ourebi/UM2/IMG_4730.JPG
IMG_4731.JPG,Neotragini raw,Neotragini raw/images/Extant/Neotragini/Ourebia/ourebi/UM1/IMG_4731.JPG
IMG_4736.JPG,Neotragini raw,Neotragini raw/images/Extant/Neotragini/Ourebia/ourebi/UM1/IMG_4736.JPG
IMG_4737.JPG,Neotragini raw,Neotragini raw/images/Extant/Neotragini/Ourebia/ourebi/UM2/IMG_4737.JPG
IMG_4738.JPG,Neotragini raw,Neotragini raw/images/Extant/Neotragini/Ourebia/ourebi/UM3/IMG_4738.JPG
IMG_4741.JPG,Neotragini raw,Neotragini raw/images/Extant/Neotragini/Ourebia/ourebi/UM1/IMG_4741.JPG
IMG_4742.JPG,Neotragini raw,Neotragini raw/images/Extant/Neotragini/Ourebia/ourebi/UM2/IMG_4742.JPG
IMG_4743.JPG,Neotragini raw,Neotragini raw/images/Extant/Neotragini/Ourebia/ourebi/UM3/IMG_4743.JPG
IMG_4745.JPG,Neotragini raw,Neotragini raw/images/Extant/Neotragini/Ourebia/ourebi/UM3/IMG_4745.JPG
IMG_4747.JPG,Neotragini raw,Neotragini raw/images/Extant/Neotragini/Ourebia/ourebi/UM2/IMG_4747.JPG
IMG_4748.JPG,Neotragini raw,Neotragini raw/images/Extant/Neotragini/Ourebia/ourebi/UM1/IMG_4748.JPG
IMG_4752.JPG,Neotragini raw,Neotragini raw/images/Extant/Neotragini/Ourebia/ourebi/UM3/IMG_4752.JPG
IMG_4754.JPG,Neotragini raw,Neotragini raw/images/Extant/Neotragini/Ourebia/ourebi/UM2/IMG_4754.JPG
IMG_4755.JPG,Neotragini raw,Neotragini raw/images/Extant/Neotragini/Ourebia/ourebi/UM1/IMG_4755.JPG
IMG_4758.JPG,Neotragini raw,Neotragini raw/images/Extant/Neotragini/Ourebia/ourebi/UM3/IMG_4758.JPG
IMG_4759.JPG,Neotragini raw,Neotragini raw/images/Extant/Neotragini/Ourebia/ourebi/UM2/IMG_4759.JPG
IMG_4761.JPG,Neotragini raw,Neotragini raw/images/Extant/Neotragini/Ourebia/ourebi/UM1/IMG_4761.JPG
IMG_4764.JPG,Neotragini raw,Neotragini raw/images/Extant/Neotragini/Ourebia/ourebi/UM3/IMG_4764.JPG
IMG_4765.JPG,Neotragini raw,Neotragini raw/images/Extant/Neotragini/Ourebia/ourebi/UM2/IMG_4765.JPG
IMG_4766.JPG,Neotragini raw,Neotragini raw/images/Extant/Neotragini/Ourebia/ourebi/UM1/IMG_4766.JPG
IMG_4770.JPG,Neotragini raw,Neotragini raw/images/Extant/Neotragini/Ourebia/ourebi/UM3/IMG_4770.JPG
IMG_4771.JPG,Neotragini raw,Neotragini raw/images/Extant/Neotragini/Ourebia/ourebi/UM2/IMG_4771.JPG
IMG_4772.JPG,Neotragini raw,Neotragini raw/images/Extant/Neotragini/Ourebia/ourebi/UM1/IMG_4772.JPG
IMG_4776.JPG,Neotragini raw,Neotragini raw/images/Extant/Neotragini/Ourebia/ourebi/UM3/IMG_4776.JPG
IMG_4777.JPG,Neotragini raw,Neotragini raw/images/Extant/Neotragini/Ourebia/ourebi/UM2/IMG_4777.JPG
IMG_4778.JPG,Neotragini raw,Neotragini raw/images/Extant/Neotragini/Ourebia/ourebi/UM1/IMG_4778.JPG
IMG_4781.JPG,Neotragini raw,Neotragini raw/images/Extant/Neotragini/Ourebia/ourebi/UM3/IMG_4781.JPG
IMG_4782.JPG,Neotragini raw,Neotragini raw/images/Extant/Neotragini/Ourebia/ourebi/UM2/IMG_4782.JPG
IMG_4783.JPG,Neotragini raw,Neotragini raw/images/Extant/Neotragini/Ourebia/ourebi/UM1/IMG_4783.JPG
IMG_4787.JPG,Neotragini raw,Neotragini raw/images/Extant/Neotragini/Ourebia/ourebi/UM3/IMG_4787.JPG
IMG_4788.JPG,Neotragini raw,Neotragini raw/images/Extant/Neotragini/Ourebia/ourebi/UM2/IMG_4788.JPG
IMG_4789.JPG,Neotragini raw,Neotragini raw/images/Extant/Neotragini/Ourebia/ourebi/UM1/IMG_4789.JPG
IMG_4795.JPG,Neotragini raw,Neotragini raw/images/Extant/Neotragini/Ourebia/ourebi/UM3/IMG_4795.JPG
IMG_4796.JPG,Neotragini raw,Neotragini raw/images/Extant/Neotragini/Ourebia/ourebi/UM2/IMG_4796.JPG
IMG_4798.JPG,Neotragini raw,Neotragini raw/images/Extant/Neotragini/Ourebia/ourebi/UM1/IMG_4798.JPG
IMG_4802.JPG,Neotragini raw,Neotragini raw/images/Extant/Neotragini/Oreotragus/oreotragus/LM2/IMG_4802.JPG
IMG_4803.JPG,Neotragini raw,Neotragini raw/images/Extant/Neotragini/Oreotragus/oreotragus/LM1/IMG_4803.JPG
IMG_4811.JPG,Neotragini raw,Neotragini raw/images/Extant/Neotragini/Oreotragus/oreotragus/LM3/IMG_4811.JPG
IMG_4814.JPG,Neotragini raw,Neotragini raw/images/Extant/Neotragini/Oreotragus/oreotragus/LM2/IMG_4814.JPG
IMG_4816.JPG,Neotragini raw,Neotragini raw/images/Extant/Neotragini/Oreotragus/oreotragus/LM1/IMG_4816.JPG
IMG_4821.JPG,Neotragini raw,Neotragini raw/images/Extant/Neotragini/Oreotragus/oreotragus/LM3/IMG_4821.JPG
IMG_4822.JPG,Neotragini raw,Neotragini raw/images/Extant/Neotragini/Oreotragus/oreotragus/LM2/IMG_4822.JPG
IMG_4828.JPG,Neotragini raw,Neotragini raw/images/Extant/Neotragini/Oreotragus/oreotragus/LM1/IMG_4828.JPG
IMG_4830.JPG,Neotragini raw,Neotragini raw/images/Extant/Neotragini/Oreotragus/oreotragus/LM3/IMG_4830.JPG
IMG_4833.JPG,Neotragini raw,Neotragini raw/images/Extant/Neotragini/Oreotragus/oreotragus/LM2/IMG_4833.JPG
IMG_4835.JPG,Neotragini raw,Neotragini raw/images/Extant/Neotragini/Oreotragus/oreotragus/LM1/IMG_4835.JPG
IMG_4840.JPG,Neotragini raw,Neotragini raw/images/Extant/Neotragini/Oreotragus/oreotragus/LM3/IMG_4840.JPG
IMG_4842.JPG,Neotragini raw,Neotragini raw/images/Extant/Neotragini/Oreotragus/oreotragus/LM2/IMG_4842.JPG
IMG_4846.JPG,Neotragini raw,Neotragini raw/images/Extant/Neotragini/Oreotragus/oreotragus/LM1/IMG_4846.JPG
IMG_4851.JPG,Neotragini raw,Neotragini raw/images/Extant/Neotragini/Oreotragus/oreotragus/LM3/IMG_4851.JPG
IMG_4854.JPG,Neotragini raw,Neotragini raw/images/Extant/Neotragini/Oreotragus/oreotragus/LM2/IMG_4854.JPG
IMG_4857.JPG,Neotragini raw,Neotragini raw/images/Extant/Neotragini/Oreotragus/oreotragus/LM1/IMG_4857.JPG
IMG_4859.JPG,Neotragini raw,Neotragini raw/images/Extant/Neotragini/Oreotragus/oreotragus/LM3/IMG_4859.JPG
IMG_4863.JPG,Neotragini raw,Neotragini raw/images/Extant/Neotragini/Oreotragus/oreotragus/LM2/IMG_4863.JPG
IMG_4865.JPG,Neotragini raw,Neotragini raw/images/Extant/Neotragini/Oreotragus/oreotragus/LM1/IMG_4865.JPG
IMG_4872.JPG,Neotragini raw,Neotragini raw/images/Extant/Neotragini/Oreotragus/oreotragus/LM3/IMG_4872.JPG
IMG_4875.JPG,Neotragini raw,Neotragini raw/images/Extant/Neotragini/Oreotragus/oreotragus/LM2/IMG_4875.JPG
IMG_4877.JPG,Neotragini raw,Neotragini raw/images/Extant/Neotragini/Oreotragus/oreotragus/LM1/IMG_4877.JPG
IMG_4883.JPG,Neotragini raw,Neotragini raw/images/Extant/Neotragini/Oreotragus/oreotragus/LM3/IMG_4883.JPG
IMG_4887.JPG,Neotragini raw,Neotragini raw/images/Extant/Neotragini/Oreotragus/oreotragus/LM2/IMG_4887.JPG
IMG_4890.JPG,Neotragini raw,Neotragini raw/images/Extant/Neotragini/Oreotragus/oreotragus/LM1/IMG_4890.JPG
IMG_4894.JPG,Neotragini raw,Neotragini raw/images/Extant/Neotragini/Oreotragus/oreotragus/LM3/IMG_4894.JPG
IMG_4897.JPG,Neotragini raw,Neotragini raw/images/Extant/Neotragini/Oreotragus/oreotragus/LM2/IMG_4897.JPG
IMG_4904.JPG,Neotragini raw,Neotragini raw/images/Extant/Neotragini/Oreotragus/oreotragus/LM3/IMG_4904.JPG
IMG_4907.JPG,Neotragini raw,Neotragini raw/images/Extant/Neotragini/Oreotragus/oreotragus/LM2/IMG_4907.JPG
IMG_4909.JPG,Neotragini raw,Neotragini raw/images/Extant/Neotragini/Oreotragus/oreotragus/LM1/IMG_4909.JPG
IMG_4913.JPG,Neotragini raw,Neotragini raw/images/Extant/Neotragini/Oreotragus/oreotragus/LM3/IMG_4913.JPG
IMG_4915.JPG,Neotragini raw,Neotragini raw/images/Extant/Neotragini/Oreotragus/oreotragus/LM2/IMG_4915.JPG
IMG_4918.JPG,Neotragini raw,Neotragini raw/images/Extant/Neotragini/Oreotragus/oreotragus/LM1/IMG_4918.JPG
IMG_4922.JPG,Neotragini raw,Neotragini raw/images/Extant/Neotragini/Oreotragus/oreotragus/LM3/IMG_4922.JPG
IMG_4924.JPG,Neotragini raw,Neotragini raw/images/Extant/Neotragini/Oreotragus/oreotragus/LM2/IMG_4924.JPG
IMG_4927.JPG,Neotragini raw,Neotragini raw/images/Extant/Neotragini/Oreotragus/oreotragus/LM1/IMG_4927.JPG
IMG_4930.JPG,Neotragini raw,Neotragini raw/images/Extant/Neotragini/Oreotragus/oreotragus/LM3/IMG_4930.JPG
IMG_4934.JPG,Neotragini raw,Neotragini raw/images/Extant/Neotragini/Oreotragus/oreotragus/LM2/IMG_4934.JPG
IMG_4936.JPG,Neotragini raw,Neotragini raw/images/Extant/Neotragini/Oreotragus/oreotragus/LM1/IMG_4936.JPG
IMG_4939.JPG,Neotragini raw,Neotragini raw/images/Extant/Neotragini/Oreotragus/oreotragus/LM3/IMG_4939.JPG
IMG_4942.JPG,Neotragini raw,Neotragini raw/images/Extant/Neotragini/Oreotragus/oreotragus/LM2/IMG_4942.JPG
IMG_4948.JPG,Neotragini raw,Neotragini raw/images/Extant/Neotragini/Oreotragus/oreotragus/UM3/IMG_4948.JPG
IMG_4951.JPG,Neotragini raw,Neotragini raw/images/Extant/Neotragini/Oreotragus/oreotragus/UM2/IMG_4951.JPG
IMG_4955.JPG,Neotragini raw,Neotragini raw/images/Extant/Neotragini/Oreotragus/oreotragus/UM3/IMG_4955.JPG
IMG_4959.JPG,Neotragini raw,Neotragini raw/images/Extant/Neotragini/Oreotragus/oreotragus/UM2/IMG_4959.JPG
IMG_4961.JPG,Neotragini raw,Neotragini raw/images/Extant/Neotragini/Oreotragus/oreotragus/UM1/IMG_4961.JPG
IMG_4964.JPG,Neotragini raw,Neotragini raw/images/Extant/Neotragini/Oreotragus/oreotragus/UM3/IMG_4964.JPG
IMG_4966.JPG,Neotragini raw,Neotragini raw/images/Extant/Neotragini/Oreotragus/oreotragus/UM2/IMG_4966.JPG
IMG_4970.JPG,Neotragini raw,Neotragini raw/images/Extant/Neotragini/Oreotragus/oreotragus/UM3/IMG_4970.JPG
IMG_4972.JPG,Neotragini raw,Neotragini raw/images/Extant/Neotragini/Oreotragus/oreotragus/UM2/IMG_4972.JPG
IMG_4973.JPG,Neotragini raw,Neotragini raw/images/Extant/Neotragini/Oreotragus/oreotragus/UM1/IMG_4973.JPG
IMG_4974.JPG,Neotragini raw,Neotragini raw/images/Extant/Neotragini/Oreotragus/oreotragus/UM3/IMG_4974.JPG
IMG_4976.JPG,Neotragini raw,Neotragini raw/images/Extant/Neotragini/Oreotragus/oreotragus/UM2/IMG_4976.JPG
IMG_4979.JPG,Neotragini raw,Neotragini raw/images/Extant/Neotragini/Oreotragus/oreotragus/UM1/IMG_4979.JPG
IMG_4984.JPG,Neotragini raw,Neotragini raw/images/Extant/Neotragini/Oreotragus/oreotragus/UM3/IMG_4984.JPG
IMG_4985.JPG,Neotragini raw,Neotragini raw/images/Extant/Neotragini/Oreotragus/oreotragus/UM2/IMG_4985.JPG
IMG_4987.JPG,Neotragini raw,Neotragini raw/images/Extant/Neotragini/Oreotragus/oreotragus/UM1/IMG_4987.JPG
IMG_4989.JPG,Neotragini raw,Neotragini raw/images/Extant/Neotragini/Oreotragus/oreotragus/UM3/IMG_4989.JPG
IMG_4991.JPG,Neotragini raw,Neotragini raw/images/Extant/Neotragini/Oreotragus/oreotragus/UM2/IMG_4991.JPG
IMG_4993.JPG,Neotragini raw,Neotragini raw/images/Extant/Neotragini/Oreotragus/oreotragus/UM1/IMG_4993.JPG
IMG_4995.JPG,Neotragini raw,Neotragini raw/images/Extant/Neotragini/Oreotragus/oreotragus/UM3/IMG_4995.JPG
IMG_4998.JPG,Neotragini raw,Neotragini raw/images/Extant/Neotragini/Oreotragus/oreotragus/UM2/IMG_4998.JPG
IMG_5000.JPG,Neotragini raw,Neotragini raw/images/Extant/Neotragini/Oreotragus/oreotragus/UM1/IMG_5000.JPG
IMG_5003.JPG,Neotragini raw,Neotragini raw/images/Extant/Neotragini/Ourebia/ourebi/LM2/IMG_5003.JPG
IMG_5004.JPG,Neotragini raw,Neotragini raw/images/Extant/Neotragini/Ourebia/ourebi/LM3/IMG_5004.JPG
IMG_5007.JPG,Neotragini raw,Neotragini raw/images/Extant/Neotragini/Ourebia/ourebi/LM1/IMG_5007.JPG
IMG_5010.JPG,Neotragini raw,Neotragini raw/images/Extant/Neotragini/Ourebia/ourebi/LM3/IMG_5010.JPG
IMG_5011.JPG,Neotragini raw,Neotragini raw/images/Extant/Neotragini/Ourebia/ourebi/LM2/IMG_5011.JPG
IMG_5014.JPG,Neotragini raw,Neotragini raw/images/Extant/Neotragini/Ourebia/ourebi/LM1/IMG_5014.JPG
IMG_5020.JPG,Neotragini raw,Neotragini raw/images/Extant/Neotragini/Ourebia/ourebi/LM3/IMG_5020.JPG
IMG_5021.JPG,Neotragini raw,Neotragini raw/images/Extant/Neotragini/Ourebia/ourebi/LM2/IMG_5021.JPG
IMG_5023.JPG,Neotragini raw,Neotragini raw/images/Extant/Neotragini/Ourebia/ourebi/LM1/IMG_5023.JPG
IMG_5027.JPG,Neotragini raw,Neotragini raw/images/Extant/Neotragini/Ourebia/ourebi/LM3/IMG_5027.JPG
IMG_5029.JPG,Neotragini raw,Neotragini raw/images/Extant/Neotragini/Ourebia/ourebi/LM2/IMG_5029.JPG
IMG_5032.JPG,Neotragini raw,Neotragini raw/images/Extant/Neotragini/Ourebia/ourebi/LM1/IMG_5032.JPG
IMG_5035.JPG,Neotragini raw,Neotragini raw/images/Extant/Neotragini/Ourebia/ourebi/LM3/IMG_5035.JPG
IMG_5036.JPG,Neotragini raw,Neotragini raw/images/Extant/Neotragini/Ourebia/ourebi/LM2/IMG_5036.JPG
IMG_5039.JPG,Neotragini raw,Neotragini raw/images/Extant/Neotragini/Ourebia/ourebi/LM1/IMG_5039.JPG
IMG_5041.JPG,Neotragini raw,Neotragini raw/images/Extant/Neotragini/Ourebia/ourebi/LM3/IMG_5041.JPG
IMG_5044.JPG,Neotragini raw,Neotragini raw/images/Extant/Neotragini/Ourebia/ourebi/LM2/IMG_5044.JPG
IMG_5045.JPG,Neotragini raw,Neotragini raw/images/Extant/Neotragini/Ourebia/ourebi/LM1/IMG_5045.JPG
IMG_5049.JPG,Neotragini raw,Neotragini raw/images/Extant/Neotragini/Ourebia/ourebi/LM3/IMG_5049.JPG
IMG_5051.JPG,Neotragini raw,Neotragini raw/images/Extant/Neotragini/Ourebia/ourebi/LM2/IMG_5051.JPG
IMG_5053.JPG,Neotragini raw,Neotragini raw/images/Extant/Neotragini/Ourebia/ourebi/LM1/IMG_5053.JPG
IMG_5056.JPG,Neotragini raw,Neotragini raw/images/Extant/Neotragini/Ourebia/ourebi/LM3/IMG_5056.JPG
IMG_5058.JPG,Neotragini raw,Neotragini raw/images/Extant/Neotragini/Ourebia/ourebi/LM2/IMG_5058.JPG
IMG_5061.JPG,Neotragini raw,Neotragini raw/images/Extant/Neotragini/Ourebia/ourebi/LM1/IMG_5061.JPG
IMG_5066.JPG,Neotragini raw,Neotragini raw/images/Extant/Neotragini/Ourebia/ourebi/LM3/IMG_5066.JPG
IMG_5067.JPG,Neotragini raw,Neotragini raw/images/Extant/Neotragini/Ourebia/ourebi/LM2/IMG_5067.JPG
IMG_5069.JPG,Neotragini raw,Neotragini raw/images/Extant/Neotragini/Ourebia/ourebi/LM1/IMG_5069.JPG
IMG_5075.JPG,Neotragini raw,Neotragini raw/images/Extant/Neotragini/Ourebia/ourebi/LM3/IMG_5075.JPG
IMG_5077.JPG,Neotragini raw,Neotragini raw/images/Extant/Neotragini/Ourebia/ourebi/LM2/IMG_5077.JPG
IMG_5079.JPG,Neotragini raw,Neotragini raw/images/Extant/Neotragini/Ourebia/ourebi/LM1/IMG_5079.JPG
IMG_5084.JPG,Neotragini raw,Neotragini raw/images/Extant/Neotragini/Ourebia/ourebi/LM3/IMG_5084.JPG
IMG_5086.JPG,Neotragini raw,Neotragini raw/images/Extant/Neotragini/Ourebia/ourebi/LM2/IMG_5086.JPG
IMG_5087.JPG,Neotragini raw,Neotragini raw/images/Extant/Neotragini/Ourebia/ourebi/LM1/IMG_5087.JPG
IMG_5090.JPG,Neotragini raw,Neotragini raw/images/Extant/Neotragini/Ourebia/ourebi/LM3/IMG_5090.JPG
IMG_5092.JPG,Neotragini raw,Neotragini raw/images/Extant/Neotragini/Ourebia/ourebi/LM2/IMG_5092.JPG
IMG_5093.JPG,Neotragini raw,Neotragini raw/images/Extant/Neotragini/Ourebia/ourebi/LM1/IMG_5093.JPG
IMG_5099.JPG,Neotragini raw,Neotragini raw/images/Extant/Neotragini/Ourebia/ourebi/LM3/IMG_5099.JPG
IMG_5102.JPG,Neotragini raw,Neotragini raw/images/Extant/Neotragini/Ourebia/ourebi/LM2/IMG_5102.JPG
IMG_5104.JPG,Neotragini raw,Neotragini raw/images/Extant/Neotragini/Ourebia/ourebi/LM1/IMG_5104.JPG
IMG_5107.JPG,Neotragini raw,Neotragini raw/images/Extant/Neotragini/Ourebia/ourebi/LM3/IMG_5107.JPG
IMG_5109.JPG,Neotragini raw,Neotragini raw/images/Extant/Neotragini/Ourebia/ourebi/LM2/IMG_5109.JPG
IMG_5111.JPG,Neotragini raw,Neotragini raw/images/Extant/Neotragini/Ourebia/ourebi/LM1/IMG_5111.JPG
IMG_5115.JPG,Neotragini raw,Neotragini raw/images/Extant/Neotragini/Ourebia/ourebi/LM3/IMG_5115.JPG
IMG_5117.JPG,Neotragini raw,Neotragini raw/images/Extant/Neotragini/Ourebia/ourebi/LM2/IMG_5117.JPG
IMG_5118.JPG,Neotragini raw,Neotragini raw/images/Extant/Neotragini/Ourebia/ourebi/LM1/IMG_5118.JPG
IMG_5122.JPG,Neotragini raw,Neotragini raw/images/Extant/Neotragini/Ourebia/ourebi/LM2/IMG_5122.JPG
IMG_5125.JPG,Neotragini raw,Neotragini raw/images/Extant/Neotragini/Ourebia/ourebi/LM1/IMG_5125.JPG
IMG_5130.JPG,Neotragini raw,Neotragini raw/images/Extant/Neotragini/Ourebia/ourebi/LM1/IMG_5130.JPG
IMG_5131.JPG,Neotragini raw,Neotragini raw/images/Extant/Neotragini/Ourebia/ourebi/LM2/IMG_5131.JPG
IMG_5136.JPG,Neotragini raw,Neotragini raw/images/Extant/Neotragini/Ourebia/ourebi/LM3/IMG_5136.JPG
IMG_5137.JPG,Neotragini raw,Neotragini raw/images/Extant/Neotragini/Ourebia/ourebi/LM2/IMG_5137.JPG
IMG_5140.JPG,Neotragini raw,Neotragini raw/images/Extant/Neotragini/Ourebia/ourebi/LM1/IMG_5140.JPG
IMG_5144.JPG,Neotragini raw,Neotragini raw/images/Extant/Neotragini/Ourebia/ourebi/UM3/IMG_5144.JPG
IMG_5147.JPG,Neotragini raw,Neotragini raw/images/Extant/Neotragini/Ourebia/ourebi/UM2/IMG_5147.JPG
IMG_5148.JPG,Neotragini raw,Neotragini raw/images/Extant/Neotragini/Ourebia/ourebi/UM1/IMG_5148.JPG
IMG_5152.JPG,Neotragini raw,Neotragini raw/images/Extant/Neotragini/Ourebia/ourebi/UM3/IMG_5152.JPG
IMG_5153.JPG,Neotragini raw,Neotragini raw/images/Extant/Neotragini/Ourebia/ourebi/UM2/IMG_5153.JPG
IMG_5156.JPG,Neotragini raw,Neotragini raw/images/Extant/Neotragini/Ourebia/ourebi/UM1/IMG_5156.JPG
IMG_5160.JPG,Neotragini raw,Neotragini raw/images/Extant/Neotragini/Ourebia/ourebi/UM2/IMG_5160.JPG
IMG_5161.JPG,Neotragini raw,Neotragini raw/images/Extant/Neotragini/Ourebia/ourebi/UM1/IMG_5161.JPG
IMG_5168.JPG,Neotragini raw,Neotragini raw/images/Extant/Neotragini/Ourebia/ourebi/UM3/IMG_5168.JPG
IMG_5169.JPG,Neotragini raw,Neotragini raw/images/Extant/Neotragini/Ourebia/ourebi/UM2/IMG_5169.JPG
IMG_5170.JPG,Neotragini raw,Neotragini raw/images/Extant/Neotragini/Ourebia/ourebi/UM1/IMG_5170.JPG
IMG_5182.JPG,Neotragini raw,Neotragini raw/images/Extant/Neotragini/Ourebia/ourebi/UM3/IMG_5182.JPG
IMG_5184.JPG,Neotragini raw,Neotragini raw/images/Extant/Neotragini/Ourebia/ourebi/UM2/IMG_5184.JPG
IMG_5186.JPG,Neotragini raw,Neotragini raw/images/Extant/Neotragini/Ourebia/ourebi/UM1/IMG_5186.JPG
IMG_5189.JPG,Hippotragini raw,Hippotragini raw/images/Extant/Hippotragini/Hippotragus/niger/LM3/IMG_5189.JPG
IMG_5193.JPG,Hippotragini raw,Hippotragini raw/images/Extant/Hippotragini/Hippotragus/niger/LM2/IMG_5193.JPG
IMG_5195.JPG,Hippotragini raw,Hippotragini raw/images/Extant/Hippotragini/Hippotragus/niger/LM1/IMG_5195.JPG
IMG_5208.JPG,Hippotragini raw,Hippotragini raw/images/Extant/Hippotragini/Hippotragus/niger/LM1/IMG_5208.JPG
IMG_5209.JPG,Hippotragini raw,Hippotragini raw/images/Extant/Hippotragini/Hippotragus/niger/LM2/IMG_5209.JPG
IMG_5216.JPG,Hippotragini raw,Hippotragini raw/images/Extant/Hippotragini/Hippotragus/equinus/LM3/IMG_5216.JPG
IMG_5218.JPG,Hippotragini raw,Hippotragini raw/images/Extant/Hippotragini/Hippotragus/equinus/LM1/IMG_5218.JPG
IMG_5219.JPG,Hippotragini raw,Hippotragini raw/images/Extant/Hippotragini/Hippotragus/equinus/LM2/IMG_5219.JPG
IMG_5229.JPG,Hippotragini raw,Hippotragini raw/images/Extant/Hippotragini/Hippotragus/equinus/LM3/IMG_5229.JPG
IMG_5230.JPG,Hippotragini raw,Hippotragini raw/images/Extant/Hippotragini/Hippotragus/equinus/LM2/IMG_5230.JPG
IMG_5231.JPG,Hippotragini raw,Hippotragini raw/images/Extant/Hippotragini/Hippotragus/equinus/LM1/IMG_5231.JPG
IMG_5236.JPG,Hippotragini raw,Hippotragini raw/images/Extant/Hippotragini/Hippotragus/equinus/LM3/IMG_5236.JPG
IMG_5240.JPG,Hippotragini raw,Hippotragini raw/images/Extant/Hippotragini/Hippotragus/equinus/LM2/IMG_5240.JPG
IMG_5241.JPG,Hippotragini raw,Hippotragini raw/images/Extant/Hippotragini/Hippotragus/equinus/LM1/IMG_5241.JPG
IMG_5255.JPG,Hippotragini raw,Hippotragini raw/images/Extant/Hippotragini/Hippotragus/equinus/LM3/IMG_5255.JPG
IMG_5256.JPG,Hippotragini raw,Hippotragini raw/images/Extant/Hippotragini/Hippotragus/equinus/LM2/IMG_5256.JPG
IMG_5257.JPG,Hippotragini raw,Hippotragini raw/images/Extant/Hippotragini/Hippotragus/equinus/LM1/IMG_5257.JPG
IMG_5263.JPG,Hippotragini raw,Hippotragini raw/images/Extant/Hippotragini/Hippotragus/equinus/LM3/IMG_5263.JPG
IMG_5265.JPG,Hippotragini raw,Hippotragini raw/images/Extant/Hippotragini/Hippotragus/equinus/LM1/IMG_5265.JPG
IMG_5267.JPG,Hippotragini raw,Hippotragini raw/images/Extant/Hippotragini/Hippotragus/equinus/LM2/IMG_5267.JPG
IMG_5273.JPG,Hippotragini raw,Hippotragini raw/images/Extant/Hippotragini/Hippotragus/equinus/LM3/IMG_5273.JPG
IMG_5275.JPG,Hippotragini raw,Hippotragini raw/images/Extant/Hippotragini/Hippotragus/equinus/LM2/IMG_5275.JPG
IMG_5276.JPG,Hippotragini raw,Hippotragini raw/images/Extant/Hippotragini/Hippotragus/equinus/LM1/IMG_5276.JPG
IMG_5280.JPG,Hippotragini raw,Hippotragini raw/images/Extant/Hippotragini/Hippotragus/equinus/LM3/IMG_5280.JPG
IMG_5281.JPG,Hippotragini raw,Hippotragini raw/images/Extant/Hippotragini/Hippotragus/equinus/LM2/IMG_5281.JPG
IMG_5283.JPG,Hippotragini raw,Hippotragini raw/images/Extant/Hippotragini/Hippotragus/equinus/LM1/IMG_5283.JPG
IMG_5288.JPG,Hippotragini raw,Hippotragini raw/images/Extant/Hippotragini/Hippotragus/equinus/LM3/IMG_5288.JPG
IMG_5289.JPG,Hippotragini raw,Hippotragini raw/images/Extant/Hippotragini/Hippotragus/equinus/LM2/IMG_5289.JPG
IMG_5290.JPG,Hippotragini raw,Hippotragini raw/images/Extant/Hippotragini/Hippotragus/equinus/LM1/IMG_5290.JPG
IMG_5295.JPG,Hippotragini raw,Hippotragini raw/images/Extant/Hippotragini/Hippotragus/equinus/LM3/IMG_5295.JPG
IMG_5296.JPG,Hippotragini raw,Hippotragini raw/images/Extant/Hippotragini/Hippotragus/equinus/LM3/IMG_5296.JPG
IMG_5297.JPG,Hippotragini raw,Hippotragini raw/images/Extant/Hippotragini/Hippotragus/equinus/LM2/IMG_5297.JPG
IMG_5298.JPG,Hippotragini raw,Hippotragini raw/images/Extant/Hippotragini/Hippotragus/equinus/LM2/IMG_5298.JPG
IMG_5300.JPG,Hippotragini raw,Hippotragini raw/images/Extant/Hippotragini/Hippotragus/equinus/LM1/IMG_5300.JPG
